code_ouvrage;nom_ouvrage;code_alternatif;origine_code_alternatif;departement;code_insee;commune;lieu_dit;type_eau;longitude;latitude;precision_localisation;code_bss;code_zone_hydro;nom_zone_hydro;code_entite_hydro_cours_eau;code_bdlisa;libelle_bdlisa;date_debut_exploitation;date_fin_exploitation
OPR0000276722;Fonds Les Sources;ODP-0265;OEMAR;972;97201;AJOUPA-BOUILLON;;SOUT;-61.118605348598635;14.815980150865826;5;1168ZZ0046;;;;972AF01;Formations des andésites;;
OPR0000276724;Marc Cécile;ODP-0267;OEMAR;972;97201;AJOUPA-BOUILLON;;SOUT;-61.118605348598635;14.815980150865826;5;1168ZZ0047;;;;972AF01;Formations des andésites;;
OPR0000276725;Montagne Pelée 1 Pécoul FR3;ODP-0272;OEMAR;972;97201;AJOUPA-BOUILLON;;SOUT;-61.118605348598635;14.815980150865826;5;1168ZZ0051;;;;972AC05;Andésites de l'édifice initial du Mont Conil;;
OPR0000276726;Montagne Pelée 2;ODP-0294;OEMAR;972;97201;AJOUPA-BOUILLON;;SOUT;-61.118605348598635;14.815980150865826;5;1168ZZ0051;;;;972AC05;Andésites de l'édifice initial du Mont Conil;;
OPR0000276741;Rivière Ajoupa-Bouillon - EDEN SARL;ODP-0002;OEMAR;972;97201;AJOUPA-BOUILLON;;CONT;-67.48929156244186;0.0001335737882288881;1;;2115;;21150470;;;;
OPR0000276715;Demare;ODP-0264;OEMAR;972;97203;BASSE-POINTE;;SOUT;-61.11736704916713;14.840926344506983;5;1168ZZ0048;;;;972AC05;Andésites de l'édifice initial du Mont Conil;;
OPR0000276723;Louison;ODP-0263;OEMAR;972;97203;BASSE-POINTE;;SOUT;-61.11736704916713;14.840926344506983;5;1168ZZ0049;;;;972AC05;Andésites de l'édifice initial du Mont Conil;;
OPR0000639977;Rivière  Poquet Prise haute Leyritz;ODP-0396;OEMAR;972;97203;BASSE-POINTE;;CONT;-67.48929129208652;0.00013402325951336836;1;;2106;;21060400;;;;
OPR0000276743;Rivière Basse Pointe (canal Gradis);ODP-0007;OEMAR;972;97203;BASSE-POINTE;;CONT;-67.48929144077887;0.000134018533336521;1;;2105;;21050440;;;;
OPR0000639981;Rivière Basse Pointe (canal Gradis);ODP-0401;OEMAR;972;97203;BASSE-POINTE;;CONT;-67.48929144077887;0.000134018533336521;1;;2105;;21050440;;;;
OPR0000276742;Rivière Basse Pointe (prise haute  pompage);ODP-0006;OEMAR;972;97203;BASSE-POINTE;;CONT;-67.48929149229305;0.00013391769678162366;1;;2105;;21050440;;;;
OPR0000639978;Rivière Basse Pointe (prise haute  pompage);ODP-0397;OEMAR;972;97203;BASSE-POINTE;;CONT;-67.48929149229305;0.00013391769678162366;1;;2105;;21050440;;;;
OPR0000276751;Rivière Falaise (haut);ODP-0003;OEMAR;972;97203;BASSE-POINTE;;CONT;-67.48929153466013;0.00013405383512941026;1;;2104;;21040200;;;;
OPR0000639976;Rivière Falaise (haut);ODP-0395;OEMAR;972;97203;BASSE-POINTE;;CONT;-67.48929153466013;0.00013405383512941026;1;;2104;;21040200;;;;
OPR0000276748;Rivière Falaise bois neuf;ODP-0352;OEMAR;972;97203;BASSE-POINTE;;CONT;-67.48929139605553;0.000133751370615731;1;;2117;;21170290;;;;
OPR0000276746;Rivière Macouba (gravitaire);ODP-0010;OEMAR;972;97203;BASSE-POINTE;;CONT;-67.48929174601165;0.0001339618014491218;1;;2103;;21030480;;;;
OPR0000639980;Rivière Macouba (gravitaire);ODP-0400;OEMAR;972;97203;BASSE-POINTE;;CONT;-67.48929174601165;0.0001339618014491218;1;;2103;;21030480;;;;
OPR0000276749;Rivière Poquet (canal Pecoul-Chalvet);ODP-0004;OEMAR;972;97203;BASSE-POINTE;;CONT;-67.48929133014428;0.00013391361103742543;1;;2106;;21060400;;;;
OPR0000276750;Rivière Poquet (prise basse Etan / Eyma);ODP-0005;OEMAR;972;97203;BASSE-POINTE;;CONT;-67.48929145919853;0.000133847011992915;1;;2106;;21060400;;;;
OPR0000276747;Rivière Poquet (prise haute Leyritz);ODP-0278;OEMAR;972;97203;BASSE-POINTE;;CONT;-67.48929129208652;0.00013402325951336836;1;;2106;;21060400;;;;
OPR0000276744;Rivière Roche (gravitaire);ODP-0009;OEMAR;972;97203;BASSE-POINTE;;CONT;-67.48929154871679;0.00013411938790066667;1;;2104;;21040210;;;;
OPR0000639982;Rivière Roche (gravitaire);ODP-0405;OEMAR;972;97203;BASSE-POINTE;;CONT;-67.48929154871679;0.00013411938790066667;1;;2104;;21040210;;;;
OPR0000276745;Rivière Roche (prise basse);ODP-0008;OEMAR;972;97203;BASSE-POINTE;;CONT;-67.48929160481798;0.00013404811683649263;1;;2104;;21040210;;;;
OPR0000639979;Rivière Roche (prise basse);ODP-0399;OEMAR;972;97203;BASSE-POINTE;;CONT;-67.48929160481798;0.00013404811683649263;1;;2104;;21040210;;;;
OPR0000276809;Rivière du Cabet Aqualand;ODP-0109;OEMAR;972;97204;CARBET;;CONT;-67.48929182736802;0.00013273159558110825;1;;2322;;23221600;;;;
OPR0000276785;Rivière La Manche - EARL RIVIERE LA MANCHE;ODP-0104;OEMAR;972;97207;DUCOS;;CONT;-67.48929007264208;0.00013136318625508238;1;;2808;;28080350;;;;
OPR0000276786;Rivière La Manche - EARL RIVIERE LA MANCHE Hangar;ODP-B104;OEMAR;972;97207;DUCOS;;CONT;-67.48929002487272;0.00013120946013826462;1;;2803;;28030650;;;;
OPR0000276738;Yang Ting;ODP-0252;OEMAR;972;97208;FONDS-SAINT-DENIS;;SOUT;-61.107722352142325;14.72273962354209;5;1173ZZ0062;;;;972AF07;Hyaloclastites du Morne Jacob;;
OPR0000276728;Absalon 1;ODP-0261;OEMAR;972;97209;FORT-DE-FRANCE;;CONT;-61.07049743596134;14.649201432964205;5;;2301;;23010580;;;;
OPR0000276730;L'Or;ODP-0262;OEMAR;972;97209;FORT-DE-FRANCE;;CONT;-61.07049743596134;14.649201432964205;5;;2411;;24110650;;;;
OPR0000276810;Rivière Dumauzé SEMDD;ODP-0111;OEMAR;972;97209;FORT-DE-FRANCE;;CONT;-67.4892912149045;0.0001322393275526534;1;;2301;;23010580;;;;
OPR0000276811;Source Didier SEMDD;ODP-0112;OEMAR;972;97209;FORT-DE-FRANCE;;SOUT;-67.48929121553162;0.00013223890472452028;1;;;;;972AF07;Hyaloclastites du Morne Jacob;;
OPR0000276812;Source Mabelo SEMDD;ODP-0113;OEMAR;972;97209;FORT-DE-FRANCE;;SOUT;-67.48929121553162;0.00013223890472452028;1;;;;;972AF07;Hyaloclastites du Morne Jacob;;
OPR0000276719;Grand'Rivière;ODP-0268;OEMAR;972;97211;GRAND'RIVIERE;;CONT;-61.17984147677704;14.846996984898727;5;;2101;;21010860;;;;
OPR0000276716;Calvaire;ODP-0271;OEMAR;972;97212;GROS-MORNE;;CONT;-61.024570542369574;14.708455418650365;5;;2221;;22211630;;;;
OPR0000276718;Galion Bras Gommier;ODP-0270;OEMAR;972;97212;GROS-MORNE;;CONT;-61.024570542369574;14.708455418650365;5;;2221;;22211630;;;;
OPR0000276714;Lézarde;ODP-A250;OEMAR;972;97212;GROS-MORNE;;CONT;-61.024570542369574;14.708455418650365;5;;2503;;25031480;;;;
OPR0000276752;Rivière Lézarde - CONSEIL GENERAL;ODP-B250;OEMAR;972;97212;GROS-MORNE;;CONT;-67.48929058485463;0.00013259109207824343;1;;2503;;25031480;;;;
OPR0000276787;Source Affluent Petite Riviere Lézarde - SARL BAGATELLE;ODP-0107;OEMAR;972;97212;GROS-MORNE;;SOUT;-67.4892903544115;0.00013255622323980477;1;;;;;972AG17;Laves de Vert Pré et du François;;
OPR0000276788;Source Affluent Rivière du Galion - SARL BAGATELLE;ODP-0232;OEMAR;972;97212;GROS-MORNE;;SOUT;-67.4892902322109;0.0001327719665689061;1;;;;;972AG17;Laves de Vert Pré et du François;;
OPR0000276780;Petite rivière Lézarde - UNION SARL;ODP-0243;OEMAR;972;97213;LAMENTIN;;CONT;-67.48929015140962;0.00013194698293887613;1;;2523;;25330750;;;;
OPR0000276781;Petite rivière Lézarde - UNION SARL;ODP-0244;OEMAR;972;97213;LAMENTIN;;CONT;-67.48929014928184;0.00013188184505625534;1;;2523;;25330750;;;;
OPR0000276779;Rivière Bochette - UNION SARL;ODP-B035;OEMAR;972;97213;LAMENTIN;;CONT;-67.48929020327321;0.0001319432669494022;1;;2523;;25230130;;;;
OPR0000276796;Rivière Longvilliers Pont 1;ODP-0095;OEMAR;972;97213;LAMENTIN;;CONT;-67.4892903996901;0.0001319086054785453;1;;2402;;24020520;;;;
OPR0000276739;Rivière Lézarde - DESIRADE SARL;ODP-A001;OEMAR;972;97213;LAMENTIN;;CONT;-67.4892903333757;0.0001321636461881144;1;;2521;;25211480;;;;
OPR0000276740;Rivière Lézarde - HANGAR DESIRADE SARL;ODP-B001;OEMAR;972;97213;LAMENTIN;;CONT;-67.48929023975424;0.00013203838520835524;1;;2521;;25211480;;;;
OPR0000276760;Rivière Lézarde - Habitation BOCHET;ODP-A110;OEMAR;972;97213;LAMENTIN;;CONT;-67.48929034134922;0.00013225934169185753;1;;2521;;25211480;;;;
OPR0000276761;Rivière Lézarde - Habitation BOCHET;ODP-B110;OEMAR;972;97213;LAMENTIN;;CONT;-67.4892903333757;0.0001321636461881144;1;;2521;;25211480;;;;
OPR0000276772;Rivière Lézarde - SARL RIVIERE LEZARDE;ODP-0279;OEMAR;972;97213;LAMENTIN;;CONT;-67.48929022818818;0.00013197073994287593;1;;2521;;25211480;;;;
OPR0000567237;Rivière Lézarde - SARL RIVIERE LEZARDE;ODP-0117;OEMAR;972;97213;LAMENTIN;;CONT;-67.4892903333757;0.0001321636461881144;1;;2521;;25211480;;;;
OPR0000276776;Rivière Lézarde - SARL SOUDON;ODP-0032;OEMAR;972;97213;LAMENTIN;;CONT;-67.48929029839084;0.00013210823119129216;1;;2521;;25211480;;;;
OPR0000276777;Rivière Lézarde - SARL SOUDON Hangar;ODP-0033;OEMAR;972;97213;LAMENTIN;;CONT;-67.4892902897275;0.00013213727356108557;1;;2521;;25411480;;;;
OPR0000276782;Rivière Lézarde - UNION SARL;ODP-A035;OEMAR;972;97213;LAMENTIN;;CONT;-67.48929029907173;0.0001321061747750336;1;;2521;;25211480;;;;
OPR0000276759;Rivière Lézarde Hangar;ODP-C015;OEMAR;972;97213;LAMENTIN;;CONT;-67.48929034490592;0.00013221315350250818;1;;2521;;25211480;;;;
OPR0000276757;Rivière Lézarde N°1;ODP-A015;OEMAR;972;97213;LAMENTIN;;CONT;-67.48929023975424;0.00013203838520835524;1;;2521;;25211480;;;;
OPR0000276758;Rivière Lézarde N°2;ODP-B015;OEMAR;972;97213;LAMENTIN;;CONT;-67.48929034134922;0.00013225934169185753;1;;2521;;25211480;;;;
OPR0000276771;Rivière Lézarde SARl PETIT MORNE  P0;ODP-0118;OEMAR;972;97213;LAMENTIN;;CONT;-67.4892902178853;0.00013180601920849248;1;;2541;;25411480;;;;
OPR0000276768;Rivière Lézarde SARl PETIT MORNE  P1;ODP-0246;OEMAR;972;97213;LAMENTIN;;CONT;-67.48929020849629;0.00013184316097179013;1;;2541;;25411480;;;;
OPR0000276769;Rivière Lézarde SARl PETIT MORNE  P2;ODP-0247;OEMAR;972;97213;LAMENTIN;;CONT;-67.48929020767206;0.0001318465793127955;1;;2541;;25411480;;;;
OPR0000276770;Rivière Lézarde SARl PETIT MORNE  P3;ODP-0248;OEMAR;972;97213;LAMENTIN;;CONT;-67.48929020713452;0.00013184914983306164;1;;2523;;25230130;;;;
OPR0000276767;Rivière Morne Rouge - Jardiniers du nord;ODP-0025;OEMAR;972;97213;LAMENTIN;;CONT;-67.48929128017986;0.00013314620705479614;1;;2112;;21120552;;;;
OPR0000276817;Rivière lézarde;ODP-0031;OEMAR;972;97213;LAMENTIN;;CONT;-67.48929034490592;0.00013221315350250818;1;;2521;;25211480;;;;
OPR0000276713;Capot;ODP-0249;OEMAR;972;97214;LORRAIN;;CONT;-61.08087028159415;14.799495436620607;5;;2115;;21150560;;;;
OPR0000276720;Lorrain;ODP-0269;OEMAR;972;97214;LORRAIN;;CONT;-61.08087028159415;14.799495436620607;5;;2205;;22051300;;;;
OPR0000276762;N°19 Retenue Rivière Lorrain - Habitation ASSIER;ODP-A021;OEMAR;972;97214;LORRAIN;;CONT;-67.48929106124018;0.00013382064845081061;1;;2208;;22080120;;;;
OPR0000276763;N°20 Retenue Rivière Lorrain - Habitation ASSIER;ODP-B021;OEMAR;972;97214;LORRAIN;;CONT;-67.48929099287413;0.00013378255064876803;1;;2207;;22071200;;;;
OPR0000276818;Rivière Lézarde;ODP-0061;OEMAR;972;97214;LORRAIN;;CONT;-67.48929028981709;0.00013213736375475939;1;;2521;;25211480;;;;
OPR0000276764;Rivière claire - Hangar Habitation ASSIER;ODP-0283;OEMAR;972;97214;LORRAIN;;CONT;-67.48929106215398;0.00013378862067131892;1;;2208;;22080120;;;;
OPR0000276784;Rivière Roche - SCEA PREVILLE;ODP-0071;OEMAR;972;97215;MACOUBA;;CONT;-67.48929161530896;0.00013402672289129818;1;;2104;;21040210;;;;
OPR0000591074;Source Potiche;ODP-0360;OEMAR;972;97215;MACOUBA;;SOUT;-61.15284944092275;14.847460844106994;5;1166ZZ0020;;;;;;;
OPR0000276791;Source Rivière Roche -EARL LES SERRES DE PREVILLE 07203740;ODP-0351;OEMAR;972;97215;MACOUBA;;SOUT;-67.4892916708457;0.00013390741466798257;1;;;;;972AC05;Andésites de l'édifice initial du Mont Conil;;
OPR0000276795;Source Rivière Roche -EARL LES SERRES DE PREVILLE 07751018;ODP-D351;OEMAR;972;97215;MACOUBA;;SOUT;-67.4892916708457;0.00013390741466798257;1;;;;;972AC05;Andésites de l'édifice initial du Mont Conil;;
OPR0000276792;Source Rivière Roche -EARL LES SERRES DE PREVILLE 07751019;ODP-A351;OEMAR;972;97215;MACOUBA;;SOUT;-67.4892916708457;0.00013390741466798257;1;;;;;972AC05;Andésites de l'édifice initial du Mont Conil;;
OPR0000276794;Source Rivière Roche -EARL LES SERRES DE PREVILLE 07751020;ODP-C351;OEMAR;972;97215;MACOUBA;;SOUT;-67.4892916708457;0.00013390741466798257;1;;;;;972AC05;Andésites de l'édifice initial du Mont Conil;;
OPR0000276793;Source Rivière Roche -EARL LES SERRES DE PREVILLE 196553;ODP-B351;OEMAR;972;97215;MACOUBA;;SOUT;-67.4892916708457;0.00013390741466798257;1;;;;;972AC05;Andésites de l'édifice initial du Mont Conil;;
OPR0000276778;Rivière du Lorrain - PER LAGRANGE;ODP-0353;OEMAR;972;97216;MARIGOT;;CONT;-12.947114685336924;9.633179476124443;1;;;;;;;;
OPR0000276717;Essente;ODP-0275;OEMAR;972;97218;MORNE-ROUGE;;CONT;-61.12185325461485;14.769544323206384;5;;2328;;23280320;;;;
OPR0000276814;Lafort SOMES;ODP-0115;OEMAR;972;97218;MORNE-ROUGE;;SOUT;-67.48929144601344;0.00013308409063005628;1;;;;;972AF07;Hyaloclastites du Morne Jacob;;
OPR0000276813;Mont béni SOMES;ODP-0114;OEMAR;972;97218;MORNE-ROUGE;;SOUT;-67.48929144601344;0.00013308409063005628;1;;;;;972AF07;Hyaloclastites du Morne Jacob;;
OPR0000276737;Morestin;ODP-0256;OEMAR;972;97218;MORNE-ROUGE;;SOUT;-61.12185325461485;14.769544323206384;5;1168ZZ0053;;;;972AF07;Hyaloclastites du Morne Jacob;;
OPR0000276727;Piton Gelé;ODP-0274;OEMAR;972;97218;MORNE-ROUGE;;SOUT;-61.12185325461485;14.769544323206384;5;1173ZZ0065;;;;972AF07;Hyaloclastites du Morne Jacob;;
OPR0000276766;Rivière Calave - Jardin château Gaillard;ODP-0116;OEMAR;972;97218;MORNE-ROUGE;;CONT;-67.4892916093869;0.00013313941540947123;1;;2327;;23270130;;;;
OPR0000276736;Attila;ODP-0259;OEMAR;972;97233;MORNE-VERT;;SOUT;-61.13602598165926;14.704653003726108;5;1173ZZ0068;;;;972AF07;Hyaloclastites du Morne Jacob;;
OPR0000276734;Urion;ODP-0276;OEMAR;972;97233;MORNE-VERT;;CONT;-61.13602598165926;14.704653003726108;5;;2316;;23160850;;;;
OPR0000276735;Verrier;ODP-0257;OEMAR;972;97233;MORNE-VERT;;CONT;-61.13602598165926;14.704653003726108;5;;2316;;23160750;;;;
OPR0000276802;Rivière pilote;ODP-0228;OEMAR;972;97220;RIVIERE-PILOTE;;CONT;-67.48928955077186;0.00013085083207311541;1;;2812;;28120420;;;;
OPR0000276803;Rivière pilote;ODP-0229;OEMAR;972;97220;RIVIERE-PILOTE;;CONT;-67.48928955077186;0.00013085083207311541;1;;2812;;28120420;;;;
OPR0000276804;Rivière pilote;ODP-0230;OEMAR;972;97220;RIVIERE-PILOTE;;CONT;-67.48928955077186;0.00013085083207311541;1;;2812;;28120420;;;;
OPR0000493700;Source du Mont Vert -  ASA MONT VERT;ODP-0088;OEMAR;972;97222;ROBERT;;CONT;-67.4892900128052;0.00013251734982182542;1;;2226;;22260280;;;;
OPR0000639975;Source du Mont Vert -  ASA MONT VERT;ODP-0394;OEMAR;972;97222;ROBERT;;CONT;-67.4892900128052;0.00013251734982182542;1;;2226;;22260280;;;;
OPR0000276820;Source du Mont Vert -  ASA MONT VERT Hangar;ODP-B088;OEMAR;972;97222;ROBERT;;CONT;-67.4892900128052;0.00013251734982182542;1;;2226;;22260280;;;;
OPR0000276733;Blanche;ODP-0251;OEMAR;972;97224;SAINT-JOSEPH;;CONT;-61.04498912469492;14.68352270145589;5;;2512;;25121080;;;;
OPR0000276729;Blanche Bouliki;ODP-0260;OEMAR;972;97224;SAINT-JOSEPH;;CONT;-61.04498912469492;14.68352270145589;5;;2512;;25121080;;;;
OPR0000612760;Forage Bouliki;ODP-0372;OEMAR;972;97224;SAINT-JOSEPH;;SOUT;-61.04498912469492;14.68352270145589;5;BSS003IUOK;;;;;;;
OPR0000276822;Rivière Blanche - CHARMINE BANANIERE;ODP-B103;OEMAR;972;97224;SAINT-JOSEPH;;CONT;-67.48929053307162;0.00013235899666504065;1;;2514;;25141080;;;;
OPR0000493705;Rivière Blanche - CHARMINE BANANIERE;ODP-0103;OEMAR;972;97224;SAINT-JOSEPH;;CONT;-67.48929053307162;0.00013235899666504065;1;;2514;;25141080;;;;
OPR0000493763;Rivière Blanche - SIBAN GT - 41;ODP-0354;OEMAR;972;97224;SAINT-JOSEPH;;CONT;-67.48929052525939;0.00013235337759957534;1;;2514;;25141080;;;;
OPR0000493764;Rivière Blanche - SIBAN Station GT;ODP-0356;OEMAR;972;97224;SAINT-JOSEPH;;CONT;-67.48929052525939;0.00013235337759957534;1;;2514;;25141080;;;;
OPR0000493792;Rivière Blanche - SIBAN Station STA - 48;ODP-0355;OEMAR;972;97224;SAINT-JOSEPH;;CONT;-67.48929057041268;0.00013227536004941794;1;;2401;;24010520;;;;
OPR0000646024;Rivière Blanche - SIBAN Station STA - 48;ODP-B355;OEMAR;972;97224;SAINT-JOSEPH;;CONT;-67.48929057041268;0.00013227536004941794;1;;2401;;24010520;;;;
OPR0000276789;Rivière Lézarde - SARL LITTLE;ODP-0233;OEMAR;972;97224;SAINT-JOSEPH;;CONT;-67.48929039233485;0.00013232558894792881;1;;2514;;25141080;;;;
OPR0000276790;Rivière Lézarde - SARL LITTLE Hangar;ODP-B233;OEMAR;972;97224;SAINT-JOSEPH;;CONT;-67.48929035530733;0.00013231690330233194;1;;2521;;25211480;;;;
OPR0000276808;Captage;ODP-0175;OEMAR;972;97225;SAINT-PIERRE;;SOUT;-67.4892921660269;0.0001333398437248645;1;;;;;972AC05;Andésites de l'édifice initial du Mont Conil;;
OPR0000276805;Captage sur rivière Roxelane;ODP-0102;OEMAR;972;97225;SAINT-PIERRE;;CONT;-67.48929182266461;0.0001331508699689155;1;;2328;;23280480;;;;
OPR0000276721;Essente;ODP-0273;OEMAR;972;97225;SAINT-PIERRE;;SOUT;-61.17749932058234;14.771613979598781;5;1168ZZ0050;;;;972AF01;Formations des andésites;;
OPR0000276732;Pécoul FR1 bis;ODP-0255;OEMAR;972;97225;SAINT-PIERRE;;SOUT;-61.17749932058234;14.771613979598781;5;1167ZZ0042;;;;972AF07;Hyaloclastites du Morne Jacob;;
OPR0000276731;Pécoul FR8;ODP-0254;OEMAR;972;97225;SAINT-PIERRE;;SOUT;-61.17749932058234;14.771613979598781;5;1167ZZ0066/FR8;;;;972AF07;Hyaloclastites du Morne Jacob;;
OPR0000276806;Rivière  Saint-Pierre;ODP-0105;OEMAR;972;97225;SAINT-PIERRE;;CONT;-67.48929212568453;0.0001331731026578068;1;;2004;;20040430;;;;
OPR0000276798;Rivière LA DIGUE;ODP-A097;OEMAR;972;97225;SAINT-PIERRE;;CONT;-67.48929195844705;0.00013311940136556674;1;;2001;;20010300;;;;
OPR0000276799;Rivière LA DIGUE;ODP-B097;OEMAR;972;97225;SAINT-PIERRE;;CONT;-67.48929195844705;0.00013311940136556674;1;;2001;;20010300;;;;
OPR0000276800;Rivière LA DIGUE;ODP-C097;OEMAR;972;97225;SAINT-PIERRE;;CONT;-67.48929195844705;0.00013311940136556674;1;;2001;;20010300;;;;
OPR0000276765;Rivière Saint Pierre - Habitation PERINELLE;ODP-0023;OEMAR;972;97225;SAINT-PIERRE;;CONT;-67.48929196760315;0.00013311545088026767;1;;2001;;20010280;;;;
OPR0000567238;Rivière Saint Pierre - Habitation PERINELLE;ODP-B023;OEMAR;972;97225;SAINT-PIERRE;;CONT;-67.48929196760315;0.00013311545088026767;1;;2001;;20010280;;;;
OPR0000276753;Parcelle 3 Mornes;ODP-A096;OEMAR;972;97228;SAINTE-MARIE;;CONT;-67.48929038907394;0.00013318860727219733;1;;2212;;22121360;;;;
OPR0000276756;Parcelle Abricot 2;ODP-B011;OEMAR;972;97228;SAINTE-MARIE;;CONT;-67.4892904774812;0.00013297818537698683;1;;2221;;22211740;;;;
OPR0000276754;Parcelle CAFE 8;ODP-B096;OEMAR;972;97228;SAINTE-MARIE;;CONT;-67.48929038907394;0.00013318860727219733;1;;2212;;22121360;;;;
OPR0000276755;Parcelle Savane;ODP-A011;OEMAR;972;97228;SAINTE-MARIE;;CONT;-67.4892904774812;0.00013297818537698683;1;;2221;;22211740;;;;
OPR0000276797;Rivière Sainte Marie;ODP-0094;OEMAR;972;97228;SAINTE-MARIE;;CONT;-67.48929035650804;0.0001333321505359738;1;;2213;;22131360;;;;
OPR0000604674;Rivière de Sainte Marie - 3 Mornes;ODP-0361;OEMAR;972;97228;SAINTE-MARIE;;CONT;-67.48929047755287;0.00013297556344640292;1;;;;;;;;
OPR0000604675;Rivière de Sainte Marie - 3 Pointes;ODP-0362;OEMAR;972;97228;SAINTE-MARIE;;CONT;-67.48929061753711;0.00013304444163601522;1;;;;;;;;
OPR0000612759;Forage Schoelcher;ODP-0371;OEMAR;972;97229;SCHLCHER;;SOUT;-61.098797234810434;14.651844349564383;5;1177ZZ0178;;;;;;;
OPR0000276801;Canal Rivière du Galion;ODP-0098;OEMAR;972;97230;TRINITE;;CONT;-67.48929000240707;0.0001327788177237035;1;;2225;;22251012;;;;
OPR0000276807;Canal Rivière du Galion;ODP-0106;OEMAR;972;97230;TRINITE;;CONT;-67.48929000240707;0.0001327788177237035;1;;2225;;22251012;;;;
OPR0000276773;Rivière Trinité - BANANDES DU GALION;ODP-A029;OEMAR;972;97230;TRINITE;;CONT;-67.48928996023388;0.0001327068738325452;1;;2225;;22251790;;;;
OPR0000276815;Rivière Trinité - BANANDES DU GALION Hangar;ODP-B029;OEMAR;972;97230;TRINITE;;CONT;-67.48928996155084;0.00013270570131433218;1;;2225;;22251790;;;;
OPR0000276783;Rivière Trinité - EARL HORTICOLE;ODP-0046;OEMAR;972;97230;TRINITE;;CONT;-67.48929037976549;0.00013296985149794874;1;;2221;;22211790;;;;
OPR0000276774;Rivière du Galion - Banane du Malgre tout;ODP-0030;OEMAR;972;97230;TRINITE;;CONT;-67.48929006618289;0.00013271169015620086;1;;2223;;22231010;;;;
OPR0000276775;Rivière du Galion - Banane du Malgre tout Hangar;ODP-0231;OEMAR;972;97230;TRINITE;;CONT;-67.48929011818981;0.0001326703543784929;1;;2224;;22240330;;;;
