annee_reference;code_ouvrage;nom_ouvrage;departement;code_insee;commune;volume_m3;code_usage_bnpe;libelle_usage_bnpe;code_usage_declare;usage_declare;type_eau;longitude;latitude;precision_localisation;mode_obtention_volume;statut_volume;qualification_volume;code_bss;code_zone_hydro;nom_zone_hydro;code_entite_hydro_cours_eau;code_entite_hydro_plan_eau;code_bdlisa;libelle_bdlisa;date_debut_exploitation;date_fin_exploitation;source_file
2023;OPR0000276752;Rivière Lézarde - CONSEIL GENERAL;972;97212;GROS-MORNE;10555578;IRR;IRRIGATION;2;IRRIGATION;CONT;-67.48929058485463;0.00013259109207824343;1;EST;Contrôlé Niveau 1;Correcte;;2503;;25031480;;;;;;prelevements.csv
2023;OPR0000276733;Blanche;972;97224;SAINT-JOSEPH;10147018;AEP;EAU POTABLE;5;AEP;CONT;-61.04498912469492;14.68352270145589;5;MES;Contrôlé Niveau 1;Correcte;;2512;;25121080;;;;;;prelevements.csv
2023;OPR0000276729;Blanche Bouliki;972;97224;SAINT-JOSEPH;9316078;AEP;EAU POTABLE;5;AEP;CONT;-61.04498912469492;14.68352270145589;5;MES;Contrôlé Niveau 1;Correcte;;2512;;25121080;;;;;;prelevements.csv
2023;OPR0000276713;Capot;972;97214;LORRAIN;7091214;AEP;EAU POTABLE;5;AEP;CONT;-61.08087028159415;14.799495436620607;5;MES;Contrôlé Niveau 1;Correcte;;2115;;21150560;;;;;;prelevements.csv
2023;OPR0000276714;Lézarde;972;97212;GROS-MORNE;6552386;AEP;EAU POTABLE;5;AEP;CONT;-61.024570542369574;14.708455418650365;5;EST;Contrôlé Niveau 1;Correcte;;2503;;25031480;;;;;;prelevements.csv
2023;OPR0000276728;Absalon 1;972;97209;FORT-DE-FRANCE;6084504;AEP;EAU POTABLE;5;AEP;CONT;-61.07049743596134;14.649201432964205;5;EST;Contrôlé Niveau 1;Correcte;;2301;;23010580;;;;;;prelevements.csv
2023;OPR0000276718;Galion Bras Gommier;972;97212;GROS-MORNE;1673973;AEP;EAU POTABLE;5;AEP;CONT;-61.024570542369574;14.708455418650365;5;MES;Contrôlé Niveau 1;Correcte;;2221;;22211630;;;;;;prelevements.csv
2023;OPR0000276720;Lorrain;972;97214;LORRAIN;1367033;AEP;EAU POTABLE;5;AEP;CONT;-61.08087028159415;14.799495436620607;5;MES;Contrôlé Niveau 1;Correcte;;2205;;22051300;;;;;;prelevements.csv
2023;OPR0000276737;Morestin;972;97218;MORNE-ROUGE;1243541;AEP;EAU POTABLE;5;AEP;SOUT;-61.12185325461485;14.769544323206384;5;MES;Contrôlé Niveau 1;Correcte;1168ZZ0053;;;;;972AF07;Hyaloclastites du Morne Jacob;;;prelevements.csv
2023;OPR0000276751;Rivière Falaise (haut);972;97203;BASSE-POINTE;614982;IRR;IRRIGATION;2;IRRIGATION;CONT;-67.48929153466013;0.00013405383512941026;1;EST;Contrôlé Niveau 1;Correcte;;2104;;21040200;;;;;;prelevements.csv
2023;OPR0000276778;Rivière du Lorrain - PER LAGRANGE;972;97216;MARIGOT;491960;IRR;IRRIGATION;2;IRRIGATION;CONT;-12.947114685336924;9.633179476124443;1;MES;Contrôlé Niveau 1;Correcte;;;;;;;;;;prelevements.csv
2023;OPR0000276747;Rivière Poquet (prise haute Leyritz);972;97203;BASSE-POINTE;407235;IRR;IRRIGATION;2;IRRIGATION;CONT;-67.48929129208652;0.00013402325951336836;1;EST;Contrôlé Niveau 1;Correcte;;2106;;21060400;;;;;;prelevements.csv
2023;OPR0000639975;Source du Mont Vert -  ASA MONT VERT;972;97222;ROBERT;285022;IRR;IRRIGATION;2;IRRIGATION;CONT;-67.4892900128052;0.00013251734982182542;1;MES;Contrôlé Niveau 1;Correcte;;2226;;22260280;;;;;;prelevements.csv
2023;OPR0000276744;Rivière Roche (gravitaire);972;97203;BASSE-POINTE;243007;IRR;IRRIGATION;2;IRRIGATION;CONT;-67.48929154871679;0.00013411938790066667;1;EST;Contrôlé Niveau 1;Correcte;;2104;;21040210;;;;;;prelevements.csv
2023;OPR0000276808;Captage;972;97225;SAINT-PIERRE;233613;IND;INDUSTRIE et ACTIVITES ECONOMIQUES (hors irrigation, hors énergie);4B;Industrie hors agro-alim;SOUT;-67.4892921660269;0.0001333398437248645;1;MES;Non qualifié;Correcte;;;;;;972AC05;Andésites de l'édifice initial du Mont Conil;;;prelevements.csv
2023;OPR0000276746;Rivière Macouba (gravitaire);972;97203;BASSE-POINTE;219183;IRR;IRRIGATION;2;IRRIGATION;CONT;-67.48929174601165;0.0001339618014491218;1;EST;Contrôlé Niveau 1;Correcte;;2103;;21030480;;;;;;prelevements.csv
2023;OPR0000276736;Attila;972;97233;MORNE-VERT;212608;AEP;EAU POTABLE;5;AEP;SOUT;-61.13602598165926;14.704653003726108;5;MES;Contrôlé Niveau 1;Correcte;1173ZZ0068;;;;;972AF07;Hyaloclastites du Morne Jacob;;;prelevements.csv
2023;OPR0000276725;Montagne Pelée 1 Pécoul FR3;972;97201;AJOUPA-BOUILLON;203344;AEP;EAU POTABLE;5;AEP;SOUT;-61.118605348598635;14.815980150865826;5;MES;Contrôlé Niveau 1;Correcte;1168ZZ0051;;;;;972AC05;Andésites de l'édifice initial du Mont Conil;;;prelevements.csv
2023;OPR0000493792;Rivière Blanche - SIBAN Station STA - 48;972;97224;SAINT-JOSEPH;193682;IRR;IRRIGATION;2;IRRIGATION;CONT;-67.48929057041268;0.00013227536004941794;1;MES;Contrôlé Niveau 1;Correcte;;2401;;24010520;;;;;;prelevements.csv
2023;OPR0000276807;Canal Rivière du Galion;972;97230;TRINITE;184946;IND;INDUSTRIE et ACTIVITES ECONOMIQUES (hors irrigation, hors énergie);4A;Agro-alimentaire;CONT;-67.48929000240707;0.0001327788177237035;1;EST;Non qualifié;Correcte;;2225;;22251012;;;;;;prelevements.csv
2023;OPR0000276734;Urion;972;97233;MORNE-VERT;180540;AEP;EAU POTABLE;5;AEP;CONT;-61.13602598165926;14.704653003726108;5;MES;Contrôlé Niveau 1;Correcte;;2316;;23160850;;;;;;prelevements.csv
2023;OPR0000276745;Rivière Roche (prise basse);972;97203;BASSE-POINTE;174075;IRR;IRRIGATION;2;IRRIGATION;CONT;-67.48929160481798;0.00013404811683649263;1;EST;Contrôlé Niveau 1;Correcte;;2104;;21040210;;;;;;prelevements.csv
2023;OPR0000276742;Rivière Basse Pointe (prise haute  pompage);972;97203;BASSE-POINTE;172169;IRR;IRRIGATION;2;IRRIGATION;CONT;-67.48929149229305;0.00013391769678162366;1;EST;Contrôlé Niveau 1;Correcte;;2105;;21050440;;;;;;prelevements.csv
2023;OPR0000639976;Rivière Falaise (haut);972;97203;BASSE-POINTE;160000;IND;INDUSTRIE et ACTIVITES ECONOMIQUES (hors irrigation, hors énergie);3;AGRICULTURE-ELEVAGE (hors irrigation);CONT;-67.48929153466013;0.00013405383512941026;1;EST;Contrôlé Niveau 1;Correcte;;2104;;21040200;;;;;;prelevements.csv
2023;OPR0000276726;Montagne Pelée 2;972;97201;AJOUPA-BOUILLON;137525;AEP;EAU POTABLE;5;AEP;SOUT;-61.118605348598635;14.815980150865826;5;MES;Contrôlé Niveau 1;Correcte;1168ZZ0051;;;;;972AC05;Andésites de l'édifice initial du Mont Conil;;;prelevements.csv
2023;OPR0000276716;Calvaire;972;97212;GROS-MORNE;135998;AEP;EAU POTABLE;5;AEP;CONT;-61.024570542369574;14.708455418650365;5;MES;Contrôlé Niveau 1;Correcte;;2221;;22211630;;;;;;prelevements.csv
2023;OPR0000276721;Essente;972;97225;SAINT-PIERRE;134515;AEP;EAU POTABLE;5;AEP;SOUT;-61.17749932058234;14.771613979598781;5;MES;Contrôlé Niveau 1;Correcte;1168ZZ0050;;;;;972AF01;Formations des andésites;;;prelevements.csv
2023;OPR0000276805;Captage sur rivière Roxelane;972;97225;SAINT-PIERRE;127774;IND;INDUSTRIE et ACTIVITES ECONOMIQUES (hors irrigation, hors énergie);4A;Agro-alimentaire;CONT;-67.48929182266461;0.0001331508699689155;1;MES;Non qualifié;Correcte;;2328;;23280480;;;;;;prelevements.csv
2023;OPR0000276727;Piton Gelé;972;97218;MORNE-ROUGE;118008;AEP;EAU POTABLE;5;AEP;SOUT;-61.12185325461485;14.769544323206384;5;MES;Contrôlé Niveau 1;Correcte;1173ZZ0065;;;;;972AF07;Hyaloclastites du Morne Jacob;;;prelevements.csv
2023;OPR0000276749;Rivière Poquet (canal Pecoul-Chalvet);972;97203;BASSE-POINTE;117850;IRR;IRRIGATION;2;IRRIGATION;CONT;-67.48929133014428;0.00013391361103742543;1;EST;Contrôlé Niveau 1;Correcte;;2106;;21060400;;;;;;prelevements.csv
2023;OPR0000276738;Yang Ting;972;97208;FONDS-SAINT-DENIS;107433;AEP;EAU POTABLE;5;AEP;SOUT;-61.107722352142325;14.72273962354209;5;MES;Contrôlé Niveau 1;Correcte;1173ZZ0062;;;;;972AF07;Hyaloclastites du Morne Jacob;;;prelevements.csv
2023;OPR0000276806;Rivière  Saint-Pierre;972;97225;SAINT-PIERRE;103879;IND;INDUSTRIE et ACTIVITES ECONOMIQUES (hors irrigation, hors énergie);4B;Industrie hors agro-alim;CONT;-67.48929212568453;0.0001331731026578068;1;MES;Non qualifié;Correcte;;2004;;20040430;;;;;;prelevements.csv
2023;OPR0000276743;Rivière Basse Pointe (canal Gradis);972;97203;BASSE-POINTE;95805;IRR;IRRIGATION;2;IRRIGATION;CONT;-67.48929144077887;0.000134018533336521;1;EST;Contrôlé Niveau 1;Correcte;;2105;;21050440;;;;;;prelevements.csv
2023;OPR0000276797;Rivière Sainte Marie;972;97228;SAINTE-MARIE;94032;IND;INDUSTRIE et ACTIVITES ECONOMIQUES (hors irrigation, hors énergie);4A;Agro-alimentaire;CONT;-67.48929035650804;0.0001333321505359738;1;MES;Non qualifié;Correcte;;2213;;22131360;;;;;;prelevements.csv
2023;OPR0000276803;Rivière pilote;972;97220;RIVIERE-PILOTE;82502;IND;INDUSTRIE et ACTIVITES ECONOMIQUES (hors irrigation, hors énergie);4A;Agro-alimentaire;CONT;-67.48928955077186;0.00013085083207311541;1;MES;Non qualifié;Correcte;;2812;;28120420;;;;;;prelevements.csv
2023;OPR0000639977;Rivière  Poquet Prise haute Leyritz;972;97203;BASSE-POINTE;80000;IND;INDUSTRIE et ACTIVITES ECONOMIQUES (hors irrigation, hors énergie);3;AGRICULTURE-ELEVAGE (hors irrigation);CONT;-67.48929129208652;0.00013402325951336836;1;EST;Contrôlé Niveau 1;Correcte;;2106;;21060400;;;;;;prelevements.csv
2023;OPR0000639982;Rivière Roche (gravitaire);972;97203;BASSE-POINTE;80000;IND;INDUSTRIE et ACTIVITES ECONOMIQUES (hors irrigation, hors énergie);3;AGRICULTURE-ELEVAGE (hors irrigation);CONT;-67.48929154871679;0.00013411938790066667;1;EST;Contrôlé Niveau 1;Correcte;;2104;;21040210;;;;;;prelevements.csv
2023;OPR0000493700;Source du Mont Vert -  ASA MONT VERT;972;97222;ROBERT;77540;IRR;IRRIGATION;2;IRRIGATION;CONT;-67.4892900128052;0.00013251734982182542;1;MES;Contrôlé Niveau 1;Correcte;;2226;;22260280;;;;;;prelevements.csv
2023;OPR0000567238;Rivière Saint Pierre - Habitation PERINELLE;972;97225;SAINT-PIERRE;75807;IND;INDUSTRIE et ACTIVITES ECONOMIQUES (hors irrigation, hors énergie);3;AGRICULTURE-ELEVAGE (hors irrigation);CONT;-67.48929196760315;0.00013311545088026767;1;EST;Contrôlé Niveau 1;Correcte;;2001;;20010280;;;;;;prelevements.csv
2023;OPR0000276715;Demare;972;97203;BASSE-POINTE;71726;AEP;EAU POTABLE;5;AEP;SOUT;-61.11736704916713;14.840926344506983;5;MES;Contrôlé Niveau 1;Correcte;1168ZZ0048;;;;;972AC05;Andésites de l'édifice initial du Mont Conil;;;prelevements.csv
2023;OPR0000276773;Rivière Trinité - BANANDES DU GALION;972;97230;TRINITE;68627;IRR;IRRIGATION;2;IRRIGATION;CONT;-67.48928996023388;0.0001327068738325452;1;MES;Contrôlé Niveau 1;Correcte;;2225;;22251790;;;;;;prelevements.csv
2023;OPR0000493705;Rivière Blanche - CHARMINE BANANIERE;972;97224;SAINT-JOSEPH;57683;IND;INDUSTRIE et ACTIVITES ECONOMIQUES (hors irrigation, hors énergie);3;AGRICULTURE-ELEVAGE (hors irrigation);CONT;-67.48929053307162;0.00013235899666504065;1;MES;Contrôlé Niveau 1;Correcte;;2514;;25141080;;;;;;prelevements.csv
2023;OPR0000276722;Fonds Les Sources;972;97201;AJOUPA-BOUILLON;55457;AEP;EAU POTABLE;5;AEP;SOUT;-61.118605348598635;14.815980150865826;5;MES;Contrôlé Niveau 1;Correcte;1168ZZ0046;;;;;972AF01;Formations des andésites;;;prelevements.csv
2023;OPR0000493763;Rivière Blanche - SIBAN GT - 41;972;97224;SAINT-JOSEPH;54779;IND;INDUSTRIE et ACTIVITES ECONOMIQUES (hors irrigation, hors énergie);3;AGRICULTURE-ELEVAGE (hors irrigation);CONT;-67.48929052525939;0.00013235337759957534;1;EST;Contrôlé Niveau 1;Correcte;;2514;;25141080;;;;;;prelevements.csv
2023;OPR0000276735;Verrier;972;97233;MORNE-VERT;52746;AEP;EAU POTABLE;5;AEP;CONT;-61.13602598165926;14.704653003726108;5;MES;Contrôlé Niveau 1;Correcte;;2316;;23160750;;;;;;prelevements.csv
2023;OPR0000276719;Grand'Rivière;972;97211;GRAND'RIVIERE;51081;AEP;EAU POTABLE;5;AEP;CONT;-61.17984147677704;14.846996984898727;5;MES;Contrôlé Niveau 1;Correcte;;2101;;21010860;;;;;;prelevements.csv
2023;OPR0000276764;Rivière claire - Hangar Habitation ASSIER;972;97214;LORRAIN;50048;IND;INDUSTRIE et ACTIVITES ECONOMIQUES (hors irrigation, hors énergie);3;AGRICULTURE-ELEVAGE (hors irrigation);CONT;-67.48929106215398;0.00013378862067131892;1;MES;Contrôlé Niveau 1;Correcte;;2208;;22080120;;;;;;prelevements.csv
2023;OPR0000276814;Lafort SOMES;972;97218;MORNE-ROUGE;49221;IND;INDUSTRIE et ACTIVITES ECONOMIQUES (hors irrigation, hors énergie);8;EMBOUTEILLAGE;SOUT;-67.48929144601344;0.00013308409063005628;1;EST;Non qualifié;Correcte;;;;;;972AF07;Hyaloclastites du Morne Jacob;;;prelevements.csv
2023;OPR0000276777;Rivière Lézarde - SARL SOUDON Hangar;972;97213;LAMENTIN;44531;IRR;IRRIGATION;2;IRRIGATION;CONT;-67.4892902897275;0.00013213727356108557;1;MES;Non qualifié;Correcte;;2521;;25411480;;;;;;prelevements.csv
2023;OPR0000276769;Rivière Lézarde SARl PETIT MORNE  P2;972;97213;LAMENTIN;41558;IRR;IRRIGATION;2;IRRIGATION;CONT;-67.48929020767206;0.0001318465793127955;1;MES;Contrôlé Niveau 1;Correcte;;2541;;25411480;;;;;;prelevements.csv
2023;OPR0000639978;Rivière Basse Pointe (prise haute  pompage);972;97203;BASSE-POINTE;40000;IND;INDUSTRIE et ACTIVITES ECONOMIQUES (hors irrigation, hors énergie);3;AGRICULTURE-ELEVAGE (hors irrigation);CONT;-67.48929149229305;0.00013391769678162366;1;EST;Contrôlé Niveau 1;Correcte;;2105;;21050440;;;;;;prelevements.csv
2023;OPR0000639979;Rivière Roche (prise basse);972;97203;BASSE-POINTE;40000;IND;INDUSTRIE et ACTIVITES ECONOMIQUES (hors irrigation, hors énergie);3;AGRICULTURE-ELEVAGE (hors irrigation);CONT;-67.48929160481798;0.00013404811683649263;1;EST;Contrôlé Niveau 1;Correcte;;2104;;21040210;;;;;;prelevements.csv
2023;OPR0000639981;Rivière Basse Pointe (canal Gradis);972;97203;BASSE-POINTE;40000;IND;INDUSTRIE et ACTIVITES ECONOMIQUES (hors irrigation, hors énergie);3;AGRICULTURE-ELEVAGE (hors irrigation);CONT;-67.48929144077887;0.000134018533336521;1;EST;Contrôlé Niveau 1;Correcte;;2105;;21050440;;;;;;prelevements.csv
2023;OPR0000639980;Rivière Macouba (gravitaire);972;97203;BASSE-POINTE;40000;IND;INDUSTRIE et ACTIVITES ECONOMIQUES (hors irrigation, hors énergie);3;AGRICULTURE-ELEVAGE (hors irrigation);CONT;-67.48929174601165;0.0001339618014491218;1;EST;Contrôlé Niveau 1;Correcte;;2103;;21030480;;;;;;prelevements.csv
2023;OPR0000276811;Source Didier SEMDD;972;97209;FORT-DE-FRANCE;39420;IND;INDUSTRIE et ACTIVITES ECONOMIQUES (hors irrigation, hors énergie);8;EMBOUTEILLAGE;SOUT;-67.48929121553162;0.00013223890472452028;1;EST;Non qualifié;Correcte;;;;;;972AF07;Hyaloclastites du Morne Jacob;;;prelevements.csv
2023;OPR0000276782;Rivière Lézarde - UNION SARL;972;97213;LAMENTIN;38761;IND;INDUSTRIE et ACTIVITES ECONOMIQUES (hors irrigation, hors énergie);3;AGRICULTURE-ELEVAGE (hors irrigation);CONT;-67.48929029907173;0.0001321061747750336;1;EST;Contrôlé Niveau 1;Correcte;;2521;;25211480;;;;;;prelevements.csv
2023;OPR0000276812;Source Mabelo SEMDD;972;97209;FORT-DE-FRANCE;34155;IND;INDUSTRIE et ACTIVITES ECONOMIQUES (hors irrigation, hors énergie);8;EMBOUTEILLAGE;SOUT;-67.48929121553162;0.00013223890472452028;1;MES;Non qualifié;Correcte;;;;;;972AF07;Hyaloclastites du Morne Jacob;;;prelevements.csv
2023;OPR0000276772;Rivière Lézarde - SARL RIVIERE LEZARDE;972;97213;LAMENTIN;32775;IND;INDUSTRIE et ACTIVITES ECONOMIQUES (hors irrigation, hors énergie);3;AGRICULTURE-ELEVAGE (hors irrigation);CONT;-67.48929022818818;0.00013197073994287593;1;EST;Contrôlé Niveau 1;Correcte;;2521;;25211480;;;;;;prelevements.csv
2023;OPR0000276813;Mont béni SOMES;972;97218;MORNE-ROUGE;29542;IND;INDUSTRIE et ACTIVITES ECONOMIQUES (hors irrigation, hors énergie);8;EMBOUTEILLAGE;SOUT;-67.48929144601344;0.00013308409063005628;1;EST;Non qualifié;Correcte;;;;;;972AF07;Hyaloclastites du Morne Jacob;;;prelevements.csv
2023;OPR0000567237;Rivière Lézarde - SARL RIVIERE LEZARDE;972;97213;LAMENTIN;29120;IND;INDUSTRIE et ACTIVITES ECONOMIQUES (hors irrigation, hors énergie);3;AGRICULTURE-ELEVAGE (hors irrigation);CONT;-67.4892903333757;0.0001321636461881144;1;MES;Contrôlé Niveau 1;Correcte;;2521;;25211480;;;;;;prelevements.csv
2023;OPR0000646024;Rivière Blanche - SIBAN Station STA - 48;972;97224;SAINT-JOSEPH;29120;IND;INDUSTRIE et ACTIVITES ECONOMIQUES (hors irrigation, hors énergie);3;AGRICULTURE-ELEVAGE (hors irrigation);CONT;-67.48929057041268;0.00013227536004941794;1;MES;Contrôlé Niveau 1;Correcte;;2401;;24010520;;;;;;prelevements.csv
2023;OPR0000276760;Rivière Lézarde - Habitation BOCHET;972;97213;LAMENTIN;25555;IRR;IRRIGATION;2;IRRIGATION;CONT;-67.48929034134922;0.00013225934169185753;1;MES;Contrôlé Niveau 1;Correcte;;2521;;25211480;;;;;;prelevements.csv
2023;OPR0000276780;Petite rivière Lézarde - UNION SARL;972;97213;LAMENTIN;20671;IRR;IRRIGATION;2;IRRIGATION;CONT;-67.48929015140962;0.00013194698293887613;1;MES;Contrôlé Niveau 1;Correcte;;2523;;25330750;;;;;;prelevements.csv
2023;OPR0000276763;N°20 Retenue Rivière Lorrain - Habitation ASSIER;972;97214;LORRAIN;18040;IRR;IRRIGATION;2;IRRIGATION;CONT;-67.48929099287413;0.00013378255064876803;1;MES;Contrôlé Niveau 1;Correcte;;2207;;22071200;;;;;;prelevements.csv
2023;OPR0000276818;Rivière Lézarde;972;97214;LORRAIN;17679;IND;INDUSTRIE et ACTIVITES ECONOMIQUES (hors irrigation, hors énergie);3;AGRICULTURE-ELEVAGE (hors irrigation);CONT;-67.48929028981709;0.00013213736375475939;1;EST;Contrôlé Niveau 1;Correcte;;2521;;25211480;;;;;;prelevements.csv
2023;OPR0000604674;Rivière de Sainte Marie - 3 Mornes;972;97228;SAINTE-MARIE;15734;IRR;IRRIGATION;2;IRRIGATION;CONT;-67.48929047755287;0.00013297556344640292;1;MES;Contrôlé Niveau 1;Correcte;;;;;;;;;;prelevements.csv
2023;OPR0000276770;Rivière Lézarde SARl PETIT MORNE  P3;972;97213;LAMENTIN;13877;IRR;IRRIGATION;2;IRRIGATION;CONT;-67.48929020713452;0.00013184914983306164;1;MES;Contrôlé Niveau 1;Correcte;;2523;;25230130;;;;;;prelevements.csv
2023;OPR0000276799;Rivière LA DIGUE;972;97225;SAINT-PIERRE;11720;IND;INDUSTRIE et ACTIVITES ECONOMIQUES (hors irrigation, hors énergie);4B;Industrie hors agro-alim;CONT;-67.48929195844705;0.00013311940136556674;1;MES;Non qualifié;Correcte;;2001;;20010300;;;;;;prelevements.csv
2023;OPR0000276723;Louison;972;97203;BASSE-POINTE;9483;AEP;EAU POTABLE;5;AEP;SOUT;-61.11736704916713;14.840926344506983;5;MES;Contrôlé Niveau 1;Correcte;1168ZZ0049;;;;;972AC05;Andésites de l'édifice initial du Mont Conil;;;prelevements.csv
2023;OPR0000276776;Rivière Lézarde - SARL SOUDON;972;97213;LAMENTIN;7154;IRR;IRRIGATION;2;IRRIGATION;CONT;-67.48929029839084;0.00013210823119129216;1;MES;Contrôlé Niveau 1;Correcte;;2521;;25211480;;;;;;prelevements.csv
2023;OPR0000276762;N°19 Retenue Rivière Lorrain - Habitation ASSIER;972;97214;LORRAIN;7021;IRR;IRRIGATION;2;IRRIGATION;CONT;-67.48929106124018;0.00013382064845081061;1;MES;Contrôlé Niveau 1;Correcte;;2208;;22080120;;;;;;prelevements.csv
2023;OPR0000276798;Rivière LA DIGUE;972;97225;SAINT-PIERRE;6513;IND;INDUSTRIE et ACTIVITES ECONOMIQUES (hors irrigation, hors énergie);4B;Industrie hors agro-alim;CONT;-67.48929195844705;0.00013311940136556674;1;MES;Non qualifié;Correcte;;2001;;20010300;;;;;;prelevements.csv
2023;OPR0000276779;Rivière Bochette - UNION SARL;972;97213;LAMENTIN;5752;IRR;IRRIGATION;2;IRRIGATION;CONT;-67.48929020327321;0.0001319432669494022;1;MES;Contrôlé Niveau 1;Correcte;;2523;;25230130;;;;;;prelevements.csv
2023;OPR0000276822;Rivière Blanche - CHARMINE BANANIERE;972;97224;SAINT-JOSEPH;5184;IRR;IRRIGATION;2;IRRIGATION;CONT;-67.48929053307162;0.00013235899666504065;1;MES;Contrôlé Niveau 1;Correcte;;2514;;25141080;;;;;;prelevements.csv
2023;OPR0000276791;Source Rivière Roche -EARL LES SERRES DE PREVILLE 07203740;972;97215;MACOUBA;4538;IND;INDUSTRIE et ACTIVITES ECONOMIQUES (hors irrigation, hors énergie);3;AGRICULTURE-ELEVAGE (hors irrigation);SOUT;-67.4892916708457;0.00013390741466798257;1;EST;Contrôlé Niveau 1;Correcte;;;;;;972AC05;Andésites de l'édifice initial du Mont Conil;;;prelevements.csv
2023;OPR0000276781;Petite rivière Lézarde - UNION SARL;972;97213;LAMENTIN;4489;IRR;IRRIGATION;2;IRRIGATION;CONT;-67.48929014928184;0.00013188184505625534;1;MES;Contrôlé Niveau 1;Correcte;;2523;;25330750;;;;;;prelevements.csv
2023;OPR0000276739;Rivière Lézarde - DESIRADE SARL;972;97213;LAMENTIN;4480;IRR;IRRIGATION;2;IRRIGATION;CONT;-67.4892903333757;0.0001321636461881144;1;EST;Contrôlé Niveau 1;Correcte;;2521;;25211480;;;;;;prelevements.csv
2023;OPR0000604675;Rivière de Sainte Marie - 3 Pointes;972;97228;SAINTE-MARIE;4311;IRR;IRRIGATION;2;IRRIGATION;CONT;-67.48929061753711;0.00013304444163601522;1;MES;Contrôlé Niveau 1;Correcte;;;;;;;;;;prelevements.csv
2023;OPR0000276775;Rivière du Galion - Banane du Malgre tout Hangar;972;97230;TRINITE;4223;IND;INDUSTRIE et ACTIVITES ECONOMIQUES (hors irrigation, hors énergie);3;AGRICULTURE-ELEVAGE (hors irrigation);CONT;-67.48929011818981;0.0001326703543784929;1;MES;Contrôlé Niveau 1;Correcte;;2224;;22240330;;;;;;prelevements.csv
2023;OPR0000276765;Rivière Saint Pierre - Habitation PERINELLE;972;97225;SAINT-PIERRE;3813;IRR;IRRIGATION;2;IRRIGATION;CONT;-67.48929196760315;0.00013311545088026767;1;MES;Contrôlé Niveau 1;Correcte;;2001;;20010280;;;;;;prelevements.csv
2023;OPR0000276761;Rivière Lézarde - Habitation BOCHET;972;97213;LAMENTIN;3803;IRR;IRRIGATION;2;IRRIGATION;CONT;-67.4892903333757;0.0001321636461881144;1;MES;Contrôlé Niveau 1;Correcte;;2521;;25211480;;;;;;prelevements.csv
2023;OPR0000276792;Source Rivière Roche -EARL LES SERRES DE PREVILLE 07751019;972;97215;MACOUBA;3568;IND;INDUSTRIE et ACTIVITES ECONOMIQUES (hors irrigation, hors énergie);3;AGRICULTURE-ELEVAGE (hors irrigation);SOUT;-67.4892916708457;0.00013390741466798257;1;EST;Contrôlé Niveau 1;Correcte;;;;;;972AC05;Andésites de l'édifice initial du Mont Conil;;;prelevements.csv
2023;OPR0000276757;Rivière Lézarde N°1;972;97213;LAMENTIN;3262;IRR;IRRIGATION;2;IRRIGATION;CONT;-67.48929023975424;0.00013203838520835524;1;MES;Contrôlé Niveau 1;Correcte;;2521;;25211480;;;;;;prelevements.csv
2023;OPR0000276815;Rivière Trinité - BANANDES DU GALION Hangar;972;97230;TRINITE;3205;IND;INDUSTRIE et ACTIVITES ECONOMIQUES (hors irrigation, hors énergie);3;AGRICULTURE-ELEVAGE (hors irrigation);CONT;-67.48928996155084;0.00013270570131433218;1;MES;Contrôlé Niveau 1;Correcte;;2225;;22251790;;;;;;prelevements.csv
2023;OPR0000276795;Source Rivière Roche -EARL LES SERRES DE PREVILLE 07751018;972;97215;MACOUBA;2713;IND;INDUSTRIE et ACTIVITES ECONOMIQUES (hors irrigation, hors énergie);3;AGRICULTURE-ELEVAGE (hors irrigation);SOUT;-67.4892916708457;0.00013390741466798257;1;EST;Contrôlé Niveau 1;Correcte;;;;;;972AC05;Andésites de l'édifice initial du Mont Conil;;;prelevements.csv
2023;OPR0000276794;Source Rivière Roche -EARL LES SERRES DE PREVILLE 07751020;972;97215;MACOUBA;2106;IND;INDUSTRIE et ACTIVITES ECONOMIQUES (hors irrigation, hors énergie);3;AGRICULTURE-ELEVAGE (hors irrigation);SOUT;-67.4892916708457;0.00013390741466798257;1;EST;Contrôlé Niveau 1;Correcte;;;;;;972AC05;Andésites de l'édifice initial du Mont Conil;;;prelevements.csv
2023;OPR0000276758;Rivière Lézarde N°2;972;97213;LAMENTIN;1590;IRR;IRRIGATION;2;IRRIGATION;CONT;-67.48929034134922;0.00013225934169185753;1;MES;Contrôlé Niveau 1;Correcte;;2521;;25211480;;;;;;prelevements.csv
2023;OPR0000276793;Source Rivière Roche -EARL LES SERRES DE PREVILLE 196553;972;97215;MACOUBA;1324;IND;INDUSTRIE et ACTIVITES ECONOMIQUES (hors irrigation, hors énergie);3;AGRICULTURE-ELEVAGE (hors irrigation);SOUT;-67.4892916708457;0.00013390741466798257;1;EST;Contrôlé Niveau 1;Correcte;;;;;;972AC05;Andésites de l'édifice initial du Mont Conil;;;prelevements.csv
2023;OPR0000276771;Rivière Lézarde SARl PETIT MORNE  P0;972;97213;LAMENTIN;1090;IND;INDUSTRIE et ACTIVITES ECONOMIQUES (hors irrigation, hors énergie);3;AGRICULTURE-ELEVAGE (hors irrigation);CONT;-67.4892902178853;0.00013180601920849248;1;MES;Contrôlé Niveau 1;Correcte;;2541;;25411480;;;;;;prelevements.csv
2023;OPR0000276759;Rivière Lézarde Hangar;972;97213;LAMENTIN;1076;IND;INDUSTRIE et ACTIVITES ECONOMIQUES (hors irrigation, hors énergie);3;AGRICULTURE-ELEVAGE (hors irrigation);CONT;-67.48929034490592;0.00013221315350250818;1;MES;Contrôlé Niveau 1;Correcte;;2521;;25211480;;;;;;prelevements.csv
2023;OPR0000276820;Source du Mont Vert -  ASA MONT VERT Hangar;972;97222;ROBERT;968;IND;INDUSTRIE et ACTIVITES ECONOMIQUES (hors irrigation, hors énergie);3;AGRICULTURE-ELEVAGE (hors irrigation);CONT;-67.4892900128052;0.00013251734982182542;1;MES;Contrôlé Niveau 1;Correcte;;2226;;22260280;;;;;;prelevements.csv
2023;OPR0000276774;Rivière du Galion - Banane du Malgre tout;972;97230;TRINITE;181;IRR;IRRIGATION;2;IRRIGATION;CONT;-67.48929006618289;0.00013271169015620086;1;MES;Contrôlé Niveau 1;Correcte;;2223;;22231010;;;;;;prelevements.csv
2023;OPR0000276717;Essente;972;97218;MORNE-ROUGE;0;AEP;EAU POTABLE;5;AEP;CONT;-61.12185325461485;14.769544323206384;5;MES;Contrôlé Niveau 1;Correcte;;2328;;23280320;;;;;;prelevements.csv
2023;OPR0000276741;Rivière Ajoupa-Bouillon - EDEN SARL;972;97201;AJOUPA-BOUILLON;0;IND;INDUSTRIE et ACTIVITES ECONOMIQUES (hors irrigation, hors énergie);3;AGRICULTURE-ELEVAGE (hors irrigation);CONT;-67.48929156244186;0.0001335737882288881;1;MES;Contrôlé Niveau 1;Correcte;;2115;;21150470;;;;;;prelevements.csv
2023;OPR0000276748;Rivière Falaise bois neuf;972;97203;BASSE-POINTE;0;IRR;IRRIGATION;2;IRRIGATION;CONT;-67.48929139605553;0.000133751370615731;1;EST;Contrôlé Niveau 1;Correcte;;2117;;21170290;;;;;;prelevements.csv
2023;OPR0000276750;Rivière Poquet (prise basse Etan / Eyma);972;97203;BASSE-POINTE;0;IRR;IRRIGATION;2;IRRIGATION;CONT;-67.48929145919853;0.000133847011992915;1;EST;Contrôlé Niveau 1;Correcte;;2106;;21060400;;;;;;prelevements.csv
2023;OPR0000276809;Rivière du Cabet Aqualand;972;97204;CARBET;0;IND;INDUSTRIE et ACTIVITES ECONOMIQUES (hors irrigation, hors énergie);7;LOISIRS;CONT;-67.48929182736802;0.00013273159558110825;1;MES;Non qualifié;Correcte;;2322;;23221600;;;;;;prelevements.csv
2023;OPR0000276785;Rivière La Manche - EARL RIVIERE LA MANCHE;972;97207;DUCOS;0;IRR;IRRIGATION;2;IRRIGATION;CONT;-67.48929007264208;0.00013136318625508238;1;MES;Contrôlé Niveau 1;Correcte;;2808;;28080350;;;;;;prelevements.csv
2023;OPR0000276787;Source Affluent Petite Riviere Lézarde - SARL BAGATELLE;972;97212;GROS-MORNE;0;IND;INDUSTRIE et ACTIVITES ECONOMIQUES (hors irrigation, hors énergie);3;AGRICULTURE-ELEVAGE (hors irrigation);SOUT;-67.4892903544115;0.00013255622323980477;1;EST;Contrôlé Niveau 1;Correcte;;;;;;972AG17;Laves de Vert Pré et du François;;;prelevements.csv
2023;OPR0000276732;Pécoul FR1 bis;972;97225;SAINT-PIERRE;0;AEP;EAU POTABLE;5;AEP;SOUT;-61.17749932058234;14.771613979598781;5;MES;Contrôlé Niveau 1;Correcte;1167ZZ0042;;;;;972AF07;Hyaloclastites du Morne Jacob;;;prelevements.csv
2023;OPR0000612760;Forage Bouliki;972;97224;SAINT-JOSEPH;0;AEP;EAU POTABLE;5;AEP;SOUT;-61.04498912469492;14.68352270145589;5;EST;Contrôlé Niveau 1;Correcte;BSS003IUOK;;;;;;;;;prelevements.csv
2023;OPR0000276740;Rivière Lézarde - HANGAR DESIRADE SARL;972;97213;LAMENTIN;0;IND;INDUSTRIE et ACTIVITES ECONOMIQUES (hors irrigation, hors énergie);3;AGRICULTURE-ELEVAGE (hors irrigation);CONT;-67.48929023975424;0.00013203838520835524;1;MES;Contrôlé Niveau 1;Correcte;;2521;;25211480;;;;;;prelevements.csv
2023;OPR0000276817;Rivière lézarde;972;97213;LAMENTIN;0;IRR;IRRIGATION;2;IRRIGATION;CONT;-67.48929034490592;0.00013221315350250818;1;MES;Contrôlé Niveau 1;Correcte;;2521;;25211480;;;;;;prelevements.csv
2023;OPR0000591074;Source Potiche;972;97215;MACOUBA;0;AEP;EAU POTABLE;5;AEP;SOUT;-61.15284944092275;14.847460844106994;5;MES;Contrôlé Niveau 1;Correcte;1166ZZ0020;;;;;;;;;prelevements.csv
2023;OPR0000276768;Rivière Lézarde SARl PETIT MORNE  P1;972;97213;LAMENTIN;0;IRR;IRRIGATION;2;IRRIGATION;CONT;-67.48929020849629;0.00013184316097179013;1;MES;Contrôlé Niveau 1;Correcte;;2541;;25411480;;;;;;prelevements.csv
2023;OPR0000276804;Rivière pilote;972;97220;RIVIERE-PILOTE;0;IND;INDUSTRIE et ACTIVITES ECONOMIQUES (hors irrigation, hors énergie);4A;Agro-alimentaire;CONT;-67.48928955077186;0.00013085083207311541;1;MES;Non qualifié;Correcte;;2812;;28120420;;;;;;prelevements.csv
2023;OPR0000276784;Rivière Roche - SCEA PREVILLE;972;97215;MACOUBA;0;IND;INDUSTRIE et ACTIVITES ECONOMIQUES (hors irrigation, hors énergie);3;AGRICULTURE-ELEVAGE (hors irrigation);CONT;-67.48929161530896;0.00013402672289129818;1;EST;Contrôlé Niveau 1;Correcte;;2104;;21040210;;;;;;prelevements.csv
2023;OPR0000276767;Rivière Morne Rouge - Jardiniers du nord;972;97213;LAMENTIN;0;IRR;IRRIGATION;2;IRRIGATION;CONT;-67.48929128017986;0.00013314620705479614;1;EST;Contrôlé Niveau 1;Correcte;;2112;;21120552;;;;;;prelevements.csv
2023;OPR0000276766;Rivière Calave - Jardin château Gaillard;972;97218;MORNE-ROUGE;0;IRR;IRRIGATION;2;IRRIGATION;CONT;-67.4892916093869;0.00013313941540947123;1;MES;Contrôlé Niveau 1;Correcte;;2327;;23270130;;;;;;prelevements.csv
2023;OPR0000276786;Rivière La Manche - EARL RIVIERE LA MANCHE Hangar;972;97207;DUCOS;0;IND;INDUSTRIE et ACTIVITES ECONOMIQUES (hors irrigation, hors énergie);3;AGRICULTURE-ELEVAGE (hors irrigation);CONT;-67.48929002487272;0.00013120946013826462;1;EST;Contrôlé Niveau 1;Correcte;;2803;;28030650;;;;;;prelevements.csv
2023;OPR0000276789;Rivière Lézarde - SARL LITTLE;972;97224;SAINT-JOSEPH;0;IRR;IRRIGATION;2;IRRIGATION;CONT;-67.48929039233485;0.00013232558894792881;1;MES;Contrôlé Niveau 1;Correcte;;2514;;25141080;;;;;;prelevements.csv
2023;OPR0000276796;Rivière Longvilliers Pont 1;972;97213;LAMENTIN;0;IND;INDUSTRIE et ACTIVITES ECONOMIQUES (hors irrigation, hors énergie);4B;Industrie hors agro-alim;CONT;-67.4892903996901;0.0001319086054785453;1;MES;Non qualifié;Correcte;;2402;;24020520;;;;;;prelevements.csv
2023;OPR0000493764;Rivière Blanche - SIBAN Station GT;972;97224;SAINT-JOSEPH;0;IRR;IRRIGATION;2;IRRIGATION;CONT;-67.48929052525939;0.00013235337759957534;1;MES;Contrôlé Niveau 1;Correcte;;2514;;25141080;;;;;;prelevements.csv
2023;OPR0000276790;Rivière Lézarde - SARL LITTLE Hangar;972;97224;SAINT-JOSEPH;0;IND;INDUSTRIE et ACTIVITES ECONOMIQUES (hors irrigation, hors énergie);3;AGRICULTURE-ELEVAGE (hors irrigation);CONT;-67.48929035530733;0.00013231690330233194;1;EST;Contrôlé Niveau 1;Correcte;;2521;;25211480;;;;;;prelevements.csv
2023;OPR0000276754;Parcelle CAFE 8;972;97228;SAINTE-MARIE;0;IND;INDUSTRIE et ACTIVITES ECONOMIQUES (hors irrigation, hors énergie);3;AGRICULTURE-ELEVAGE (hors irrigation);CONT;-67.48929038907394;0.00013318860727219733;1;MES;Contrôlé Niveau 1;Correcte;;2212;;22121360;;;;;;prelevements.csv
2023;OPR0000276753;Parcelle 3 Mornes;972;97228;SAINTE-MARIE;0;IRR;IRRIGATION;2;IRRIGATION;CONT;-67.48929038907394;0.00013318860727219733;1;MES;Contrôlé Niveau 1;Correcte;;2212;;22121360;;;;;;prelevements.csv
2023;OPR0000276756;Parcelle Abricot 2;972;97228;SAINTE-MARIE;0;IRR;IRRIGATION;2;IRRIGATION;CONT;-67.4892904774812;0.00013297818537698683;1;MES;Contrôlé Niveau 1;Correcte;;2221;;22211740;;;;;;prelevements.csv
2023;OPR0000276755;Parcelle Savane;972;97228;SAINTE-MARIE;0;IRR;IRRIGATION;2;IRRIGATION;CONT;-67.4892904774812;0.00013297818537698683;1;MES;Contrôlé Niveau 1;Correcte;;2221;;22211740;;;;;;prelevements.csv
2023;OPR0000276800;Rivière LA DIGUE;972;97225;SAINT-PIERRE;0;IND;INDUSTRIE et ACTIVITES ECONOMIQUES (hors irrigation, hors énergie);4B;Industrie hors agro-alim;CONT;-67.48929195844705;0.00013311940136556674;1;MES;Non qualifié;Correcte;;2001;;20010300;;;;;;prelevements.csv
2023;OPR0000276783;Rivière Trinité - EARL HORTICOLE;972;97230;TRINITE;0;IRR;IRRIGATION;2;IRRIGATION;CONT;-67.48929037976549;0.00013296985149794874;1;EST;Contrôlé Niveau 1;Correcte;;2221;;22211790;;;;;;prelevements.csv
2023;OPR0000276810;Rivière Dumauzé SEMDD;972;97209;FORT-DE-FRANCE;0;IND;INDUSTRIE et ACTIVITES ECONOMIQUES (hors irrigation, hors énergie);8;EMBOUTEILLAGE;CONT;-67.4892912149045;0.0001322393275526534;1;MES;Non qualifié;Correcte;;2301;;23010580;;;;;;prelevements.csv
2023;OPR0000276788;Source Affluent Rivière du Galion - SARL BAGATELLE;972;97212;GROS-MORNE;0;IND;INDUSTRIE et ACTIVITES ECONOMIQUES (hors irrigation, hors énergie);3;AGRICULTURE-ELEVAGE (hors irrigation);SOUT;-67.4892902322109;0.0001327719665689061;1;EST;Contrôlé Niveau 1;Correcte;;;;;;972AG17;Laves de Vert Pré et du François;;;prelevements.csv
2023;OPR0000276801;Canal Rivière du Galion;972;97230;TRINITE;0;IND;INDUSTRIE et ACTIVITES ECONOMIQUES (hors irrigation, hors énergie);4B;Industrie hors agro-alim;CONT;-67.48929000240707;0.0001327788177237035;1;MES;Non qualifié;Correcte;;2225;;22251012;;;;;;prelevements.csv
2023;OPR0000276802;Rivière pilote;972;97220;RIVIERE-PILOTE;0;IND;INDUSTRIE et ACTIVITES ECONOMIQUES (hors irrigation, hors énergie);4A;Agro-alimentaire;CONT;-67.48928955077186;0.00013085083207311541;1;MES;Non qualifié;Correcte;;2812;;28120420;;;;;;prelevements.csv
2023;OPR0000612759;Forage Schoelcher;972;97229;SCHLCHER;0;AEP;EAU POTABLE;5;AEP;SOUT;-61.098797234810434;14.651844349564383;5;EST;Contrôlé Niveau 1;Correcte;1177ZZ0178;;;;;;;;;prelevements.csv
2023;OPR0000276730;L'Or;972;97209;FORT-DE-FRANCE;0;AEP;EAU POTABLE;5;AEP;CONT;-61.07049743596134;14.649201432964205;5;MES;Contrôlé Niveau 1;Correcte;;2411;;24110650;;;;;;prelevements.csv
2023;OPR0000276724;Marc Cécile;972;97201;AJOUPA-BOUILLON;0;AEP;EAU POTABLE;5;AEP;SOUT;-61.118605348598635;14.815980150865826;5;MES;Contrôlé Niveau 1;Correcte;1168ZZ0047;;;;;972AF01;Formations des andésites;;;prelevements.csv
2023;OPR0000276731;Pécoul FR8;972;97225;SAINT-PIERRE;0;AEP;EAU POTABLE;5;AEP;SOUT;-61.17749932058234;14.771613979598781;5;MES;Contrôlé Niveau 1;Correcte;1167ZZ0066/FR8;;;;;972AF07;Hyaloclastites du Morne Jacob;;;prelevements.csv
