annee_reference;domain;indicator_id;territoire;perimeter_id;value;unit;source_family;authority;source_file;source_page;record_role;quality_status;coverage_status;definition;note
2023;EAU_POTABLE;EP_ABONNES;CACEM;CACEM_EPCI;77158;abonnés;ODYSSI_BILAN;CACEM / ODYSSI;Bilan ODYSSI 2023.pdf;22;PRODUCTION;OK;COMPLETE;;
2023;EAU_POTABLE;EP_VOLUME_FACTURE;CACEM;CACEM_EPCI;10947922;m³/an;ODYSSI_BILAN;CACEM / ODYSSI;Bilan ODYSSI 2023.pdf;33;PRODUCTION;OK;COMPLETE;;
2023;EAU_POTABLE;EP_VOLUME_PRODUIT;CACEM;CACEM_EPCI;15103494.0;m³/an;ODYSSI_BILAN;CACEM / ODYSSI;Bilan ODYSSI 2023.pdf;29;PRODUCTION;OK;COMPLETE;;
2023;EAU_POTABLE;EP_VOLUME_PRELEVE_LOCAL;CACEM;CACEM_EPCI;15400582.0;m³/an;ODYSSI_BILAN;CACEM / ODYSSI;Bilan ODYSSI 2023.pdf;29;DIAGNOSTIC;OK;COMPLETE;;BNPE reste source primaire des prélèvements.
2023;EAU_POTABLE;P104.3;CACEM;CACEM_EPCI;63.21;%;ODYSSI_BILAN;CACEM / ODYSSI;Bilan ODYSSI 2023.pdf;30;PRODUCTION;OK;COMPLETE;;
2023;EAU_POTABLE;P106.3;CACEM;CACEM_EPCI;19.8;m³/km/j;ODYSSI_BILAN;CACEM / ODYSSI;Bilan ODYSSI 2023.pdf;30;PRODUCTION;OK;COMPLETE;;
2023;EAU_POTABLE;EP_RESEAU_KM;CACEM;CACEM_EPCI;1038.0;km;ODYSSI_BILAN;CACEM / ODYSSI;Bilan ODYSSI 2023.pdf;27;PRODUCTION;OK;COMPLETE;;
2023;ASSAINISSEMENT_COLLECTIF;AC_ABONNES;CACEM;CACEM_EPCI;40058.0;abonnés;ODYSSI_BILAN;CACEM / ODYSSI;Bilan ODYSSI 2023.pdf;35;PRODUCTION;OK;COMPLETE;;
2023;ASSAINISSEMENT_COLLECTIF;AC_RESEAU_KM;CACEM;CACEM_EPCI;384.0;km;ODYSSI_BILAN;CACEM / ODYSSI;Bilan ODYSSI 2023.pdf;36;PRODUCTION;OK;COMPLETE;;
2023;ASSAINISSEMENT_COLLECTIF;AC_BOUES_TMS;CACEM;CACEM_EPCI;1070.42;tMS/an;ODYSSI_BILAN;CACEM / ODYSSI;Bilan ODYSSI 2023.pdf;40;PRODUCTION;OK;COMPLETE;;
2023;ASSAINISSEMENT_COLLECTIF;AC_VOLUME_FACTURE;CACEM;CACEM_EPCI;4945906;m³/an;ODYSSI_BILAN;CACEM / ODYSSI;Bilan ODYSSI 2023.pdf;41;PRODUCTION;OK;COMPLETE;;
2023;ANC;D301.0_LOCAL;CACEM;CACEM_EPCI;61094;habitants;ODYSSI_BILAN;CACEM / ODYSSI;Bilan ODYSSI 2023.pdf;60;PRODUCTION;OK;COMPLETE;;Estimation locale des habitants non desservis par un réseau de collecte.
2023;ANC;ANC_INSTALLATIONS_ESTIMEES;CACEM;CACEM_EPCI;28845;foyers/installations;ODYSSI_BILAN;CACEM / ODYSSI;Bilan ODYSSI 2023.pdf;60;PRODUCTION;OK;COMPLETE;;
2023;ANC;ANC_CONTROLES_TOTAL;CACEM;CACEM_EPCI;472;contrôles/an;ODYSSI_BILAN;CACEM / ODYSSI;Bilan ODYSSI 2023.pdf;60;PRODUCTION;OK;COMPLETE;;
2023;ANC;ANC_CONTROLE_CONCEPTION;CACEM;CACEM_EPCI;170;contrôles/an;ODYSSI_BILAN;CACEM / ODYSSI;Bilan ODYSSI 2023.pdf;61;PRODUCTION;OK;COMPLETE;;
2023;ANC;ANC_CONTROLE_EXECUTION;CACEM;CACEM_EPCI;61;contrôles/an;ODYSSI_BILAN;CACEM / ODYSSI;Bilan ODYSSI 2023.pdf;61;PRODUCTION;OK;COMPLETE;;
2023;ANC;ANC_CONTROLE_EXISTANT;CACEM;CACEM_EPCI;25;contrôles/an;ODYSSI_BILAN;CACEM / ODYSSI;Bilan ODYSSI 2023.pdf;61;PRODUCTION;OK;COMPLETE;;
2023;ANC;ANC_DIAGNOSTIC_VENTE;CACEM;CACEM_EPCI;216;contrôles/an;ODYSSI_BILAN;CACEM / ODYSSI;Bilan ODYSSI 2023.pdf;61;PRODUCTION;OK;COMPLETE;;
2023;EAU_POTABLE;EP_VOLUME_PRODUIT;EX_SICSM;EX_SICSM_DSP_2015_2027;15550899.0;m³/an;EX_SICSM_EP;SME / CAESM + Robert-Trinite;RAD_Eau_Potable_Ex-SICSM_2023.pdf;15;PRODUCTION;OK;COMPLETE;;Production commune au périmètre Ex-SICSM, non ventilée entre CAESM et Robert-Trinité.
2023;EAU_POTABLE;EP_VOLUME_MIS_DISTRIBUTION;EX_SICSM;EX_SICSM_DSP_2015_2027;14188553.0;m³/an;EX_SICSM_EP;SME / CAESM + Robert-Trinite;RAD_Eau_Potable_Ex-SICSM_2023.pdf;15;PRODUCTION;OK;COMPLETE;;Périmètre Ex-SICSM.
2023;EAU_POTABLE;EP_VOLUME_FACTURE;CAESM;CAESM_EPCI;7983058.0;m³/an;EX_SICSM_EP;SME / CAESM + Robert-Trinite;RAD_Eau_Potable_Ex-SICSM_2023.pdf;15;PRODUCTION;OK;COMPLETE;;
2023;EAU_POTABLE;EP_RESEAU_KM;CAESM;CAESM_EPCI;1377.23;km;EX_SICSM_EP;SME / CAESM + Robert-Trinite;RAD_Eau_Potable_Ex-SICSM_2023.pdf;15;PRODUCTION;OK;COMPLETE;;
2023;EAU_POTABLE;EP_ABONNES;CAESM;CAESM_EPCI;62699.0;abonnés;EX_SICSM_EP;SME / CAESM + Robert-Trinite;RAD_Eau_Potable_Ex-SICSM_2023.pdf;15;PRODUCTION;OK;COMPLETE;;
2023;EAU_POTABLE;P101.1_LOCAL;CAESM;CAESM_EPCI;98.5;%;EX_SICSM_EP;SME / CAESM + Robert-Trinite;RAD_Eau_Potable_Ex-SICSM_2023.pdf;15;PRODUCTION;OK;COMPLETE;;
2023;EAU_POTABLE;P102.1_LOCAL;CAESM;CAESM_EPCI;100.0;%;EX_SICSM_EP;SME / CAESM + Robert-Trinite;RAD_Eau_Potable_Ex-SICSM_2023.pdf;15;PRODUCTION;OK;COMPLETE;;
2023;EAU_POTABLE;EP_VOLUME_FACTURE;ROBERT_TRINITE;ROBERT_TRINITE_EXSICSM;1898167.0;m³/an;EX_SICSM_EP;SME / CAESM + Robert-Trinite;RAD_Eau_Potable_Ex-SICSM_2023.pdf;16;PRODUCTION;OK;COMPLETE;;Sous-périmètre de CAP Nord.
2023;EAU_POTABLE;EP_RESEAU_KM;ROBERT_TRINITE;ROBERT_TRINITE_EXSICSM;284.3;km;EX_SICSM_EP;SME / CAESM + Robert-Trinite;RAD_Eau_Potable_Ex-SICSM_2023.pdf;16;PRODUCTION;OK;COMPLETE;;Sous-périmètre de CAP Nord.
2023;ASSAINISSEMENT_COLLECTIF;AC_STEU_NB;CAESM;CAESM_EPCI;32.0;stations;EX_SICSM_AC;SME / CAESM + Robert-Trinite;RAD_Assainissement_Ex-SICSM_2023.pdf;7;PRODUCTION;OK;COMPLETE;;
2023;ASSAINISSEMENT_COLLECTIF;AC_POSTES_REFOULEMENT;CAESM;CAESM_EPCI;123.0;ouvrages;EX_SICSM_AC;SME / CAESM + Robert-Trinite;RAD_Assainissement_Ex-SICSM_2023.pdf;7;PRODUCTION;OK;COMPLETE;;
2023;ASSAINISSEMENT_COLLECTIF;AC_VOLUME_TRAITE;CAESM;CAESM_EPCI;3254971.0;m³/an;EX_SICSM_AC;SME / CAESM + Robert-Trinite;RAD_Assainissement_Ex-SICSM_2023.pdf;7;PRODUCTION;OK;COMPLETE;;
2023;ASSAINISSEMENT_COLLECTIF;AC_BOUES_TMS;CAESM;CAESM_EPCI;322.2;tMS/an;EX_SICSM_AC;SME / CAESM + Robert-Trinite;RAD_Assainissement_Ex-SICSM_2023.pdf;7;PRODUCTION;OK;COMPLETE;;
2023;ASSAINISSEMENT_COLLECTIF;AC_RESEAU_KM;CAESM;CAESM_EPCI;305.1;km;EX_SICSM_AC;SME / CAESM + Robert-Trinite;RAD_Assainissement_Ex-SICSM_2023.pdf;7;PRODUCTION;OK;COMPLETE;;
2023;ASSAINISSEMENT_COLLECTIF;AC_ABONNES;CAESM;CAESM_EPCI;24046.0;abonnés;EX_SICSM_AC;SME / CAESM + Robert-Trinite;RAD_Assainissement_Ex-SICSM_2023.pdf;7;PRODUCTION;OK;COMPLETE;;
2023;ASSAINISSEMENT_COLLECTIF;AC_STEU_NB;ROBERT_TRINITE;ROBERT_TRINITE_EXSICSM;8.0;stations;EX_SICSM_AC;SME / CAESM + Robert-Trinite;RAD_Assainissement_Ex-SICSM_2023.pdf;8;PRODUCTION;OK;COMPLETE;;Sous-périmètre de CAP Nord.
2023;ASSAINISSEMENT_COLLECTIF;AC_POSTES_REFOULEMENT;ROBERT_TRINITE;ROBERT_TRINITE_EXSICSM;62.0;ouvrages;EX_SICSM_AC;SME / CAESM + Robert-Trinite;RAD_Assainissement_Ex-SICSM_2023.pdf;8;PRODUCTION;OK;COMPLETE;;Sous-périmètre de CAP Nord.
2023;ASSAINISSEMENT_COLLECTIF;AC_VOLUME_TRAITE;ROBERT_TRINITE;ROBERT_TRINITE_EXSICSM;834627.0;m³/an;EX_SICSM_AC;SME / CAESM + Robert-Trinite;RAD_Assainissement_Ex-SICSM_2023.pdf;8;PRODUCTION;OK;COMPLETE;;Sous-périmètre de CAP Nord.
2023;ASSAINISSEMENT_COLLECTIF;AC_BOUES_TMS;ROBERT_TRINITE;ROBERT_TRINITE_EXSICSM;106.259;tMS/an;EX_SICSM_AC;SME / CAESM + Robert-Trinite;RAD_Assainissement_Ex-SICSM_2023.pdf;8;PRODUCTION;OK;COMPLETE;;Sous-périmètre de CAP Nord.
2023;ASSAINISSEMENT_COLLECTIF;AC_RESEAU_KM;ROBERT_TRINITE;ROBERT_TRINITE_EXSICSM;102.502;km;EX_SICSM_AC;SME / CAESM + Robert-Trinite;RAD_Assainissement_Ex-SICSM_2023.pdf;8;PRODUCTION;OK;COMPLETE;;Sous-périmètre de CAP Nord.
2023;ASSAINISSEMENT_COLLECTIF;AC_ABONNES;ROBERT_TRINITE;ROBERT_TRINITE_EXSICSM;6774.0;abonnés;EX_SICSM_AC;SME / CAESM + Robert-Trinite;RAD_Assainissement_Ex-SICSM_2023.pdf;8;PRODUCTION;OK;COMPLETE;;Sous-périmètre de CAP Nord.
2023;ANC;ANC_CONTROLE_CONCEPTION;CAESM;CAESM_EPCI;494;contrôles/an;CAESM_SPANC;CAESM;RPQS SPANC 2023.pdf;4;PRODUCTION;OK;COMPLETE;;443 PC + 51 réhabilitations.
2023;ANC;ANC_CONTROLE_EXECUTION;CAESM;CAESM_EPCI;61;contrôles/an;CAESM_SPANC;CAESM;RPQS SPANC 2023.pdf;4;PRODUCTION;OK;COMPLETE;;
2023;ANC;ANC_CONTROLE_EXISTANT;CAESM;CAESM_EPCI;250;contrôles/an;CAESM_SPANC;CAESM;RPQS SPANC 2023.pdf;4;PRODUCTION;OK;COMPLETE;;216 ventes + 34 ponctuels/nuisances.
2023;ANC;ANC_CONTROLES_TOTAL;CAESM;CAESM_EPCI;805;contrôles/an;CAESM_SPANC;CAESM;RPQS SPANC 2023.pdf;4;PRODUCTION;OK;COMPLETE;;
2023;ANC;D301.0_LOCAL;CAESM;CAESM_EPCI;73440;habitants;CAESM_SPANC;CAESM;RPQS SPANC 2023.pdf;5;PRODUCTION;OK;COMPLETE;;Calcul local : (abonnés AEP - abonnés AC) × 1,9 personne/foyer.
2023;ANC;ANC_INSTALLATIONS_ESTIMEES;CAESM;CAESM_EPCI;38653;foyers/installations;CAESM_SPANC;CAESM;RPQS SPANC 2023.pdf;5;PRODUCTION;OK;COMPLETE;;
2023;ANC;P301.3;CAESM;CAESM_EPCI;;%;CAESM_SPANC;CAESM;RPQS SPANC 2023.pdf;2;DIAGNOSTIC;NOT_CALCULABLE;NOT_APPLICABLE;;D302.0 = 70 (<100), le RPQS indique que P301.3 ne doit pas être calculé.
2023;ASSAINISSEMENT_COLLECTIF;AC_RESEAU_KM;CAP_NORD;CAP_NORD_EPCI;254.88;km;CAPNORD_AC_RPQS;CAP Nord;RPQS Assainissement collectif 2023.pdf;6;PRODUCTION;OK;COMPLETE;;
2023;ASSAINISSEMENT_COLLECTIF;AC_BOUES_TMS;CAP_NORD;CAP_NORD_EPCI;353.0;tMS/an;CAPNORD_AC_RPQS;CAP Nord;RPQS Assainissement collectif 2023.pdf;11;PRODUCTION;OK;COMPLETE;;Somme Trinité-Robert + autres communes.
2023;ASSAINISSEMENT_COLLECTIF;AC_ABONNES;CAP_NORD;CAP_NORD_EPCI;17981;abonnés;CAPNORD_AC_RPQS;CAP Nord;RPQS Assainissement collectif 2023.pdf;12;PRODUCTION;OK;COMPLETE;;
2023;ASSAINISSEMENT_COLLECTIF;AC_POPULATION_DESSERVIE;CAP_NORD;CAP_NORD_EPCI;44409;habitants;CAPNORD_AC_RPQS;CAP Nord;RPQS Assainissement collectif 2023.pdf;11;PRODUCTION;OK;COMPLETE;;
2023;ASSAINISSEMENT_COLLECTIF;AC_VOLUME_ASSUJETTI;CAP_NORD;CAP_NORD_EPCI;1771215;m³/an;CAPNORD_AC_RPQS;CAP Nord;RPQS Assainissement collectif 2023.pdf;5;PRODUCTION;OK;COMPLETE;;"Volume assujetti à la redevance ; ne pas confondre avec volume traité."
2023;ANC;D301.0_LOCAL;CAP_NORD;CAP_NORD_EPCI;96187;habitants;CAPNORD_SPANC;CAP Nord;RPQS SPANC 2023(1).pdf;3;DIAGNOSTIC;METHODOLOGY_TO_REVIEW;COMPLETE;;La valeur correspond à une population INSEE ancienne du territoire et semble surestimer la population réellement en ANC.
2023;ANC;ANC_INSTALLATIONS_ESTIMEES;CAP_NORD;CAP_NORD_EPCI;30152;installations;CAPNORD_SPANC;CAP Nord;RPQS SPANC 2023(1).pdf;3;PRODUCTION;OK;COMPLETE;;
2023;ANC;P301.3_PUBLISHED;CAP_NORD;CAP_NORD_EPCI;28.0;%;CAPNORD_SPANC;CAP Nord;RPQS SPANC 2023(1).pdf;9;AUDIT;SOURCE_CALCULATION_ERROR;COMPLETE;;"Valeur publiée 2023 ; 4801/18322 = 26,20 %. Le RPQS 2024 corrige rétrospectivement 2023 à 26,20 %."
2023;ANC;P301.3;CAP_NORD;CAP_NORD_EPCI;26.203471236764546;%;CAPNORD_SPANC;CAP Nord;RPQS SPANC 2023(1).pdf;9;PRODUCTION;REVISED_BY_LATER_SOURCE;COMPLETE;;Valeur recalculée et confirmée par le RPQS 2024.
2023;ASSAINISSEMENT_COLLECTIF;AC_ABONNES;Martinique;Martinique;82085.0;abonnés;DERIVED;ODE;CALCUL_LOCAL;;PRODUCTION;OK;COMPLETE;;Somme des trois EPCI à partir des RAD/RPQS locaux.
2023;ASSAINISSEMENT_COLLECTIF;AC_RESEAU_KM;Martinique;Martinique;943.98;km;DERIVED;ODE;CALCUL_LOCAL;;PRODUCTION;OK;COMPLETE;;Somme des trois EPCI à partir des RAD/RPQS locaux.
2023;ASSAINISSEMENT_COLLECTIF;AC_BOUES_TMS;Martinique;Martinique;1745.6200000000001;tMS/an;DERIVED;ODE;CALCUL_LOCAL;;PRODUCTION;OK;COMPLETE;;Somme des trois EPCI à partir des RAD/RPQS locaux.
2023;EAU_POTABLE;EP_ABONNES;CAP_NORD_DSP_2020_2024;CAP_NORD_DSP_2020_2024;38372;abonnés;RAD;CAP Nord / SME;RAD_Eau_potable_CAP_NORD_2023.pdf;129;PRODUCTION;OK;COMPLETE;Abonnés du contrat CAP Nord incluant les secteurs Robert CN et Trinité CN.;Tableau détaillé par commune/secteur.
2023;EAU_POTABLE;EP_ABONNES;ROBERT_TRINITE;ROBERT_TRINITE_EXSICSM;14266;abonnés;RAD;CAP Nord / SME;RAD_Eau_Potable_Ex-SICSM_2023.pdf;44;PRODUCTION;OK;COMPLETE;Abonnés des secteurs Robert-Trinité relevant du contrat Ex-SICSM.;
2023;EAU_POTABLE;EP_ABONNES;CAP_NORD;CAP_NORD_EPCI;52638;abonnés;RPQS;CAP Nord / SME;https://www.services.eaufrance.fr/sispea/referential/download-rpqs.action?collectivityId=236434&rpqsId=826773;7;PRODUCTION;OK;COMPLETE;Total EPCI = contrat CAP Nord + secteurs Robert-Trinité Ex-SICSM.;38372 + 14266 = 52638.
2023;EAU_POTABLE;EP_VOLUME_FACTURE_CLIENTELE;CAP_NORD_DSP_2020_2024;CAP_NORD_DSP_2020_2024;3824192;m³/an;RAD;CAP Nord / SME;RAD_Eau_potable_CAP_NORD_2023.pdf;130;PRODUCTION;OK;COMPLETE;Somme des volumes facturés/vendus du tableau clientèle du RAD.;Le RPQS donne 3 824 167 m3, écart de 25 m3.
2023;EAU_POTABLE;EP_VOLUME_FACTURE_HYDRAULIQUE;CAP_NORD_DSP_2020_2024;CAP_NORD_DSP_2020_2024;3670323;m³/an;RAD;CAP Nord / SME;RAD_Eau_potable_CAP_NORD_2023.pdf;64;PRODUCTION;OK;COMPLETE;Volume facturé E' utilisé dans le bilan hydraulique/rendement.;
2023;EAU_POTABLE;EP_VOLUME_COMPTABILISE;CAP_NORD_DSP_2020_2024;CAP_NORD_DSP_2020_2024;3728683;m³/an;RAD;CAP Nord / SME;RAD_Eau_potable_CAP_NORD_2023.pdf;64;PRODUCTION;OK;COMPLETE;Volume comptabilisé E = facturé + dégrevé/gratuit.;
2023;EAU_POTABLE;P104.3;CAP_NORD_DSP_2020_2024;CAP_NORD_DSP_2020_2024;51.53;%;RAD;CAP Nord / SME;RAD_Eau_potable_CAP_NORD_2023.pdf;66;AUDIT;REVISED_LATER;COMPLETE;Rendement du réseau du contrat CAP Nord publié dans le RAD 2023.;Le RAD 2024 révise la valeur historique 2023 à 53,17 %.
2023;EAU_POTABLE;P104.3_REVISED;CAP_NORD_DSP_2020_2024;CAP_NORD_DSP_2020_2024;53.17;%;RAD;CAP Nord / SME;RAD_Eau_potable_CAP_NORD_2024.pdf;48;PRODUCTION;REVISED_BY_LATER_SOURCE;COMPLETE;Rendement 2023 révisé tel que repris dans le RAD 2024.;Ne pas écraser la publication initiale.
2023;EAU_POTABLE;P106.3;CAP_NORD_DSP_2020_2024;CAP_NORD_DSP_2020_2024;10.97;m³/km/j;RAD;CAP Nord / SME;RAD_Eau_potable_CAP_NORD_2023.pdf;65;PRODUCTION;OK;COMPLETE;Indice linéaire de pertes du contrat CAP Nord.;
2023;EAU_POTABLE;P104.3_CONTRACT;EX_SICSM;EX_SICSM_DSP_2015_2027;80.0;%;RAD;CAP Nord / SME;RAD_Eau_Potable_Ex-SICSM_2023.pdf;105;PRODUCTION;OK;COMPLETE;P104.3 calculé pour le périmètre entier Ex-SICSM.;Le RAD indique que rendement/ILP ne sont pas ventilables entre CAESM et Robert-Trinité.
2023;EAU_POTABLE;P106.3_CONTRACT;EX_SICSM;EX_SICSM_DSP_2015_2027;6.53;m³/km/j;RAD;CAP Nord / SME;RAD_Eau_Potable_Ex-SICSM_2023.pdf;105;PRODUCTION;OK;COMPLETE;ILP/pertes du périmètre entier Ex-SICSM.;
2023;EAU_POTABLE;P104.3_REPORTED_RT;ROBERT_TRINITE;ROBERT_TRINITE_EXSICSM;80.63;%;RPQS;CAP Nord / SME;https://www.services.eaufrance.fr/sispea/referential/download-rpqs.action?collectivityId=236434&rpqsId=831713;34;DIAGNOSTIC;PERIMETER_SCOPE_AMBIGUOUS;COMPLETE;Valeur RPQS libellée Robert-Trinité / ex-SICSM.;Proche du rendement technique de l'ensemble Ex-SICSM, alors que le RAD dit l'indicateur non ventilable.
2023;EAU_POTABLE;EP_VOLUME_VENDU_RPQS;CAP_NORD_DSP_2020_2024;CAP_NORD_DSP_2020_2024;3824167;m³/an;RPQS;CAP Nord / SME;https://www.services.eaufrance.fr/sispea/referential/download-rpqs.action?collectivityId=236434&rpqsId=831713;11;DIAGNOSTIC;OK;COMPLETE;Volumes vendus aux abonnés « 16 communes » au RPQS.;Écart de 25 m3 avec le tableau clientèle du RAD.
2023;EAU_POTABLE;EP_VOLUME_VENDU_RPQS;ROBERT_TRINITE;ROBERT_TRINITE_EXSICSM;1898167;m³/an;RPQS;CAP Nord / SME;https://www.services.eaufrance.fr/sispea/referential/download-rpqs.action?collectivityId=236434&rpqsId=831713;11;PRODUCTION;OK;COMPLETE;Volumes vendus aux abonnés Robert-Trinité contrat ex-SICSM.;
2023;EAU_POTABLE;EP_VOLUME_VENDU_RPQS;CAP_NORD;CAP_NORD_EPCI;5722534;m³/an;RPQS;CAP Nord / SME;https://www.services.eaufrance.fr/sispea/referential/download-rpqs.action?collectivityId=236434&rpqsId=831713;11;PRODUCTION;OK;COMPLETE;Total vendu aux abonnés de l'EPCI.;
