source_file;year_reference;source_family;authority;pages;sha256
Bilan ODYSSI 2023.pdf;2023;ODYSSI_BILAN;CACEM / ODYSSI;182;e818b67cb8a051d7d99596c72c810800a2f3cc23b20112f4bd2170a96359b04c
RAD_Eau_Potable_Ex-SICSM_2023.pdf;2023;EX_SICSM_EP;SME / CAESM + Robert-Trinite;488;8d2bbe87d635cfab2ba18139a2346b217d04ceaec93943ceb401dfe953a04b18
RAD_Assainissement_Ex-SICSM_2023.pdf;2023;EX_SICSM_AC;SME / CAESM + Robert-Trinite;353;47a30b43d4ba983f3a18d29e22ed488acd2560fd118902bc3f28e2e8a2deaa60
RPQS SPANC 2023.pdf;2023;CAESM_SPANC;CAESM;11;7c75084955dace5dc086bb6689bb3de49792d012cd65edaadca428f25e9b5b9d
RAD_Eau_Potable_Ex-SICSM_2024_V3.pdf;2024;EX_SICSM_EP;SME / CAESM + Robert-Trinite;452;bff98d433c237c974be3f3c380acfd71bb33975babac2429b21a17085f8b0d5e
RAD_Assainissement_Ex-SICSM_2024_V2.pdf;2024;EX_SICSM_AC;SME / CAESM + Robert-Trinite;412;2cb0d099ebacab245abc22396eb0db7a8b77ad320e8891a04bcc4e551a4e56d5
RAD_Eau_potable_CAP_NORD_2023.pdf;2023;CAPNORD_EP_CONTRACT;SME / CAP Nord;364;0f4c73bbc69dbf3f3b2d29cfdeefd93e8a61b7002870a1db834e20973ad0aec5
RPQS Assainissement collectif 2023.pdf;2023;CAPNORD_AC_RPQS;CAP Nord;23;768bcd8a82b7dbd808c016f2acfcb15c9e2565e0e6d3d116ee2e7b50be171e33
RPQS SPANC 2023(1).pdf;2023;CAPNORD_SPANC;CAP Nord;9;590cba0389b0e43029bd441078005e94827172da13ba2024d4793f7383aa4d48
CC-09-2025-235 Approbation RPQS Assainissement collectif 2024.pdf;2024;CAPNORD_AC_RPQS;CAP Nord;29;754789b0056abd09d94c8ebc180f6f6cb5678f2bb10345f6219ba2512002ac89
CC-09-2025-236 Approbation RPQS Assainissement non collectif 2024.pdf;2024;CAPNORD_SPANC;CAP Nord;15;9db5547c27748f3bea966a3cbd94f73fb00cedd9df25d7fe374aa4d296e31fa3
RAD_Eau_potable_CAP_NORD_2024.pdf;2024;CAPNORD_EP_CONTRACT;SME / CAP Nord;350;54d26d92ccd57e2b5811d27b5d8aec6f3585108c1b9018150ee0a8279b88f6ba
