perimeter_id;label;territory_kind;valid_from;valid_to;authority;operator;notes;source_url
CACEM_EPCI;CACEM - périmètre administratif;EPCI;2017-01-01;;CACEM;ODYSSI;4 communes.;https://www.banatic.interieur.gouv.fr/intercommunalite/249720061-ca-du-centre-de-la-martinique
CAESM_EPCI;CAESM - périmètre administratif;EPCI;2017-01-01;;CAESM;;12 communes.;https://www.banatic.interieur.gouv.fr/intercommunalite/249720053-ca-de-l-espace-sud-de-la-martinique
CAP_NORD_EPCI;CAP Nord - périmètre administratif;EPCI;2017-01-01;;CAP Nord;;18 communes.;https://www.banatic.interieur.gouv.fr/intercommunalite/200041788-ca-du-pays-nord-martinique
EX_SICSM_DSP_2015_2027;DSP Ex-SICSM Eau Potable 2015-2027;CONTRACT;2015-04-01;2027-03-31;CAESM + CAP Nord;SME;12 communes CAESM + secteurs de Robert et Trinité. Certaines données hydrauliques ne sont calculables qu'à l'échelle du contrat complet.;https://www.eaumartinique.fr/184-services-d-eau-potable-et-d-assainissement/rapports
CAP_NORD_DSP_2020_2024;DSP CAP Nord Eau Potable 2020-2024;CONTRACT;2020-04-01;2024-12-31;CAP Nord;SME;16 communes pleines + secteurs partiels Robert CN / Trinité CN visibles dans le RAD. Le contrat initial est indiqué 01/04/2020-31/03/2024 mais les données 2024 sont publiées dans le RAD.;https://www.eaumartinique.fr/184-services-d-eau-potable-et-d-assainissement/rapports
CAP_NORD_SAUR_2025_2027;DSP CAP Nord SAUR hors Robert-Trinité;CONTRACT;2025-01-01;2027-03-31;CAP Nord;SAUR Martinique;16 communes, Robert et Trinité restent SME jusqu'au 31/03/2027.;https://www.capnordmartinique.fr/eau-et-assainissement/eau-potable
ROBERT_TRINITE_EXSICSM;Secteurs Robert-Trinité du contrat Ex-SICSM;SERVICE_SECTOR;2017-01-01;2027-03-31;CAP Nord;SME;Parties des deux communes relevant de la DSP Ex-SICSM.;https://www.services.eaufrance.fr/service/251994/2024
ROBERT_CN;Secteur CAP Nord de la commune du Robert;SERVICE_SECTOR;2020-04-01;2024-12-31;CAP Nord;SME;Secteur partiel identifié « Robert CN » dans les tableaux détaillés du RAD CAP Nord.;
TRINITE_CN;Secteur CAP Nord de la commune de La Trinité;SERVICE_SECTOR;2020-04-01;2024-12-31;CAP Nord;SME;Secteur partiel identifié « Trinité CN » dans les tableaux détaillés du RAD CAP Nord.;
