annee_reference;competence;service_id;epci_normalise;code;valeur_num;valeur_texte;source_file;date_snapshot
2022;EP;196847;CAESM;D101.0;116100.0;;SISPEA_extraction_2022_AEP.ods;2026-09-24T17:33:42.676
2022;EP;196847;CAESM;D102.0;2.84;;SISPEA_extraction_2022_AEP.ods;2026-09-24T17:33:42.676
2022;EP;196847;CAESM;D151.0;1.0;;SISPEA_extraction_2022_AEP.ods;2026-09-24T17:33:42.676
2022;EP;196847;CAESM;P101.1;99.5;;SISPEA_extraction_2022_AEP.ods;2026-09-24T17:33:42.676
2022;EP;196847;CAESM;P102.1;99.5;;SISPEA_extraction_2022_AEP.ods;2026-09-24T17:33:42.676
2022;EP;196847;CAESM;P103.2B;105.0;;SISPEA_extraction_2022_AEP.ods;2026-09-24T17:33:42.676
2022;EP;196847;CAESM;P104.3;81.8;;SISPEA_extraction_2022_AEP.ods;2026-09-24T17:33:42.676
2022;EP;196847;CAESM;P105.3;6.5;;SISPEA_extraction_2022_AEP.ods;2026-09-24T17:33:42.676
2022;EP;196847;CAESM;P106.3;6.1;;SISPEA_extraction_2022_AEP.ods;2026-09-24T17:33:42.676
2022;EP;196847;CAESM;P107.2;0.18;;SISPEA_extraction_2022_AEP.ods;2026-09-24T17:33:42.676
2022;EP;196847;CAESM;P108.3;75.8;;SISPEA_extraction_2022_AEP.ods;2026-09-24T17:33:42.676
2022;EP;196847;CAESM;P109.0;0.0007;;SISPEA_extraction_2022_AEP.ods;2026-09-24T17:33:42.676
2022;EP;196847;CAESM;P151.1;10.34;;SISPEA_extraction_2022_AEP.ods;2026-09-24T17:33:42.676
2022;EP;196847;CAESM;P152.1;100.0;;SISPEA_extraction_2022_AEP.ods;2026-09-24T17:33:42.676
2022;EP;196847;CAESM;P153.2;0.8;;SISPEA_extraction_2022_AEP.ods;2026-09-24T17:33:42.676
2022;EP;196847;CAESM;P154.0;10.19;;SISPEA_extraction_2022_AEP.ods;2026-09-24T17:33:42.676
2022;EP;196847;CAESM;P155.1;2.01;;SISPEA_extraction_2022_AEP.ods;2026-09-24T17:33:42.676
2022;EP;196847;CAESM;VP.056;61783.0;;SISPEA_extraction_2022_AEP.ods;2026-09-24T17:33:42.676
2022;EP;196847;CAESM;VP.177;241.13;;SISPEA_extraction_2022_AEP.ods;2026-09-24T17:33:42.676
2022;EP;196847;CAESM;VP.190;52.4;;SISPEA_extraction_2022_AEP.ods;2026-09-24T17:33:42.676
2022;EP;196847;CAESM;VP.178;49.64;;SISPEA_extraction_2022_AEP.ods;2026-09-24T17:33:42.676
2022;EP;196847;CAESM;VP.191;0.0;;SISPEA_extraction_2022_AEP.ods;2026-09-24T17:33:42.676
2022;EP;196847;CAESM;VP.179;49.6;;SISPEA_extraction_2022_AEP.ods;2026-09-24T17:33:42.676
2022;EP;196847;CAESM;VP.213;2.1;;SISPEA_extraction_2022_AEP.ods;2026-09-24T17:33:42.676
2022;EP;196847;CAESM;VP.215;0.055;;SISPEA_extraction_2022_AEP.ods;2026-09-24T17:33:42.676
2022;EP;196847;CAESM;VP.216;0.26;;SISPEA_extraction_2022_AEP.ods;2026-09-24T17:33:42.676
2022;EP;196847;CAESM;VP.219;0.04;;SISPEA_extraction_2022_AEP.ods;2026-09-24T17:33:42.676
2022;EP;196847;CAESM;VP.183;660430.0;;SISPEA_extraction_2022_AEP.ods;2026-09-24T17:33:42.676
2022;EP;196847;CAESM;VP.182;539999.0;;SISPEA_extraction_2022_AEP.ods;2026-09-24T17:33:42.676
2022;EP;196847;CAESM;VP.119;6302.0;;SISPEA_extraction_2022_AEP.ods;2026-09-24T17:33:42.676
2022;EP;196847;CAESM;VP.185;20058302.74;;SISPEA_extraction_2022_AEP.ods;2026-09-24T17:33:42.676
2022;EP;196847;CAESM;VP.020;639.0;;SISPEA_extraction_2022_AEP.ods;2026-09-24T17:33:42.676
2022;EP;196847;CAESM;VP.003;124.0;;SISPEA_extraction_2022_AEP.ods;2026-09-24T17:33:42.676
2022;EP;196847;CAESM;VP.152;0.0;;SISPEA_extraction_2022_AEP.ods;2026-09-24T17:33:42.676
2022;EP;196847;CAESM;VP.059;15540092.0;;SISPEA_extraction_2022_AEP.ods;2026-09-24T17:33:42.676
2022;EP;196847;CAESM;VP.060;4860971.0;;SISPEA_extraction_2022_AEP.ods;2026-09-24T17:33:42.676
2022;EP;196847;CAESM;VP.061;6914829.0;;SISPEA_extraction_2022_AEP.ods;2026-09-24T17:33:42.676
2022;EP;196847;CAESM;VP.193;40.0;;SISPEA_extraction_2022_AEP.ods;2026-09-24T17:33:42.676
2022;EP;196847;CAESM;VP.063;9533896.0;;SISPEA_extraction_2022_AEP.ods;2026-09-24T17:33:42.676
2022;EP;196847;CAESM;VP.220;118924.0;;SISPEA_extraction_2022_AEP.ods;2026-09-24T17:33:42.676
2022;EP;196847;CAESM;VP.221;120820.0;;SISPEA_extraction_2022_AEP.ods;2026-09-24T17:33:42.676
2022;EP;196847;CAESM;VP.077;1657.0;;SISPEA_extraction_2022_AEP.ods;2026-09-24T17:33:42.676
2022;EP;196847;CAESM;VP.140;14.6;;SISPEA_extraction_2022_AEP.ods;2026-09-24T17:33:42.676
2022;EP;196847;CAESM;VP.141;1.85;;SISPEA_extraction_2022_AEP.ods;2026-09-24T17:33:42.676
2022;EP;196847;CAESM;VP.224;27.59;;SISPEA_extraction_2022_AEP.ods;2026-09-24T17:33:42.676
2022;EP;196847;CAESM;VP.225;82.23;;SISPEA_extraction_2022_AEP.ods;2026-09-24T17:33:42.676
2022;EP;196847;CAESM;VP.226;70.52;;SISPEA_extraction_2022_AEP.ods;2026-09-24T17:33:42.676
2022;EP;196847;CAESM;VP.227;75.52;;SISPEA_extraction_2022_AEP.ods;2026-09-24T17:33:42.676
2022;EP;196847;CAESM;VP.228;37.29;;SISPEA_extraction_2022_AEP.ods;2026-09-24T17:33:42.676
2022;EP;196847;CAESM;VP.229;1.88;;SISPEA_extraction_2022_AEP.ods;2026-09-24T17:33:42.676
2022;EP;196847;CAESM;VP.231;154.31;;SISPEA_extraction_2022_AEP.ods;2026-09-24T17:33:42.676
2022;EP;196847;CAESM;VP.232;9533896.0;;SISPEA_extraction_2022_AEP.ods;2026-09-24T17:33:42.676
2022;EP;196847;CAESM;VP.234;20401063.0;;SISPEA_extraction_2022_AEP.ods;2026-09-24T17:33:42.676
2022;EP;196847;CAESM;VP.062;16105405.0;;SISPEA_extraction_2022_AEP.ods;2026-09-24T17:33:42.676
2022;EP;196847;CAESM;VP.126;187.0;;SISPEA_extraction_2022_AEP.ods;2026-09-24T17:33:42.676
2022;EP;196847;CAESM;VP.127;1.0;;SISPEA_extraction_2022_AEP.ods;2026-09-24T17:33:42.676
2022;EP;196847;CAESM;VP.128;200.0;;SISPEA_extraction_2022_AEP.ods;2026-09-24T17:33:42.676
2022;EP;196847;CAESM;VP.129;1.0;;SISPEA_extraction_2022_AEP.ods;2026-09-24T17:33:42.676
2022;EP;196847;CAESM;VP.175;116100.0;;SISPEA_extraction_2022_AEP.ods;2026-09-24T17:33:42.676
2022;EP;196847;CAESM;VP.212;87.0;;SISPEA_extraction_2022_AEP.ods;2026-09-24T17:33:42.676
2022;EP;196847;CAESM;VP.236;1.0;;SISPEA_extraction_2022_AEP.ods;2026-09-24T17:33:42.676
2022;EP;196847;CAESM;VP.237;1.0;;SISPEA_extraction_2022_AEP.ods;2026-09-24T17:33:42.676
2022;EP;196847;CAESM;VP.238;1.0;;SISPEA_extraction_2022_AEP.ods;2026-09-24T17:33:42.676
2022;EP;196847;CAESM;VP.239;99.59;;SISPEA_extraction_2022_AEP.ods;2026-09-24T17:33:42.676
2022;EP;196847;CAESM;VP.240;1.0;;SISPEA_extraction_2022_AEP.ods;2026-09-24T17:33:42.676
2022;EP;196847;CAESM;VP.241;99.32;;SISPEA_extraction_2022_AEP.ods;2026-09-24T17:33:42.676
2022;EP;196847;CAESM;VP.242;1.0;;SISPEA_extraction_2022_AEP.ods;2026-09-24T17:33:42.676
2022;EP;196847;CAESM;VP.243;1.0;;SISPEA_extraction_2022_AEP.ods;2026-09-24T17:33:42.676
2022;EP;196847;CAESM;VP.244;0.0;;SISPEA_extraction_2022_AEP.ods;2026-09-24T17:33:42.676
2022;EP;196847;CAESM;VP.245;1.0;;SISPEA_extraction_2022_AEP.ods;2026-09-24T17:33:42.676
2022;EP;196847;CAESM;VP.246;1.0;;SISPEA_extraction_2022_AEP.ods;2026-09-24T17:33:42.676
2022;EP;196847;CAESM;VP.247;1.0;;SISPEA_extraction_2022_AEP.ods;2026-09-24T17:33:42.676
2022;EP;196847;CAESM;VP.248;1.0;;SISPEA_extraction_2022_AEP.ods;2026-09-24T17:33:42.676
2022;EP;196847;CAESM;VP.249;0.0;;SISPEA_extraction_2022_AEP.ods;2026-09-24T17:33:42.676
2022;EP;196847;CAESM;VP.263;15.0;;SISPEA_extraction_2022_AEP.ods;2026-09-24T17:33:42.676
2022;EP;196847;CAESM;VP.264;45.0;;SISPEA_extraction_2022_AEP.ods;2026-09-24T17:33:42.676
2022;EP;196847;CAESM;VP.268;2044551.0;;SISPEA_extraction_2022_AEP.ods;2026-09-24T17:33:42.676
2022;EP;299714;CAP_NORD;D101.0;63570.0;;SISPEA_extraction_2022_AEP.ods;2026-09-24T17:33:42.676
2022;EP;299714;CAP_NORD;D102.0;3.05;;SISPEA_extraction_2022_AEP.ods;2026-09-24T17:33:42.676
2022;EP;299714;CAP_NORD;D151.0;1.0;;SISPEA_extraction_2022_AEP.ods;2026-09-24T17:33:42.676
2022;EP;299714;CAP_NORD;P101.1;98.3;;SISPEA_extraction_2022_AEP.ods;2026-09-24T17:33:42.676
2022;EP;299714;CAP_NORD;P102.1;100.0;;SISPEA_extraction_2022_AEP.ods;2026-09-24T17:33:42.676
2022;EP;299714;CAP_NORD;P103.2B;103.0;;SISPEA_extraction_2022_AEP.ods;2026-09-24T17:33:42.676
2022;EP;299714;CAP_NORD;P104.3;52.4;;SISPEA_extraction_2022_AEP.ods;2026-09-24T17:33:42.676
2022;EP;299714;CAP_NORD;P105.3;10.7;;SISPEA_extraction_2022_AEP.ods;2026-09-24T17:33:42.676
2022;EP;299714;CAP_NORD;P106.3;10.2;;SISPEA_extraction_2022_AEP.ods;2026-09-24T17:33:42.676
2022;EP;299714;CAP_NORD;P107.2;0.28;;SISPEA_extraction_2022_AEP.ods;2026-09-24T17:33:42.676
2022;EP;299714;CAP_NORD;P108.3;49.4;;SISPEA_extraction_2022_AEP.ods;2026-09-24T17:33:42.676
2022;EP;299714;CAP_NORD;P109.0;0.0001;;SISPEA_extraction_2022_AEP.ods;2026-09-24T17:33:42.676
2022;EP;299714;CAP_NORD;P151.1;17.16;;SISPEA_extraction_2022_AEP.ods;2026-09-24T17:33:42.676
2022;EP;299714;CAP_NORD;P152.1;100.0;;SISPEA_extraction_2022_AEP.ods;2026-09-24T17:33:42.676
2022;EP;299714;CAP_NORD;P153.2;0.4;;SISPEA_extraction_2022_AEP.ods;2026-09-24T17:33:42.676
2022;EP;299714;CAP_NORD;P154.0;14.18;;SISPEA_extraction_2022_AEP.ods;2026-09-24T17:33:42.676
2022;EP;299714;CAP_NORD;P155.1;1.76;;SISPEA_extraction_2022_AEP.ods;2026-09-24T17:33:42.676
2022;EP;299714;CAP_NORD;VP.056;38003.0;;SISPEA_extraction_2022_AEP.ods;2026-09-24T17:33:42.676
2022;EP;299714;CAP_NORD;VP.177;251.16;;SISPEA_extraction_2022_AEP.ods;2026-09-24T17:33:42.676
2022;EP;299714;CAP_NORD;VP.190;54.36;;SISPEA_extraction_2022_AEP.ods;2026-09-24T17:33:42.676
2022;EP;299714;CAP_NORD;VP.178;64.87;;SISPEA_extraction_2022_AEP.ods;2026-09-24T17:33:42.676
2022;EP;299714;CAP_NORD;VP.191;28.0;;SISPEA_extraction_2022_AEP.ods;2026-09-24T17:33:42.676
2022;EP;299714;CAP_NORD;VP.179;50.54;;SISPEA_extraction_2022_AEP.ods;2026-09-24T17:33:42.676
2022;EP;299714;CAP_NORD;VP.213;2.1;;SISPEA_extraction_2022_AEP.ods;2026-09-24T17:33:42.676
2022;EP;299714;CAP_NORD;VP.215;0.055;;SISPEA_extraction_2022_AEP.ods;2026-09-24T17:33:42.676
2022;EP;299714;CAP_NORD;VP.216;0.26;;SISPEA_extraction_2022_AEP.ods;2026-09-24T17:33:42.676
2022;EP;299714;CAP_NORD;VP.219;0.0433;;SISPEA_extraction_2022_AEP.ods;2026-09-24T17:33:42.676
2022;EP;299714;CAP_NORD;DC.195;1064628.55;;SISPEA_extraction_2022_AEP.ods;2026-09-24T17:33:42.676
2022;EP;299714;CAP_NORD;VP.183;4130701.85;;SISPEA_extraction_2022_AEP.ods;2026-09-24T17:33:42.676
2022;EP;299714;CAP_NORD;VP.182;1704464.37;;SISPEA_extraction_2022_AEP.ods;2026-09-24T17:33:42.676
2022;EP;299714;CAP_NORD;VP.119;464.58;;SISPEA_extraction_2022_AEP.ods;2026-09-24T17:33:42.676
2022;EP;299714;CAP_NORD;VP.185;11003484.0;;SISPEA_extraction_2022_AEP.ods;2026-09-24T17:33:42.676
2022;EP;299714;CAP_NORD;VP.020;652.0;;SISPEA_extraction_2022_AEP.ods;2026-09-24T17:33:42.676
2022;EP;299714;CAP_NORD;VP.003;55.0;;SISPEA_extraction_2022_AEP.ods;2026-09-24T17:33:42.676
2022;EP;299714;CAP_NORD;VP.152;12.0;;SISPEA_extraction_2022_AEP.ods;2026-09-24T17:33:42.676
2022;EP;299714;CAP_NORD;VP.059;4876337.0;;SISPEA_extraction_2022_AEP.ods;2026-09-24T17:33:42.676
2022;EP;299714;CAP_NORD;VP.060;2549660.0;;SISPEA_extraction_2022_AEP.ods;2026-09-24T17:33:42.676
2022;EP;299714;CAP_NORD;VP.061;82720.0;;SISPEA_extraction_2022_AEP.ods;2026-09-24T17:33:42.676
2022;EP;299714;CAP_NORD;VP.193;53.4;;SISPEA_extraction_2022_AEP.ods;2026-09-24T17:33:42.676
2022;EP;299714;CAP_NORD;VP.063;3658708.0;;SISPEA_extraction_2022_AEP.ods;2026-09-24T17:33:42.676
2022;EP;299714;CAP_NORD;VP.201;0.0;;SISPEA_extraction_2022_AEP.ods;2026-09-24T17:33:42.676
2022;EP;299714;CAP_NORD;VP.220;106478.0;;SISPEA_extraction_2022_AEP.ods;2026-09-24T17:33:42.676
2022;EP;299714;CAP_NORD;VP.221;45294.0;;SISPEA_extraction_2022_AEP.ods;2026-09-24T17:33:42.676
2022;EP;299714;CAP_NORD;DC.192;47.1;;SISPEA_extraction_2022_AEP.ods;2026-09-24T17:33:42.676
2022;EP;299714;CAP_NORD;VP.077;947.0;;SISPEA_extraction_2022_AEP.ods;2026-09-24T17:33:42.676
2022;EP;299714;CAP_NORD;VP.140;13.26;;SISPEA_extraction_2022_AEP.ods;2026-09-24T17:33:42.676
2022;EP;299714;CAP_NORD;VP.141;2.6;;SISPEA_extraction_2022_AEP.ods;2026-09-24T17:33:42.676
2022;EP;299714;CAP_NORD;VP.224;11.26;;SISPEA_extraction_2022_AEP.ods;2026-09-24T17:33:42.676
2022;EP;299714;CAP_NORD;VP.225;53.97;;SISPEA_extraction_2022_AEP.ods;2026-09-24T17:33:42.676
2022;EP;299714;CAP_NORD;VP.226;67.25;;SISPEA_extraction_2022_AEP.ods;2026-09-24T17:33:42.676
2022;EP;299714;CAP_NORD;VP.227;72.25;;SISPEA_extraction_2022_AEP.ods;2026-09-24T17:33:42.676
2022;EP;299714;CAP_NORD;VP.228;40.13;;SISPEA_extraction_2022_AEP.ods;2026-09-24T17:33:42.676
2022;EP;299714;CAP_NORD;VP.229;1.67;;SISPEA_extraction_2022_AEP.ods;2026-09-24T17:33:42.676
2022;EP;299714;CAP_NORD;VP.231;96.27;;SISPEA_extraction_2022_AEP.ods;2026-09-24T17:33:42.676
2022;EP;299714;CAP_NORD;VP.232;3658708.0;;SISPEA_extraction_2022_AEP.ods;2026-09-24T17:33:42.676
2022;EP;299714;CAP_NORD;VP.234;7425997.0;;SISPEA_extraction_2022_AEP.ods;2026-09-24T17:33:42.676
2022;EP;299714;CAP_NORD;VP.062;5449059.0;;SISPEA_extraction_2022_AEP.ods;2026-09-24T17:33:42.676
2022;EP;299714;CAP_NORD;VP.126;297.0;;SISPEA_extraction_2022_AEP.ods;2026-09-24T17:33:42.676
2022;EP;299714;CAP_NORD;VP.127;5.0;;SISPEA_extraction_2022_AEP.ods;2026-09-24T17:33:42.676
2022;EP;299714;CAP_NORD;VP.128;297.0;;SISPEA_extraction_2022_AEP.ods;2026-09-24T17:33:42.676
2022;EP;299714;CAP_NORD;VP.129;0.0;;SISPEA_extraction_2022_AEP.ods;2026-09-24T17:33:42.676
2022;EP;299714;CAP_NORD;VP.175;63570.0;;SISPEA_extraction_2022_AEP.ods;2026-09-24T17:33:42.676
2022;EP;299714;CAP_NORD;VP.212;47.24;;SISPEA_extraction_2022_AEP.ods;2026-09-24T17:33:42.676
2022;EP;299714;CAP_NORD;VP.235;0.0;;SISPEA_extraction_2022_AEP.ods;2026-09-24T17:33:42.676
2022;EP;299714;CAP_NORD;VP.236;1.0;;SISPEA_extraction_2022_AEP.ods;2026-09-24T17:33:42.676
2022;EP;299714;CAP_NORD;VP.237;1.0;;SISPEA_extraction_2022_AEP.ods;2026-09-24T17:33:42.676
2022;EP;299714;CAP_NORD;VP.238;1.0;;SISPEA_extraction_2022_AEP.ods;2026-09-24T17:33:42.676
2022;EP;299714;CAP_NORD;VP.239;91.0;;SISPEA_extraction_2022_AEP.ods;2026-09-24T17:33:42.676
2022;EP;299714;CAP_NORD;VP.240;1.0;;SISPEA_extraction_2022_AEP.ods;2026-09-24T17:33:42.676
2022;EP;299714;CAP_NORD;VP.241;92.0;;SISPEA_extraction_2022_AEP.ods;2026-09-24T17:33:42.676
2022;EP;299714;CAP_NORD;VP.242;1.0;;SISPEA_extraction_2022_AEP.ods;2026-09-24T17:33:42.676
2022;EP;299714;CAP_NORD;VP.243;1.0;;SISPEA_extraction_2022_AEP.ods;2026-09-24T17:33:42.676
2022;EP;299714;CAP_NORD;VP.244;1.0;;SISPEA_extraction_2022_AEP.ods;2026-09-24T17:33:42.676
2022;EP;299714;CAP_NORD;VP.245;1.0;;SISPEA_extraction_2022_AEP.ods;2026-09-24T17:33:42.676
2022;EP;299714;CAP_NORD;VP.246;1.0;;SISPEA_extraction_2022_AEP.ods;2026-09-24T17:33:42.676
2022;EP;299714;CAP_NORD;VP.247;1.0;;SISPEA_extraction_2022_AEP.ods;2026-09-24T17:33:42.676
2022;EP;299714;CAP_NORD;VP.248;0.0;;SISPEA_extraction_2022_AEP.ods;2026-09-24T17:33:42.676
2022;EP;299714;CAP_NORD;VP.249;0.0;;SISPEA_extraction_2022_AEP.ods;2026-09-24T17:33:42.676
2022;EP;299714;CAP_NORD;VP.263;15.0;;SISPEA_extraction_2022_AEP.ods;2026-09-24T17:33:42.676
2022;EP;299714;CAP_NORD;VP.264;43.0;;SISPEA_extraction_2022_AEP.ods;2026-09-24T17:33:42.676
2022;EP;299714;CAP_NORD;VP.268;1559845.72;;SISPEA_extraction_2022_AEP.ods;2026-09-24T17:33:42.676
2022;EP;251994;CAP_NORD;D101.0;33788.0;;SISPEA_extraction_2022_AEP.ods;2026-09-24T17:33:42.676
2022;EP;251994;CAP_NORD;D102.0;2.87;;SISPEA_extraction_2022_AEP.ods;2026-09-24T17:33:42.676
2022;EP;251994;CAP_NORD;D151.0;1.0;;SISPEA_extraction_2022_AEP.ods;2026-09-24T17:33:42.676
2022;EP;251994;CAP_NORD;P101.1;100.0;;SISPEA_extraction_2022_AEP.ods;2026-09-24T17:33:42.676
2022;EP;251994;CAP_NORD;P102.1;100.0;;SISPEA_extraction_2022_AEP.ods;2026-09-24T17:33:42.676
2022;EP;251994;CAP_NORD;P103.2B;103.0;;SISPEA_extraction_2022_AEP.ods;2026-09-24T17:33:42.676
2022;EP;251994;CAP_NORD;P104.3;81.8;;SISPEA_extraction_2022_AEP.ods;2026-09-24T17:33:42.676
2022;EP;251994;CAP_NORD;P105.3;6.5;;SISPEA_extraction_2022_AEP.ods;2026-09-24T17:33:42.676
2022;EP;251994;CAP_NORD;P106.3;6.1;;SISPEA_extraction_2022_AEP.ods;2026-09-24T17:33:42.676
2022;EP;251994;CAP_NORD;P107.2;0.06;;SISPEA_extraction_2022_AEP.ods;2026-09-24T17:33:42.676
2022;EP;251994;CAP_NORD;P108.3;40.0;;SISPEA_extraction_2022_AEP.ods;2026-09-24T17:33:42.676
2022;EP;251994;CAP_NORD;P109.0;0.0003;;SISPEA_extraction_2022_AEP.ods;2026-09-24T17:33:42.676
2022;EP;251994;CAP_NORD;P151.1;14.89;;SISPEA_extraction_2022_AEP.ods;2026-09-24T17:33:42.676
2022;EP;251994;CAP_NORD;P152.1;100.0;;SISPEA_extraction_2022_AEP.ods;2026-09-24T17:33:42.676
2022;EP;251994;CAP_NORD;P153.2;0.4;;SISPEA_extraction_2022_AEP.ods;2026-09-24T17:33:42.676
2022;EP;251994;CAP_NORD;P154.0;9.21;;SISPEA_extraction_2022_AEP.ods;2026-09-24T17:33:42.676
2022;EP;251994;CAP_NORD;P155.1;2.33;;SISPEA_extraction_2022_AEP.ods;2026-09-24T17:33:42.676
2022;EP;251994;CAP_NORD;VP.056;14158.0;;SISPEA_extraction_2022_AEP.ods;2026-09-24T17:33:42.676
2022;EP;251994;CAP_NORD;VP.177;253.93;;SISPEA_extraction_2022_AEP.ods;2026-09-24T17:33:42.676
2022;EP;251994;CAP_NORD;VP.190;52.4;;SISPEA_extraction_2022_AEP.ods;2026-09-24T17:33:42.676
2022;EP;251994;CAP_NORD;VP.178;40.75;;SISPEA_extraction_2022_AEP.ods;2026-09-24T17:33:42.676
2022;EP;251994;CAP_NORD;VP.191;28.0;;SISPEA_extraction_2022_AEP.ods;2026-09-24T17:33:42.676
2022;EP;251994;CAP_NORD;VP.179;50.3;;SISPEA_extraction_2022_AEP.ods;2026-09-24T17:33:42.676
2022;EP;251994;CAP_NORD;VP.213;2.1;;SISPEA_extraction_2022_AEP.ods;2026-09-24T17:33:42.676
2022;EP;251994;CAP_NORD;VP.215;0.055;;SISPEA_extraction_2022_AEP.ods;2026-09-24T17:33:42.676
2022;EP;251994;CAP_NORD;VP.216;0.26;;SISPEA_extraction_2022_AEP.ods;2026-09-24T17:33:42.676
2022;EP;251994;CAP_NORD;VP.219;0.045;;SISPEA_extraction_2022_AEP.ods;2026-09-24T17:33:42.676
2022;EP;251994;CAP_NORD;DC.195;0.0;;SISPEA_extraction_2022_AEP.ods;2026-09-24T17:33:42.676
2022;EP;251994;CAP_NORD;VP.183;4130701.85;;SISPEA_extraction_2022_AEP.ods;2026-09-24T17:33:42.676
2022;EP;251994;CAP_NORD;VP.182;1704464.37;;SISPEA_extraction_2022_AEP.ods;2026-09-24T17:33:42.676
2022;EP;251994;CAP_NORD;VP.119;579.64;;SISPEA_extraction_2022_AEP.ods;2026-09-24T17:33:42.676
2022;EP;251994;CAP_NORD;VP.185;4611811.0;;SISPEA_extraction_2022_AEP.ods;2026-09-24T17:33:42.676
2022;EP;251994;CAP_NORD;VP.020;210.8;;SISPEA_extraction_2022_AEP.ods;2026-09-24T17:33:42.676
2022;EP;251994;CAP_NORD;VP.003;26.0;;SISPEA_extraction_2022_AEP.ods;2026-09-24T17:33:42.676
2022;EP;251994;CAP_NORD;VP.152;7.0;;SISPEA_extraction_2022_AEP.ods;2026-09-24T17:33:42.676
2022;EP;251994;CAP_NORD;VP.059;0.0;;SISPEA_extraction_2022_AEP.ods;2026-09-24T17:33:42.676
2022;EP;251994;CAP_NORD;VP.060;4860971.0;;SISPEA_extraction_2022_AEP.ods;2026-09-24T17:33:42.676
2022;EP;251994;CAP_NORD;VP.061;6914829.0;;SISPEA_extraction_2022_AEP.ods;2026-09-24T17:33:42.676
2022;EP;251994;CAP_NORD;VP.193;40.0;;SISPEA_extraction_2022_AEP.ods;2026-09-24T17:33:42.676
2022;EP;251994;CAP_NORD;VP.063;1725900.0;;SISPEA_extraction_2022_AEP.ods;2026-09-24T17:33:42.676
2022;EP;251994;CAP_NORD;VP.201;0.0;;SISPEA_extraction_2022_AEP.ods;2026-09-24T17:33:42.676
2022;EP;251994;CAP_NORD;VP.220;118924.0;;SISPEA_extraction_2022_AEP.ods;2026-09-24T17:33:42.676
2022;EP;251994;CAP_NORD;VP.221;120820.0;;SISPEA_extraction_2022_AEP.ods;2026-09-24T17:33:42.676
2022;EP;251994;CAP_NORD;DC.192;0.0;;SISPEA_extraction_2022_AEP.ods;2026-09-24T17:33:42.676
2022;EP;251994;CAP_NORD;VP.077;260.0;;SISPEA_extraction_2022_AEP.ods;2026-09-24T17:33:42.676
2022;EP;251994;CAP_NORD;VP.140;0.78;;SISPEA_extraction_2022_AEP.ods;2026-09-24T17:33:42.676
2022;EP;251994;CAP_NORD;VP.141;0.0;;SISPEA_extraction_2022_AEP.ods;2026-09-24T17:33:42.676
2022;EP;251994;CAP_NORD;VP.224;93.58;;SISPEA_extraction_2022_AEP.ods;2026-09-24T17:33:42.676
2022;EP;251994;CAP_NORD;VP.225;81.89;;SISPEA_extraction_2022_AEP.ods;2026-09-24T17:33:42.676
2022;EP;251994;CAP_NORD;VP.226;83.72;;SISPEA_extraction_2022_AEP.ods;2026-09-24T17:33:42.676
2022;EP;251994;CAP_NORD;VP.227;85.0;;SISPEA_extraction_2022_AEP.ods;2026-09-24T17:33:42.676
2022;EP;251994;CAP_NORD;VP.228;54.45;;SISPEA_extraction_2022_AEP.ods;2026-09-24T17:33:42.676
2022;EP;251994;CAP_NORD;VP.229;2.39;;SISPEA_extraction_2022_AEP.ods;2026-09-24T17:33:42.676
2022;EP;251994;CAP_NORD;VP.231;121.9;;SISPEA_extraction_2022_AEP.ods;2026-09-24T17:33:42.676
2022;EP;251994;CAP_NORD;VP.232;1725900.0;;SISPEA_extraction_2022_AEP.ods;2026-09-24T17:33:42.676
2022;EP;251994;CAP_NORD;VP.234;4860971.0;;SISPEA_extraction_2022_AEP.ods;2026-09-24T17:33:42.676
2022;EP;251994;CAP_NORD;VP.062;0.0;;SISPEA_extraction_2022_AEP.ods;2026-09-24T17:33:42.676
2022;EP;251994;CAP_NORD;VP.126;52.0;;SISPEA_extraction_2022_AEP.ods;2026-09-24T17:33:42.676
2022;EP;251994;CAP_NORD;VP.127;0.0;;SISPEA_extraction_2022_AEP.ods;2026-09-24T17:33:42.676
2022;EP;251994;CAP_NORD;VP.128;52.0;;SISPEA_extraction_2022_AEP.ods;2026-09-24T17:33:42.676
2022;EP;251994;CAP_NORD;VP.129;0.0;;SISPEA_extraction_2022_AEP.ods;2026-09-24T17:33:42.676
2022;EP;251994;CAP_NORD;VP.175;33788.0;;SISPEA_extraction_2022_AEP.ods;2026-09-24T17:33:42.676
2022;EP;251994;CAP_NORD;VP.212;80.0;;SISPEA_extraction_2022_AEP.ods;2026-09-24T17:33:42.676
2022;EP;251994;CAP_NORD;VP.235;0.0;;SISPEA_extraction_2022_AEP.ods;2026-09-24T17:33:42.676
2022;EP;251994;CAP_NORD;VP.236;1.0;;SISPEA_extraction_2022_AEP.ods;2026-09-24T17:33:42.676
2022;EP;251994;CAP_NORD;VP.237;1.0;;SISPEA_extraction_2022_AEP.ods;2026-09-24T17:33:42.676
2022;EP;251994;CAP_NORD;VP.238;1.0;;SISPEA_extraction_2022_AEP.ods;2026-09-24T17:33:42.676
2022;EP;251994;CAP_NORD;VP.239;91.0;;SISPEA_extraction_2022_AEP.ods;2026-09-24T17:33:42.676
2022;EP;251994;CAP_NORD;VP.240;1.0;;SISPEA_extraction_2022_AEP.ods;2026-09-24T17:33:42.676
2022;EP;251994;CAP_NORD;VP.241;92.0;;SISPEA_extraction_2022_AEP.ods;2026-09-24T17:33:42.676
2022;EP;251994;CAP_NORD;VP.242;1.0;;SISPEA_extraction_2022_AEP.ods;2026-09-24T17:33:42.676
2022;EP;251994;CAP_NORD;VP.243;1.0;;SISPEA_extraction_2022_AEP.ods;2026-09-24T17:33:42.676
2022;EP;251994;CAP_NORD;VP.244;1.0;;SISPEA_extraction_2022_AEP.ods;2026-09-24T17:33:42.676
2022;EP;251994;CAP_NORD;VP.245;1.0;;SISPEA_extraction_2022_AEP.ods;2026-09-24T17:33:42.676
2022;EP;251994;CAP_NORD;VP.246;1.0;;SISPEA_extraction_2022_AEP.ods;2026-09-24T17:33:42.676
2022;EP;251994;CAP_NORD;VP.247;1.0;;SISPEA_extraction_2022_AEP.ods;2026-09-24T17:33:42.676
2022;EP;251994;CAP_NORD;VP.248;0.0;;SISPEA_extraction_2022_AEP.ods;2026-09-24T17:33:42.676
2022;EP;251994;CAP_NORD;VP.249;0.0;;SISPEA_extraction_2022_AEP.ods;2026-09-24T17:33:42.676
2022;EP;251994;CAP_NORD;VP.263;15.0;;SISPEA_extraction_2022_AEP.ods;2026-09-24T17:33:42.676
2022;EP;251994;CAP_NORD;VP.264;43.0;;SISPEA_extraction_2022_AEP.ods;2026-09-24T17:33:42.676
2022;EP;251994;CAP_NORD;VP.268;424531.0;;SISPEA_extraction_2022_AEP.ods;2026-09-24T17:33:42.676
2022;EP;196862;CACEM;D101.0;152276.0;;SISPEA_extraction_2022_AEP.ods;2026-09-24T17:33:42.676
2022;EP;196862;CACEM;D102.0;2.75;;SISPEA_extraction_2022_AEP.ods;2026-09-24T17:33:42.676
2022;EP;196862;CACEM;D151.0;1.0;;SISPEA_extraction_2022_AEP.ods;2026-09-24T17:33:42.676
2022;EP;196862;CACEM;P101.1;98.2;;SISPEA_extraction_2022_AEP.ods;2026-09-24T17:33:42.676
2022;EP;196862;CACEM;P102.1;99.6;;SISPEA_extraction_2022_AEP.ods;2026-09-24T17:33:42.676
2022;EP;196862;CACEM;P103.2B;95.0;;SISPEA_extraction_2022_AEP.ods;2026-09-24T17:33:42.676
2022;EP;196862;CACEM;P104.3;64.5;;SISPEA_extraction_2022_AEP.ods;2026-09-24T17:33:42.676
2022;EP;196862;CACEM;P105.3;31.9;;SISPEA_extraction_2022_AEP.ods;2026-09-24T17:33:42.676
2022;EP;196862;CACEM;P106.3;31.9;;SISPEA_extraction_2022_AEP.ods;2026-09-24T17:33:42.676
2022;EP;196862;CACEM;P107.2;0.19;;SISPEA_extraction_2022_AEP.ods;2026-09-24T17:33:42.676
2022;EP;196862;CACEM;P108.3;60.0;;SISPEA_extraction_2022_AEP.ods;2026-09-24T17:33:42.676
2022;EP;196862;CACEM;P109.0;0.0981;;SISPEA_extraction_2022_AEP.ods;2026-09-24T17:33:42.676
2022;EP;196862;CACEM;P151.1;4.91;;SISPEA_extraction_2022_AEP.ods;2026-09-24T17:33:42.676
2022;EP;196862;CACEM;P152.1;100.0;;SISPEA_extraction_2022_AEP.ods;2026-09-24T17:33:42.676
2022;EP;196862;CACEM;P153.2;9.3;;SISPEA_extraction_2022_AEP.ods;2026-09-24T17:33:42.676
2022;EP;196862;CACEM;P154.0;14.07;;SISPEA_extraction_2022_AEP.ods;2026-09-24T17:33:42.676
2022;EP;196862;CACEM;P155.1;33.63;;SISPEA_extraction_2022_AEP.ods;2026-09-24T17:33:42.676
2022;EP;196862;CACEM;VP.056;76122.0;;SISPEA_extraction_2022_AEP.ods;2026-09-24T17:33:42.676
2022;EP;196862;CACEM;VP.178;272.4;;SISPEA_extraction_2022_AEP.ods;2026-09-24T17:33:42.676
2022;EP;196862;CACEM;VP.191;68.6;;SISPEA_extraction_2022_AEP.ods;2026-09-24T17:33:42.676
2022;EP;196862;CACEM;VP.179;57.06;;SISPEA_extraction_2022_AEP.ods;2026-09-24T17:33:42.676
2022;EP;196862;CACEM;VP.213;2.1;;SISPEA_extraction_2022_AEP.ods;2026-09-24T17:33:42.676
2022;EP;196862;CACEM;VP.215;0.12;;SISPEA_extraction_2022_AEP.ods;2026-09-24T17:33:42.676
2022;EP;196862;CACEM;VP.216;0.26;;SISPEA_extraction_2022_AEP.ods;2026-09-24T17:33:42.676
2022;EP;196862;CACEM;VP.219;0.039;;SISPEA_extraction_2022_AEP.ods;2026-09-24T17:33:42.676
2022;EP;196862;CACEM;DC.184;26947826.0;;SISPEA_extraction_2022_AEP.ods;2026-09-24T17:33:42.676
2022;EP;196862;CACEM;VP.183;2763000.0;;SISPEA_extraction_2022_AEP.ods;2026-09-24T17:33:42.676
2022;EP;196862;CACEM;VP.182;25616000.0;;SISPEA_extraction_2022_AEP.ods;2026-09-24T17:33:42.676
2022;EP;196862;CACEM;VP.119;980000.0;;SISPEA_extraction_2022_AEP.ods;2026-09-24T17:33:42.676
2022;EP;196862;CACEM;VP.020;374.0;;SISPEA_extraction_2022_AEP.ods;2026-09-24T17:33:42.676
2022;EP;196862;CACEM;VP.152;2560.0;;SISPEA_extraction_2022_AEP.ods;2026-09-24T17:33:42.676
2022;EP;196862;CACEM;VP.059;15658799.0;;SISPEA_extraction_2022_AEP.ods;2026-09-24T17:33:42.676
2022;EP;196862;CACEM;VP.060;6027970.0;;SISPEA_extraction_2022_AEP.ods;2026-09-24T17:33:42.676
2022;EP;196862;CACEM;VP.061;0.0;;SISPEA_extraction_2022_AEP.ods;2026-09-24T17:33:42.676
2022;EP;196862;CACEM;VP.193;60.0;;SISPEA_extraction_2022_AEP.ods;2026-09-24T17:33:42.676
2022;EP;196862;CACEM;VP.063;9992658.0;;SISPEA_extraction_2022_AEP.ods;2026-09-24T17:33:42.676
2022;EP;196862;CACEM;VP.077;1004.0;;SISPEA_extraction_2022_AEP.ods;2026-09-24T17:33:42.676
2022;EP;196862;CACEM;VP.224;27.27;;SISPEA_extraction_2022_AEP.ods;2026-09-24T17:33:42.676
2022;EP;196862;CACEM;VP.225;63.06;;SISPEA_extraction_2022_AEP.ods;2026-09-24T17:33:42.676
2022;EP;196862;CACEM;VP.226;70.45;;SISPEA_extraction_2022_AEP.ods;2026-09-24T17:33:42.676
2022;EP;196862;CACEM;VP.227;75.45;;SISPEA_extraction_2022_AEP.ods;2026-09-24T17:33:42.676
2022;EP;196862;CACEM;VP.228;75.82;;SISPEA_extraction_2022_AEP.ods;2026-09-24T17:33:42.676
2022;EP;196862;CACEM;VP.229;2.0;;SISPEA_extraction_2022_AEP.ods;2026-09-24T17:33:42.676
2022;EP;196862;CACEM;VP.231;131.27;;SISPEA_extraction_2022_AEP.ods;2026-09-24T17:33:42.676
2022;EP;196862;CACEM;VP.232;9992658.0;;SISPEA_extraction_2022_AEP.ods;2026-09-24T17:33:42.676
2022;EP;196862;CACEM;VP.234;21686769.0;;SISPEA_extraction_2022_AEP.ods;2026-09-24T17:33:42.676
2022;EP;196862;CACEM;VP.062;15869402.0;;SISPEA_extraction_2022_AEP.ods;2026-09-24T17:33:42.676
2022;EP;196862;CACEM;VP.126;283.0;;SISPEA_extraction_2022_AEP.ods;2026-09-24T17:33:42.676
2022;EP;196862;CACEM;VP.127;5.0;;SISPEA_extraction_2022_AEP.ods;2026-09-24T17:33:42.676
2022;EP;196862;CACEM;VP.128;283.0;;SISPEA_extraction_2022_AEP.ods;2026-09-24T17:33:42.676
2022;EP;196862;CACEM;VP.129;1.0;;SISPEA_extraction_2022_AEP.ods;2026-09-24T17:33:42.676
2022;EP;196862;CACEM;VP.175;152276.0;;SISPEA_extraction_2022_AEP.ods;2026-09-24T17:33:42.676
2022;EP;196862;CACEM;VP.212;60.0;;SISPEA_extraction_2022_AEP.ods;2026-09-24T17:33:42.676
2022;EP;196862;CACEM;VP.236;1.0;;SISPEA_extraction_2022_AEP.ods;2026-09-24T17:33:42.676
2022;EP;196862;CACEM;VP.237;1.0;;SISPEA_extraction_2022_AEP.ods;2026-09-24T17:33:42.676
2022;EP;196862;CACEM;VP.238;1.0;;SISPEA_extraction_2022_AEP.ods;2026-09-24T17:33:42.676
2022;EP;196862;CACEM;VP.239;100.0;;SISPEA_extraction_2022_AEP.ods;2026-09-24T17:33:42.676
2022;EP;196862;CACEM;VP.240;1.0;;SISPEA_extraction_2022_AEP.ods;2026-09-24T17:33:42.676
2022;EP;196862;CACEM;VP.241;100.0;;SISPEA_extraction_2022_AEP.ods;2026-09-24T17:33:42.676
2022;EP;196862;CACEM;VP.242;1.0;;SISPEA_extraction_2022_AEP.ods;2026-09-24T17:33:42.676
2022;EP;196862;CACEM;VP.243;1.0;;SISPEA_extraction_2022_AEP.ods;2026-09-24T17:33:42.676
2022;EP;196862;CACEM;VP.244;1.0;;SISPEA_extraction_2022_AEP.ods;2026-09-24T17:33:42.676
2022;EP;196862;CACEM;VP.245;0.0;;SISPEA_extraction_2022_AEP.ods;2026-09-24T17:33:42.676
2022;EP;196862;CACEM;VP.246;1.0;;SISPEA_extraction_2022_AEP.ods;2026-09-24T17:33:42.676
2022;EP;196862;CACEM;VP.247;1.0;;SISPEA_extraction_2022_AEP.ods;2026-09-24T17:33:42.676
2022;EP;196862;CACEM;VP.248;0.0;;SISPEA_extraction_2022_AEP.ods;2026-09-24T17:33:42.676
2022;EP;196862;CACEM;VP.249;0.0;;SISPEA_extraction_2022_AEP.ods;2026-09-24T17:33:42.676
2022;EP;196862;CACEM;VP.263;15.0;;SISPEA_extraction_2022_AEP.ods;2026-09-24T17:33:42.676
2022;EP;196862;CACEM;VP.264;45.0;;SISPEA_extraction_2022_AEP.ods;2026-09-24T17:33:42.676
2022;AC;196850;CAESM;D201.0;44795.0;;SISPEA_extraction_2022_AC.xls;2026-09-24T17:34:59
2022;AC;196850;CAESM;D202.0;0.0;;SISPEA_extraction_2022_AC.xls;2026-09-24T17:34:59
2022;AC;196850;CAESM;D203.0;322.2;;SISPEA_extraction_2022_AC.xls;2026-09-24T17:34:59
2022;AC;196850;CAESM;D204.0;3.57;;SISPEA_extraction_2022_AC.xls;2026-09-24T17:34:59
2022;AC;196850;CAESM;P201.1;58.84;;SISPEA_extraction_2022_AC.xls;2026-09-24T17:34:59
2022;AC;196850;CAESM;P202.2B;93.0;;SISPEA_extraction_2022_AC.xls;2026-09-24T17:34:59
2022;AC;196850;CAESM;P203.3;0.0;;SISPEA_extraction_2022_AC.xls;2026-09-24T17:34:59
2022;AC;196850;CAESM;P204.3;3.0;;SISPEA_extraction_2022_AC.xls;2026-09-24T17:34:59
2022;AC;196850;CAESM;P205.3;2.0;;SISPEA_extraction_2022_AC.xls;2026-09-24T17:34:59
2022;AC;196850;CAESM;P206.3;100.0;;SISPEA_extraction_2022_AC.xls;2026-09-24T17:34:59
2022;AC;196850;CAESM;P207.0;0.0007;;SISPEA_extraction_2022_AC.xls;2026-09-24T17:34:59
2022;AC;196850;CAESM;P251.1;0.0;;SISPEA_extraction_2022_AC.xls;2026-09-24T17:34:59
2022;AC;196850;CAESM;P252.2;5.9;;SISPEA_extraction_2022_AC.xls;2026-09-24T17:34:59
2022;AC;196850;CAESM;P253.2;0.03;;SISPEA_extraction_2022_AC.xls;2026-09-24T17:34:59
2022;AC;196850;CAESM;P254.3;96.2;;SISPEA_extraction_2022_AC.xls;2026-09-24T17:34:59
2022;AC;196850;CAESM;P255.3;20.0;;SISPEA_extraction_2022_AC.xls;2026-09-24T17:34:59
2022;AC;196850;CAESM;P256.2;11.4;;SISPEA_extraction_2022_AC.xls;2026-09-24T17:34:59
2022;AC;196850;CAESM;P257.0;11.01;;SISPEA_extraction_2022_AC.xls;2026-09-24T17:34:59
2022;AC;196850;CAESM;P258.1;2.14;;SISPEA_extraction_2022_AC.xls;2026-09-24T17:34:59
2022;AC;196850;CAESM;VP.056;23827.0;;SISPEA_extraction_2022_AC.xls;2026-09-24T17:34:59
2022;AC;196850;CAESM;VP.177;286.0;;SISPEA_extraction_2022_AC.xls;2026-09-24T17:34:59
2022;AC;196850;CAESM;VP.190;69.22;;SISPEA_extraction_2022_AC.xls;2026-09-24T17:34:59
2022;AC;196850;CAESM;VP.178;109.4;;SISPEA_extraction_2022_AC.xls;2026-09-24T17:34:59
2022;AC;196850;CAESM;VP.191;17.0;;SISPEA_extraction_2022_AC.xls;2026-09-24T17:34:59
2022;AC;196850;CAESM;VP.179;32.81;;SISPEA_extraction_2022_AC.xls;2026-09-24T17:34:59
2022;AC;196850;CAESM;VP.213;2.1;;SISPEA_extraction_2022_AC.xls;2026-09-24T17:34:59
2022;AC;196850;CAESM;VP.219;0.05;;SISPEA_extraction_2022_AC.xls;2026-09-24T17:34:59
2022;AC;196850;CAESM;VP.183;1338538.97;;SISPEA_extraction_2022_AC.xls;2026-09-24T17:34:59
2022;AC;196850;CAESM;VP.182;15279979.85;;SISPEA_extraction_2022_AC.xls;2026-09-24T17:34:59
2022;AC;196850;CAESM;VP.119;1875.6;;SISPEA_extraction_2022_AC.xls;2026-09-24T17:34:59
2022;AC;196850;CAESM;VP.185;9953055.0;;SISPEA_extraction_2022_AC.xls;2026-09-24T17:34:59
2022;AC;196850;CAESM;VP.003;51.0;;SISPEA_extraction_2022_AC.xls;2026-09-24T17:34:59
2022;AC;196850;CAESM;VP.152;0.0;;SISPEA_extraction_2022_AC.xls;2026-09-24T17:34:59
2022;AC;196850;CAESM;VP.077;304.84;;SISPEA_extraction_2022_AC.xls;2026-09-24T17:34:59
2022;AC;196850;CAESM;VP.140;0.44;;SISPEA_extraction_2022_AC.xls;2026-09-24T17:34:59
2022;AC;196850;CAESM;VP.141;0.0;;SISPEA_extraction_2022_AC.xls;2026-09-24T17:34:59
2022;AC;196850;CAESM;VP.228;78.16;;SISPEA_extraction_2022_AC.xls;2026-09-24T17:34:59
2022;AC;196850;CAESM;VP.229;1.88;;SISPEA_extraction_2022_AC.xls;2026-09-24T17:34:59
2022;AC;196850;CAESM;VP.124;40493.0;;SISPEA_extraction_2022_AC.xls;2026-09-24T17:34:59
2022;AC;196850;CAESM;VP.217;0.15;;SISPEA_extraction_2022_AC.xls;2026-09-24T17:34:59
2022;AC;196850;CAESM;VP.068;2797297.0;;SISPEA_extraction_2022_AC.xls;2026-09-24T17:34:59
2022;AC;196850;CAESM;VP.186;3162.0;;SISPEA_extraction_2022_AC.xls;2026-09-24T17:34:59
2022;AC;196850;CAESM;VP.176;5812.73;;SISPEA_extraction_2022_AC.xls;2026-09-24T17:34:59
2022;AC;196850;CAESM;VP.210;198.0;;SISPEA_extraction_2022_AC.xls;2026-09-24T17:34:59
2022;AC;196850;CAESM;VP.211;209.0;;SISPEA_extraction_2022_AC.xls;2026-09-24T17:34:59
2022;AC;196850;CAESM;VP.023;0.0;;SISPEA_extraction_2022_AC.xls;2026-09-24T17:34:59
2022;AC;196850;CAESM;VP.046;18.0;;SISPEA_extraction_2022_AC.xls;2026-09-24T17:34:59
2022;AC;196850;CAESM;VP.200;304.84;;SISPEA_extraction_2022_AC.xls;2026-09-24T17:34:59
2022;AC;196850;CAESM;VP.158;1.0;;SISPEA_extraction_2022_AC.xls;2026-09-24T17:34:59
2022;AC;196850;CAESM;VP.159;0.0;;SISPEA_extraction_2022_AC.xls;2026-09-24T17:34:59
2022;AC;196850;CAESM;VP.160;1.0;;SISPEA_extraction_2022_AC.xls;2026-09-24T17:34:59
2022;AC;196850;CAESM;VP.161;1.0;;SISPEA_extraction_2022_AC.xls;2026-09-24T17:34:59
2022;AC;196850;CAESM;VP.162;0.0;;SISPEA_extraction_2022_AC.xls;2026-09-24T17:34:59
2022;AC;196850;CAESM;VP.163;0.0;;SISPEA_extraction_2022_AC.xls;2026-09-24T17:34:59
2022;AC;196850;CAESM;VP.164;0.0;;SISPEA_extraction_2022_AC.xls;2026-09-24T17:34:59
2022;AC;196850;CAESM;VP.165;0.0;;SISPEA_extraction_2022_AC.xls;2026-09-24T17:34:59
2022;AC;196850;CAESM;VP.175;44795.0;;SISPEA_extraction_2022_AC.xls;2026-09-24T17:34:59
2022;AC;196850;CAESM;VP.208;322.24;;SISPEA_extraction_2022_AC.xls;2026-09-24T17:34:59
2022;AC;196850;CAESM;VP.250;1.0;;SISPEA_extraction_2022_AC.xls;2026-09-24T17:34:59
2022;AC;196850;CAESM;VP.251;1.0;;SISPEA_extraction_2022_AC.xls;2026-09-24T17:34:59
2022;AC;196850;CAESM;VP.252;1.0;;SISPEA_extraction_2022_AC.xls;2026-09-24T17:34:59
2022;AC;196850;CAESM;VP.253;95.4;;SISPEA_extraction_2022_AC.xls;2026-09-24T17:34:59
2022;AC;196850;CAESM;VP.254;1.0;;SISPEA_extraction_2022_AC.xls;2026-09-24T17:34:59
2022;AC;196850;CAESM;VP.255;83.11;;SISPEA_extraction_2022_AC.xls;2026-09-24T17:34:59
2022;AC;196850;CAESM;VP.256;8.22;;SISPEA_extraction_2022_AC.xls;2026-09-24T17:34:59
2022;AC;196850;CAESM;VP.257;1.0;;SISPEA_extraction_2022_AC.xls;2026-09-24T17:34:59
2022;AC;196850;CAESM;VP.258;1.0;;SISPEA_extraction_2022_AC.xls;2026-09-24T17:34:59
2022;AC;196850;CAESM;VP.259;1.0;;SISPEA_extraction_2022_AC.xls;2026-09-24T17:34:59
2022;AC;196850;CAESM;VP.260;1.0;;SISPEA_extraction_2022_AC.xls;2026-09-24T17:34:59
2022;AC;196850;CAESM;VP.261;1.0;;SISPEA_extraction_2022_AC.xls;2026-09-24T17:34:59
2022;AC;196850;CAESM;VP.262;0.0;;SISPEA_extraction_2022_AC.xls;2026-09-24T17:34:59
2022;AC;196850;CAESM;VP.265;15.0;;SISPEA_extraction_2022_AC.xls;2026-09-24T17:34:59
2022;AC;196850;CAESM;VP.266;43.0;;SISPEA_extraction_2022_AC.xls;2026-09-24T17:34:59
2022;AC;196850;CAESM;VP.268;1095399.91;;SISPEA_extraction_2022_AC.xls;2026-09-24T17:34:59
2022;AC;316694;CAP_NORD;D201.0;27728.0;;SISPEA_extraction_2022_AC.xls;2026-09-24T17:34:59
2022;AC;316694;CAP_NORD;D202.0;0.0;;SISPEA_extraction_2022_AC.xls;2026-09-24T17:34:59
2022;AC;316694;CAP_NORD;D203.0;163.3;;SISPEA_extraction_2022_AC.xls;2026-09-24T17:34:59
2022;AC;316694;CAP_NORD;D204.0;2.85;;SISPEA_extraction_2022_AC.xls;2026-09-24T17:34:59
2022;AC;316694;CAP_NORD;P202.2B;83.0;;SISPEA_extraction_2022_AC.xls;2026-09-24T17:34:59
2022;AC;316694;CAP_NORD;P206.3;99.9;;SISPEA_extraction_2022_AC.xls;2026-09-24T17:34:59
2022;AC;316694;CAP_NORD;P207.0;0.0001;;SISPEA_extraction_2022_AC.xls;2026-09-24T17:34:59
2022;AC;316694;CAP_NORD;P251.1;0.0;;SISPEA_extraction_2022_AC.xls;2026-09-24T17:34:59
2022;AC;316694;CAP_NORD;P252.2;5.3;;SISPEA_extraction_2022_AC.xls;2026-09-24T17:34:59
2022;AC;316694;CAP_NORD;P253.2;0.01;;SISPEA_extraction_2022_AC.xls;2026-09-24T17:34:59
2022;AC;316694;CAP_NORD;P254.3;60.1;;SISPEA_extraction_2022_AC.xls;2026-09-24T17:34:59
2022;AC;316694;CAP_NORD;P255.3;20.0;;SISPEA_extraction_2022_AC.xls;2026-09-24T17:34:59
2022;AC;316694;CAP_NORD;P256.2;7.0;;SISPEA_extraction_2022_AC.xls;2026-09-24T17:34:59
2022;AC;316694;CAP_NORD;P257.0;13.08;;SISPEA_extraction_2022_AC.xls;2026-09-24T17:34:59
2022;AC;316694;CAP_NORD;P258.1;1.98;;SISPEA_extraction_2022_AC.xls;2026-09-24T17:34:59
2022;AC;316694;CAP_NORD;VP.056;11091.0;;SISPEA_extraction_2022_AC.xls;2026-09-24T17:34:59
2022;AC;316694;CAP_NORD;VP.178;317.52;;SISPEA_extraction_2022_AC.xls;2026-09-24T17:34:59
2022;AC;316694;CAP_NORD;VP.191;81.0;;SISPEA_extraction_2022_AC.xls;2026-09-24T17:34:59
2022;AC;316694;CAP_NORD;VP.179;25.05;;SISPEA_extraction_2022_AC.xls;2026-09-24T17:34:59
2022;AC;316694;CAP_NORD;VP.213;2.1;;SISPEA_extraction_2022_AC.xls;2026-09-24T17:34:59
2022;AC;316694;CAP_NORD;DC.195;23617.4;;SISPEA_extraction_2022_AC.xls;2026-09-24T17:34:59
2022;AC;316694;CAP_NORD;VP.183;841843.09;;SISPEA_extraction_2022_AC.xls;2026-09-24T17:34:59
2022;AC;316694;CAP_NORD;VP.182;5874797.85;;SISPEA_extraction_2022_AC.xls;2026-09-24T17:34:59
2022;AC;316694;CAP_NORD;VP.119;135.42;;SISPEA_extraction_2022_AC.xls;2026-09-24T17:34:59
2022;AC;316694;CAP_NORD;VP.185;2462971.99;;SISPEA_extraction_2022_AC.xls;2026-09-24T17:34:59
2022;AC;316694;CAP_NORD;VP.152;22.0;;SISPEA_extraction_2022_AC.xls;2026-09-24T17:34:59
2022;AC;316694;CAP_NORD;VP.077;149.72;;SISPEA_extraction_2022_AC.xls;2026-09-24T17:34:59
2022;AC;316694;CAP_NORD;VP.140;0.1;;SISPEA_extraction_2022_AC.xls;2026-09-24T17:34:59
2022;AC;316694;CAP_NORD;VP.141;0.56;;SISPEA_extraction_2022_AC.xls;2026-09-24T17:34:59
2022;AC;316694;CAP_NORD;VP.228;74.08;;SISPEA_extraction_2022_AC.xls;2026-09-24T17:34:59
2022;AC;316694;CAP_NORD;VP.229;2.5;;SISPEA_extraction_2022_AC.xls;2026-09-24T17:34:59
2022;AC;316694;CAP_NORD;VP.217;0.15;;SISPEA_extraction_2022_AC.xls;2026-09-24T17:34:59
2022;AC;316694;CAP_NORD;VP.068;978584.0;;SISPEA_extraction_2022_AC.xls;2026-09-24T17:34:59
2022;AC;316694;CAP_NORD;VP.186;1668.68;;SISPEA_extraction_2022_AC.xls;2026-09-24T17:34:59
2022;AC;316694;CAP_NORD;VP.023;0.0;;SISPEA_extraction_2022_AC.xls;2026-09-24T17:34:59
2022;AC;316694;CAP_NORD;VP.046;8.0;;SISPEA_extraction_2022_AC.xls;2026-09-24T17:34:59
2022;AC;316694;CAP_NORD;VP.199;0.0;;SISPEA_extraction_2022_AC.xls;2026-09-24T17:34:59
2022;AC;316694;CAP_NORD;VP.200;149.72;;SISPEA_extraction_2022_AC.xls;2026-09-24T17:34:59
2022;AC;316694;CAP_NORD;VP.158;1.0;;SISPEA_extraction_2022_AC.xls;2026-09-24T17:34:59
2022;AC;316694;CAP_NORD;VP.159;0.0;;SISPEA_extraction_2022_AC.xls;2026-09-24T17:34:59
2022;AC;316694;CAP_NORD;VP.160;0.0;;SISPEA_extraction_2022_AC.xls;2026-09-24T17:34:59
2022;AC;316694;CAP_NORD;VP.161;0.0;;SISPEA_extraction_2022_AC.xls;2026-09-24T17:34:59
2022;AC;316694;CAP_NORD;VP.162;0.0;;SISPEA_extraction_2022_AC.xls;2026-09-24T17:34:59
2022;AC;316694;CAP_NORD;VP.163;0.0;;SISPEA_extraction_2022_AC.xls;2026-09-24T17:34:59
2022;AC;316694;CAP_NORD;VP.164;0.0;;SISPEA_extraction_2022_AC.xls;2026-09-24T17:34:59
2022;AC;316694;CAP_NORD;VP.165;0.0;;SISPEA_extraction_2022_AC.xls;2026-09-24T17:34:59
2022;AC;316694;CAP_NORD;VP.175;27728.0;;SISPEA_extraction_2022_AC.xls;2026-09-24T17:34:59
2022;AC;316694;CAP_NORD;VP.208;163.26;;SISPEA_extraction_2022_AC.xls;2026-09-24T17:34:59
2022;AC;316694;CAP_NORD;VP.250;1.0;;SISPEA_extraction_2022_AC.xls;2026-09-24T17:34:59
2022;AC;316694;CAP_NORD;VP.251;1.0;;SISPEA_extraction_2022_AC.xls;2026-09-24T17:34:59
2022;AC;316694;CAP_NORD;VP.252;1.0;;SISPEA_extraction_2022_AC.xls;2026-09-24T17:34:59
2022;AC;316694;CAP_NORD;VP.253;85.52;;SISPEA_extraction_2022_AC.xls;2026-09-24T17:34:59
2022;AC;316694;CAP_NORD;VP.254;1.0;;SISPEA_extraction_2022_AC.xls;2026-09-24T17:34:59
2022;AC;316694;CAP_NORD;VP.255;96.64;;SISPEA_extraction_2022_AC.xls;2026-09-24T17:34:59
2022;AC;316694;CAP_NORD;VP.256;2.17;;SISPEA_extraction_2022_AC.xls;2026-09-24T17:34:59
2022;AC;316694;CAP_NORD;VP.257;1.0;;SISPEA_extraction_2022_AC.xls;2026-09-24T17:34:59
2022;AC;316694;CAP_NORD;VP.258;1.0;;SISPEA_extraction_2022_AC.xls;2026-09-24T17:34:59
2022;AC;316694;CAP_NORD;VP.259;0.0;;SISPEA_extraction_2022_AC.xls;2026-09-24T17:34:59
2022;AC;316694;CAP_NORD;VP.260;1.0;;SISPEA_extraction_2022_AC.xls;2026-09-24T17:34:59
2022;AC;316694;CAP_NORD;VP.261;0.0;;SISPEA_extraction_2022_AC.xls;2026-09-24T17:34:59
2022;AC;316694;CAP_NORD;VP.262;1.0;;SISPEA_extraction_2022_AC.xls;2026-09-24T17:34:59
2022;AC;316694;CAP_NORD;VP.265;15.0;;SISPEA_extraction_2022_AC.xls;2026-09-24T17:34:59
2022;AC;316694;CAP_NORD;VP.266;43.0;;SISPEA_extraction_2022_AC.xls;2026-09-24T17:34:59
2022;AC;316694;CAP_NORD;VP.268;322146.39;;SISPEA_extraction_2022_AC.xls;2026-09-24T17:34:59
2022;AC;250714;CAP_NORD;D201.0;16289.0;;SISPEA_extraction_2022_AC.xls;2026-09-24T17:34:59
2022;AC;250714;CAP_NORD;D202.0;0.0;;SISPEA_extraction_2022_AC.xls;2026-09-24T17:34:59
2022;AC;250714;CAP_NORD;D203.0;118.0;;SISPEA_extraction_2022_AC.xls;2026-09-24T17:34:59
2022;AC;250714;CAP_NORD;D204.0;3.56;;SISPEA_extraction_2022_AC.xls;2026-09-24T17:34:59
2022;AC;250714;CAP_NORD;P202.2B;92.0;;SISPEA_extraction_2022_AC.xls;2026-09-24T17:34:59
2022;AC;250714;CAP_NORD;P206.3;100.0;;SISPEA_extraction_2022_AC.xls;2026-09-24T17:34:59
2022;AC;250714;CAP_NORD;P207.0;0.0004;;SISPEA_extraction_2022_AC.xls;2026-09-24T17:34:59
2022;AC;250714;CAP_NORD;P251.1;0.0;;SISPEA_extraction_2022_AC.xls;2026-09-24T17:34:59
2022;AC;250714;CAP_NORD;P252.2;4.9;;SISPEA_extraction_2022_AC.xls;2026-09-24T17:34:59
2022;AC;250714;CAP_NORD;P253.2;0.04;;SISPEA_extraction_2022_AC.xls;2026-09-24T17:34:59
2022;AC;250714;CAP_NORD;P254.3;85.9;;SISPEA_extraction_2022_AC.xls;2026-09-24T17:34:59
2022;AC;250714;CAP_NORD;P255.3;20.0;;SISPEA_extraction_2022_AC.xls;2026-09-24T17:34:59
2022;AC;250714;CAP_NORD;P256.2;7.0;;SISPEA_extraction_2022_AC.xls;2026-09-24T17:34:59
2022;AC;250714;CAP_NORD;P257.0;22.69;;SISPEA_extraction_2022_AC.xls;2026-09-24T17:34:59
2022;AC;250714;CAP_NORD;P258.1;5.2;;SISPEA_extraction_2022_AC.xls;2026-09-24T17:34:59
2022;AC;250714;CAP_NORD;VP.056;6729.0;;SISPEA_extraction_2022_AC.xls;2026-09-24T17:34:59
2022;AC;250714;CAP_NORD;VP.177;315.59;;SISPEA_extraction_2022_AC.xls;2026-09-24T17:34:59
2022;AC;250714;CAP_NORD;VP.190;73.0;;SISPEA_extraction_2022_AC.xls;2026-09-24T17:34:59
2022;AC;250714;CAP_NORD;VP.178;85.4;;SISPEA_extraction_2022_AC.xls;2026-09-24T17:34:59
2022;AC;250714;CAP_NORD;VP.191;17.0;;SISPEA_extraction_2022_AC.xls;2026-09-24T17:34:59
2022;AC;250714;CAP_NORD;VP.179;26.8;;SISPEA_extraction_2022_AC.xls;2026-09-24T17:34:59
2022;AC;250714;CAP_NORD;VP.213;2.1;;SISPEA_extraction_2022_AC.xls;2026-09-24T17:34:59
2022;AC;250714;CAP_NORD;DC.195;56315.0;;SISPEA_extraction_2022_AC.xls;2026-09-24T17:34:59
2022;AC;250714;CAP_NORD;VP.183;841843.09;;SISPEA_extraction_2022_AC.xls;2026-09-24T17:34:59
2022;AC;250714;CAP_NORD;VP.182;5874797.85;;SISPEA_extraction_2022_AC.xls;2026-09-24T17:34:59
2022;AC;250714;CAP_NORD;VP.119;320.36;;SISPEA_extraction_2022_AC.xls;2026-09-24T17:34:59
2022;AC;250714;CAP_NORD;VP.185;2299473.0;;SISPEA_extraction_2022_AC.xls;2026-09-24T17:34:59
2022;AC;250714;CAP_NORD;VP.003;29.0;;SISPEA_extraction_2022_AC.xls;2026-09-24T17:34:59
2022;AC;250714;CAP_NORD;VP.152;6.0;;SISPEA_extraction_2022_AC.xls;2026-09-24T17:34:59
2022;AC;250714;CAP_NORD;VP.077;102.48;;SISPEA_extraction_2022_AC.xls;2026-09-24T17:34:59
2022;AC;250714;CAP_NORD;VP.140;0.2;;SISPEA_extraction_2022_AC.xls;2026-09-24T17:34:59
2022;AC;250714;CAP_NORD;VP.141;0.85;;SISPEA_extraction_2022_AC.xls;2026-09-24T17:34:59
2022;AC;250714;CAP_NORD;VP.228;65.66;;SISPEA_extraction_2022_AC.xls;2026-09-24T17:34:59
2022;AC;250714;CAP_NORD;VP.229;2.42;;SISPEA_extraction_2022_AC.xls;2026-09-24T17:34:59
2022;AC;250714;CAP_NORD;VP.124;0.0;;SISPEA_extraction_2022_AC.xls;2026-09-24T17:34:59
2022;AC;250714;CAP_NORD;VP.217;0.15;;SISPEA_extraction_2022_AC.xls;2026-09-24T17:34:59
2022;AC;250714;CAP_NORD;VP.068;713506.0;;SISPEA_extraction_2022_AC.xls;2026-09-24T17:34:59
2022;AC;250714;CAP_NORD;VP.186;977.34;;SISPEA_extraction_2022_AC.xls;2026-09-24T17:34:59
2022;AC;250714;CAP_NORD;VP.176;591.2;;SISPEA_extraction_2022_AC.xls;2026-09-24T17:34:59
2022;AC;250714;CAP_NORD;VP.209;118.04;;SISPEA_extraction_2022_AC.xls;2026-09-24T17:34:59
2022;AC;250714;CAP_NORD;VP.210;75.0;;SISPEA_extraction_2022_AC.xls;2026-09-24T17:34:59
2022;AC;250714;CAP_NORD;VP.211;86.0;;SISPEA_extraction_2022_AC.xls;2026-09-24T17:34:59
2022;AC;250714;CAP_NORD;VP.023;0.0;;SISPEA_extraction_2022_AC.xls;2026-09-24T17:34:59
2022;AC;250714;CAP_NORD;VP.046;5.0;;SISPEA_extraction_2022_AC.xls;2026-09-24T17:34:59
2022;AC;250714;CAP_NORD;VP.199;0.0;;SISPEA_extraction_2022_AC.xls;2026-09-24T17:34:59
2022;AC;250714;CAP_NORD;VP.200;102.48;;SISPEA_extraction_2022_AC.xls;2026-09-24T17:34:59
2022;AC;250714;CAP_NORD;VP.158;1.0;;SISPEA_extraction_2022_AC.xls;2026-09-24T17:34:59
2022;AC;250714;CAP_NORD;VP.159;0.0;;SISPEA_extraction_2022_AC.xls;2026-09-24T17:34:59
2022;AC;250714;CAP_NORD;VP.160;1.0;;SISPEA_extraction_2022_AC.xls;2026-09-24T17:34:59
2022;AC;250714;CAP_NORD;VP.161;1.0;;SISPEA_extraction_2022_AC.xls;2026-09-24T17:34:59
2022;AC;250714;CAP_NORD;VP.162;0.0;;SISPEA_extraction_2022_AC.xls;2026-09-24T17:34:59
2022;AC;250714;CAP_NORD;VP.163;0.0;;SISPEA_extraction_2022_AC.xls;2026-09-24T17:34:59
2022;AC;250714;CAP_NORD;VP.164;0.0;;SISPEA_extraction_2022_AC.xls;2026-09-24T17:34:59
2022;AC;250714;CAP_NORD;VP.165;1.0;;SISPEA_extraction_2022_AC.xls;2026-09-24T17:34:59
2022;AC;250714;CAP_NORD;VP.175;16289.0;;SISPEA_extraction_2022_AC.xls;2026-09-24T17:34:59
2022;AC;250714;CAP_NORD;VP.208;118.04;;SISPEA_extraction_2022_AC.xls;2026-09-24T17:34:59
2022;AC;250714;CAP_NORD;VP.250;1.0;;SISPEA_extraction_2022_AC.xls;2026-09-24T17:34:59
2022;AC;250714;CAP_NORD;VP.251;1.0;;SISPEA_extraction_2022_AC.xls;2026-09-24T17:34:59
2022;AC;250714;CAP_NORD;VP.252;1.0;;SISPEA_extraction_2022_AC.xls;2026-09-24T17:34:59
2022;AC;250714;CAP_NORD;VP.253;92.0;;SISPEA_extraction_2022_AC.xls;2026-09-24T17:34:59
2022;AC;250714;CAP_NORD;VP.254;1.0;;SISPEA_extraction_2022_AC.xls;2026-09-24T17:34:59
2022;AC;250714;CAP_NORD;VP.255;85.0;;SISPEA_extraction_2022_AC.xls;2026-09-24T17:34:59
2022;AC;250714;CAP_NORD;VP.256;0.0;;SISPEA_extraction_2022_AC.xls;2026-09-24T17:34:59
2022;AC;250714;CAP_NORD;VP.257;1.0;;SISPEA_extraction_2022_AC.xls;2026-09-24T17:34:59
2022;AC;250714;CAP_NORD;VP.258;1.0;;SISPEA_extraction_2022_AC.xls;2026-09-24T17:34:59
2022;AC;250714;CAP_NORD;VP.259;1.0;;SISPEA_extraction_2022_AC.xls;2026-09-24T17:34:59
2022;AC;250714;CAP_NORD;VP.260;1.0;;SISPEA_extraction_2022_AC.xls;2026-09-24T17:34:59
2022;AC;250714;CAP_NORD;VP.261;1.0;;SISPEA_extraction_2022_AC.xls;2026-09-24T17:34:59
2022;AC;250714;CAP_NORD;VP.262;0.0;;SISPEA_extraction_2022_AC.xls;2026-09-24T17:34:59
2022;AC;250714;CAP_NORD;VP.265;15.0;;SISPEA_extraction_2022_AC.xls;2026-09-24T17:34:59
2022;AC;250714;CAP_NORD;VP.266;42.0;;SISPEA_extraction_2022_AC.xls;2026-09-24T17:34:59
2022;AC;250714;CAP_NORD;VP.268;521747.35;;SISPEA_extraction_2022_AC.xls;2026-09-24T17:34:59
2022;AC;196863;CACEM;D201.0;152276.0;;SISPEA_extraction_2022_AC.xls;2026-09-24T17:34:59
2022;AC;196863;CACEM;D202.0;2.0;;SISPEA_extraction_2022_AC.xls;2026-09-24T17:34:59
2022;AC;196863;CACEM;D203.0;1017.4;;SISPEA_extraction_2022_AC.xls;2026-09-24T17:34:59
2022;AC;196863;CACEM;D204.0;2.77;;SISPEA_extraction_2022_AC.xls;2026-09-24T17:34:59
2022;AC;196863;CACEM;P201.1;58.59;;SISPEA_extraction_2022_AC.xls;2026-09-24T17:34:59
2022;AC;196863;CACEM;P202.2B;95.0;;SISPEA_extraction_2022_AC.xls;2026-09-24T17:34:59
2022;AC;196863;CACEM;P206.3;100.0;;SISPEA_extraction_2022_AC.xls;2026-09-24T17:34:59
2022;AC;196863;CACEM;P207.0;0.0;;SISPEA_extraction_2022_AC.xls;2026-09-24T17:34:59
2022;AC;196863;CACEM;P251.1;0.0;;SISPEA_extraction_2022_AC.xls;2026-09-24T17:34:59
2022;AC;196863;CACEM;P252.2;9.6;;SISPEA_extraction_2022_AC.xls;2026-09-24T17:34:59
2022;AC;196863;CACEM;P253.2;0.23;;SISPEA_extraction_2022_AC.xls;2026-09-24T17:34:59
2022;AC;196863;CACEM;P255.3;100.0;;SISPEA_extraction_2022_AC.xls;2026-09-24T17:34:59
2022;AC;196863;CACEM;P257.0;16.79;;SISPEA_extraction_2022_AC.xls;2026-09-24T17:34:59
2022;AC;196863;CACEM;P258.1;34.0;;SISPEA_extraction_2022_AC.xls;2026-09-24T17:34:59
2022;AC;196863;CACEM;VP.056;39492.0;;SISPEA_extraction_2022_AC.xls;2026-09-24T17:34:59
2022;AC;196863;CACEM;VP.178;308.0;;SISPEA_extraction_2022_AC.xls;2026-09-24T17:34:59
2022;AC;196863;CACEM;VP.191;56.0;;SISPEA_extraction_2022_AC.xls;2026-09-24T17:34:59
2022;AC;196863;CACEM;VP.179;24.85;;SISPEA_extraction_2022_AC.xls;2026-09-24T17:34:59
2022;AC;196863;CACEM;VP.213;2.1;;SISPEA_extraction_2022_AC.xls;2026-09-24T17:34:59
2022;AC;196863;CACEM;VP.219;0.0;;SISPEA_extraction_2022_AC.xls;2026-09-24T17:34:59
2022;AC;196863;CACEM;DC.184;12626995.0;;SISPEA_extraction_2022_AC.xls;2026-09-24T17:34:59
2022;AC;196863;CACEM;VP.182;23499000.0;;SISPEA_extraction_2022_AC.xls;2026-09-24T17:34:59
2022;AC;196863;CACEM;VP.119;0.0;;SISPEA_extraction_2022_AC.xls;2026-09-24T17:34:59
2022;AC;196863;CACEM;VP.185;12626995.0;;SISPEA_extraction_2022_AC.xls;2026-09-24T17:34:59
2022;AC;196863;CACEM;VP.077;345.0;;SISPEA_extraction_2022_AC.xls;2026-09-24T17:34:59
2022;AC;196863;CACEM;VP.228;114.47;;SISPEA_extraction_2022_AC.xls;2026-09-24T17:34:59
2022;AC;196863;CACEM;VP.229;3.86;;SISPEA_extraction_2022_AC.xls;2026-09-24T17:34:59
2022;AC;196863;CACEM;VP.217;0.15;;SISPEA_extraction_2022_AC.xls;2026-09-24T17:34:59
2022;AC;196863;CACEM;VP.068;4617313.0;;SISPEA_extraction_2022_AC.xls;2026-09-24T17:34:59
2022;AC;196863;CACEM;VP.186;5875.9;;SISPEA_extraction_2022_AC.xls;2026-09-24T17:34:59
2022;AC;196863;CACEM;VP.176;5821.3;;SISPEA_extraction_2022_AC.xls;2026-09-24T17:34:59
2022;AC;196863;CACEM;VP.023;0.0;;SISPEA_extraction_2022_AC.xls;2026-09-24T17:34:59
2022;AC;196863;CACEM;VP.046;33.0;;SISPEA_extraction_2022_AC.xls;2026-09-24T17:34:59
2022;AC;196863;CACEM;VP.199;0.0;;SISPEA_extraction_2022_AC.xls;2026-09-24T17:34:59
2022;AC;196863;CACEM;VP.200;345.0;;SISPEA_extraction_2022_AC.xls;2026-09-24T17:34:59
2022;AC;196863;CACEM;VP.158;1.0;;SISPEA_extraction_2022_AC.xls;2026-09-24T17:34:59
2022;AC;196863;CACEM;VP.159;1.0;;SISPEA_extraction_2022_AC.xls;2026-09-24T17:34:59
2022;AC;196863;CACEM;VP.160;1.0;;SISPEA_extraction_2022_AC.xls;2026-09-24T17:34:59
2022;AC;196863;CACEM;VP.161;1.0;;SISPEA_extraction_2022_AC.xls;2026-09-24T17:34:59
2022;AC;196863;CACEM;VP.163;1.0;;SISPEA_extraction_2022_AC.xls;2026-09-24T17:34:59
2022;AC;196863;CACEM;VP.164;0.0;;SISPEA_extraction_2022_AC.xls;2026-09-24T17:34:59
2022;AC;196863;CACEM;VP.165;1.0;;SISPEA_extraction_2022_AC.xls;2026-09-24T17:34:59
2022;AC;196863;CACEM;VP.175;152276.0;;SISPEA_extraction_2022_AC.xls;2026-09-24T17:34:59
2022;AC;196863;CACEM;VP.208;1017.42;;SISPEA_extraction_2022_AC.xls;2026-09-24T17:34:59
2022;AC;196863;CACEM;VP.250;1.0;;SISPEA_extraction_2022_AC.xls;2026-09-24T17:34:59
2022;AC;196863;CACEM;VP.251;1.0;;SISPEA_extraction_2022_AC.xls;2026-09-24T17:34:59
2022;AC;196863;CACEM;VP.252;1.0;;SISPEA_extraction_2022_AC.xls;2026-09-24T17:34:59
2022;AC;196863;CACEM;VP.253;100.0;;SISPEA_extraction_2022_AC.xls;2026-09-24T17:34:59
2022;AC;196863;CACEM;VP.254;1.0;;SISPEA_extraction_2022_AC.xls;2026-09-24T17:34:59
2022;AC;196863;CACEM;VP.255;100.0;;SISPEA_extraction_2022_AC.xls;2026-09-24T17:34:59
2022;AC;196863;CACEM;VP.257;1.0;;SISPEA_extraction_2022_AC.xls;2026-09-24T17:34:59
2022;AC;196863;CACEM;VP.258;1.0;;SISPEA_extraction_2022_AC.xls;2026-09-24T17:34:59
2022;AC;196863;CACEM;VP.259;1.0;;SISPEA_extraction_2022_AC.xls;2026-09-24T17:34:59
2022;AC;196863;CACEM;VP.260;1.0;;SISPEA_extraction_2022_AC.xls;2026-09-24T17:34:59
2022;AC;196863;CACEM;VP.261;1.0;;SISPEA_extraction_2022_AC.xls;2026-09-24T17:34:59
2022;AC;196863;CACEM;VP.262;0.0;;SISPEA_extraction_2022_AC.xls;2026-09-24T17:34:59
2022;AC;196863;CACEM;VP.265;15.0;;SISPEA_extraction_2022_AC.xls;2026-09-24T17:34:59
2022;AC;196863;CACEM;VP.266;45.0;;SISPEA_extraction_2022_AC.xls;2026-09-24T17:34:59
2022;ANC;253154;CAESM;D301.0;72116.0;;SISPEA_extraction_2022_ANC.xls;2026-09-24T17:35:15
2022;ANC;253154;CAESM;D302.0;70.0;;SISPEA_extraction_2022_ANC.xls;2026-09-24T17:35:15
2022;ANC;253154;CAESM;P301.3;0.7;;SISPEA_extraction_2022_ANC.xls;2026-09-24T17:35:15
2022;ANC;253154;CAESM;VP.181;116100.0;;SISPEA_extraction_2022_ANC.xls;2026-09-24T17:35:15
2022;ANC;253154;CAESM;DC.196;260.0;;SISPEA_extraction_2022_ANC.xls;2026-09-24T17:35:15
2022;ANC;253154;CAESM;DC.197;151164.0;;SISPEA_extraction_2022_ANC.xls;2026-09-24T17:35:15
2022;ANC;253154;CAESM;VP.167;23925.0;;SISPEA_extraction_2022_ANC.xls;2026-09-24T17:35:15
2022;ANC;253154;CAESM;VP.166;113.0;;SISPEA_extraction_2022_ANC.xls;2026-09-24T17:35:15
2022;ANC;253154;CAESM;VP.168;1.0;;SISPEA_extraction_2022_ANC.xls;2026-09-24T17:35:15
2022;ANC;253154;CAESM;VP.169;1.0;;SISPEA_extraction_2022_ANC.xls;2026-09-24T17:35:15
2022;ANC;253154;CAESM;VP.170;1.0;;SISPEA_extraction_2022_ANC.xls;2026-09-24T17:35:15
2022;ANC;253154;CAESM;VP.171;0.0;;SISPEA_extraction_2022_ANC.xls;2026-09-24T17:35:15
2022;ANC;253154;CAESM;VP.172;0.0;;SISPEA_extraction_2022_ANC.xls;2026-09-24T17:35:15
2022;ANC;253154;CAESM;VP.173;0.0;;SISPEA_extraction_2022_ANC.xls;2026-09-24T17:35:15
2022;ANC;253154;CAESM;VP.174;0.0;;SISPEA_extraction_2022_ANC.xls;2026-09-24T17:35:15
2022;ANC;253154;CAESM;VP.230;62.12;;SISPEA_extraction_2022_ANC.xls;2026-09-24T17:35:15
2022;ANC;253154;CAESM;VP.175;72116.0;;SISPEA_extraction_2022_ANC.xls;2026-09-24T17:35:15
2022;ANC;253154;CAESM;VP.267;47.0;;SISPEA_extraction_2022_ANC.xls;2026-09-24T17:35:15
2022;ANC;253154;CAESM;VP.301;0.0;;SISPEA_extraction_2022_ANC.xls;2026-09-24T17:35:15
2022;ANC;253154;CAESM;VP.302;0.0;;SISPEA_extraction_2022_ANC.xls;2026-09-24T17:35:15
2022;ANC;253154;CAESM;DC.304;5.0;;SISPEA_extraction_2022_ANC.xls;2026-09-24T17:35:15
2022;ANC;253154;CAESM;VP.305;0.0;;SISPEA_extraction_2022_ANC.xls;2026-09-24T17:35:15
2022;ANC;253154;CAESM;DC.306;37959.0;;SISPEA_extraction_2022_ANC.xls;2026-09-24T17:35:15
2022;ANC;253154;CAESM;DC.307;23902.0;;SISPEA_extraction_2022_ANC.xls;2026-09-24T17:35:15
2022;ANC;253154;CAESM;DC.308;3.0;;SISPEA_extraction_2022_ANC.xls;2026-09-24T17:35:15
2022;ANC;253154;CAESM;DC.309;23836.0;;SISPEA_extraction_2022_ANC.xls;2026-09-24T17:35:15
2022;ANC;253154;CAESM;DC.310;69.0;;SISPEA_extraction_2022_ANC.xls;2026-09-24T17:35:15
2022;ANC;253154;CAESM;DC.320;20.0;;SISPEA_extraction_2022_ANC.xls;2026-09-24T17:35:15
2022;ANC;253154;CAESM;DC.321;106.0;;SISPEA_extraction_2022_ANC.xls;2026-09-24T17:35:15
2022;ANC;253154;CAESM;DC.322;23639.0;;SISPEA_extraction_2022_ANC.xls;2026-09-24T17:35:15
2022;ANC;253154;CAESM;DC.325;208.0;;SISPEA_extraction_2022_ANC.xls;2026-09-24T17:35:15
2022;ANC;253154;CAESM;DC.326;52.0;;SISPEA_extraction_2022_ANC.xls;2026-09-24T17:35:15
2022;ANC;253154;CAESM;DC.327;0.0;;SISPEA_extraction_2022_ANC.xls;2026-09-24T17:35:15
2022;ANC;253154;CAESM;DC.328;17136.0;;SISPEA_extraction_2022_ANC.xls;2026-09-24T17:35:15
2022;ANC;253154;CAESM;DC.329;1.0;;SISPEA_extraction_2022_ANC.xls;2026-09-24T17:35:15
2022;ANC;253154;CAESM;DC.330;0.0;;SISPEA_extraction_2022_ANC.xls;2026-09-24T17:35:15
2022;ANC;253154;CAESM;DC.332;603.0;;SISPEA_extraction_2022_ANC.xls;2026-09-24T17:35:15
2022;ANC;253154;CAESM;DC.333;66.0;;SISPEA_extraction_2022_ANC.xls;2026-09-24T17:35:15
2022;ANC;253154;CAESM;VP.334;213.0;;SISPEA_extraction_2022_ANC.xls;2026-09-24T17:35:15
2022;ANC;253154;CAESM;VP.335;1.0;;SISPEA_extraction_2022_ANC.xls;2026-09-24T17:35:15
2022;ANC;253154;CAESM;VP.336;1.0;;SISPEA_extraction_2022_ANC.xls;2026-09-24T17:35:15
2022;ANC;253154;CAESM;VP.337;1.0;;SISPEA_extraction_2022_ANC.xls;2026-09-24T17:35:15
2022;ANC;253154;CAESM;VP.338;0.0;;SISPEA_extraction_2022_ANC.xls;2026-09-24T17:35:15
2022;ANC;253154;CAESM;VP.339;0.0;;SISPEA_extraction_2022_ANC.xls;2026-09-24T17:35:15
2022;ANC;253154;CAESM;VP.340;0.0;;SISPEA_extraction_2022_ANC.xls;2026-09-24T17:35:15
2022;ANC;252834;CAP_NORD;D301.0;60501.0;;SISPEA_extraction_2022_ANC.xls;2026-09-24T17:35:15
2022;ANC;252834;CAP_NORD;D302.0;100.0;;SISPEA_extraction_2022_ANC.xls;2026-09-24T17:35:15
2022;ANC;252834;CAP_NORD;P301.3;25.1;;SISPEA_extraction_2022_ANC.xls;2026-09-24T17:35:15
2022;ANC;252834;CAP_NORD;VP.181;96187.0;;SISPEA_extraction_2022_ANC.xls;2026-09-24T17:35:15
2022;ANC;252834;CAP_NORD;DC.196;280.0;;SISPEA_extraction_2022_ANC.xls;2026-09-24T17:35:15
2022;ANC;252834;CAP_NORD;VP.167;17772.0;;SISPEA_extraction_2022_ANC.xls;2026-09-24T17:35:15
2022;ANC;252834;CAP_NORD;VP.166;4312.0;;SISPEA_extraction_2022_ANC.xls;2026-09-24T17:35:15
2022;ANC;252834;CAP_NORD;VP.168;1.0;;SISPEA_extraction_2022_ANC.xls;2026-09-24T17:35:15
2022;ANC;252834;CAP_NORD;VP.169;1.0;;SISPEA_extraction_2022_ANC.xls;2026-09-24T17:35:15
2022;ANC;252834;CAP_NORD;VP.170;1.0;;SISPEA_extraction_2022_ANC.xls;2026-09-24T17:35:15
2022;ANC;252834;CAP_NORD;VP.171;1.0;;SISPEA_extraction_2022_ANC.xls;2026-09-24T17:35:15
2022;ANC;252834;CAP_NORD;VP.172;0.0;;SISPEA_extraction_2022_ANC.xls;2026-09-24T17:35:15
2022;ANC;252834;CAP_NORD;VP.173;0.0;;SISPEA_extraction_2022_ANC.xls;2026-09-24T17:35:15
2022;ANC;252834;CAP_NORD;VP.174;0.0;;SISPEA_extraction_2022_ANC.xls;2026-09-24T17:35:15
2022;ANC;252834;CAP_NORD;VP.230;62.9;;SISPEA_extraction_2022_ANC.xls;2026-09-24T17:35:15
2022;ANC;252834;CAP_NORD;VP.175;60501.0;;SISPEA_extraction_2022_ANC.xls;2026-09-24T17:35:15
2022;ANC;252834;CAP_NORD;VP.267;146.0;;SISPEA_extraction_2022_ANC.xls;2026-09-24T17:35:15
2022;ANC;252834;CAP_NORD;VP.301;0.0;;SISPEA_extraction_2022_ANC.xls;2026-09-24T17:35:15
2022;ANC;252834;CAP_NORD;VP.302;0.0;;SISPEA_extraction_2022_ANC.xls;2026-09-24T17:35:15
2022;ANC;252834;CAP_NORD;DC.304;6.0;;SISPEA_extraction_2022_ANC.xls;2026-09-24T17:35:15
2022;ANC;252834;CAP_NORD;VP.305;1.0;;SISPEA_extraction_2022_ANC.xls;2026-09-24T17:35:15
2022;ANC;252834;CAP_NORD;DC.306;17695.0;;SISPEA_extraction_2022_ANC.xls;2026-09-24T17:35:15
2022;ANC;252834;CAP_NORD;VP.323;8.0;;SISPEA_extraction_2022_ANC.xls;2026-09-24T17:35:15
2022;ANC;252834;CAP_NORD;VP.324;1.0;;SISPEA_extraction_2022_ANC.xls;2026-09-24T17:35:15
2022;ANC;252834;CAP_NORD;DC.325;252.0;;SISPEA_extraction_2022_ANC.xls;2026-09-24T17:35:15
2022;ANC;252834;CAP_NORD;DC.326;28.0;;SISPEA_extraction_2022_ANC.xls;2026-09-24T17:35:15
2022;ANC;252834;CAP_NORD;DC.329;0.0;;SISPEA_extraction_2022_ANC.xls;2026-09-24T17:35:15
2022;ANC;252834;CAP_NORD;DC.330;0.0;;SISPEA_extraction_2022_ANC.xls;2026-09-24T17:35:15
2022;ANC;252834;CAP_NORD;DC.331;4.0;;SISPEA_extraction_2022_ANC.xls;2026-09-24T17:35:15
2022;ANC;252834;CAP_NORD;DC.332;304.0;;SISPEA_extraction_2022_ANC.xls;2026-09-24T17:35:15
2022;ANC;252834;CAP_NORD;DC.333;36.0;;SISPEA_extraction_2022_ANC.xls;2026-09-24T17:35:15
2022;ANC;252834;CAP_NORD;VP.334;175.0;;SISPEA_extraction_2022_ANC.xls;2026-09-24T17:35:15
2022;ANC;252834;CAP_NORD;VP.335;1.0;;SISPEA_extraction_2022_ANC.xls;2026-09-24T17:35:15
2022;ANC;252834;CAP_NORD;VP.336;1.0;;SISPEA_extraction_2022_ANC.xls;2026-09-24T17:35:15
2022;ANC;252834;CAP_NORD;VP.337;1.0;;SISPEA_extraction_2022_ANC.xls;2026-09-24T17:35:15
2022;ANC;252834;CAP_NORD;VP.338;0.0;;SISPEA_extraction_2022_ANC.xls;2026-09-24T17:35:15
2022;ANC;252834;CAP_NORD;VP.339;0.0;;SISPEA_extraction_2022_ANC.xls;2026-09-24T17:35:15
2022;ANC;252834;CAP_NORD;VP.340;0.0;;SISPEA_extraction_2022_ANC.xls;2026-09-24T17:35:15
2022;ANC;252834;CAP_NORD;DC.341;32.0;;SISPEA_extraction_2022_ANC.xls;2026-09-24T17:35:15
2022;ANC;252834;CAP_NORD;DC.343;4.0;;SISPEA_extraction_2022_ANC.xls;2026-09-24T17:35:15
2022;ANC;215917;CACEM;D301.0;63056.0;;SISPEA_extraction_2022_ANC.xls;2026-09-24T17:35:15
2022;ANC;215917;CACEM;D302.0;110.0;;SISPEA_extraction_2022_ANC.xls;2026-09-24T17:35:15
2022;ANC;215917;CACEM;VP.181;152276.0;;SISPEA_extraction_2022_ANC.xls;2026-09-24T17:35:15
2022;ANC;215917;CACEM;DC.196;84.0;;SISPEA_extraction_2022_ANC.xls;2026-09-24T17:35:15
2022;ANC;215917;CACEM;DC.197;164000.0;;SISPEA_extraction_2022_ANC.xls;2026-09-24T17:35:15
2022;ANC;215917;CACEM;DC.198;0.0;;SISPEA_extraction_2022_ANC.xls;2026-09-24T17:35:15
2022;ANC;215917;CACEM;VP.167;17643.0;;SISPEA_extraction_2022_ANC.xls;2026-09-24T17:35:15
2022;ANC;215917;CACEM;VP.168;1.0;;SISPEA_extraction_2022_ANC.xls;2026-09-24T17:35:15
2022;ANC;215917;CACEM;VP.169;1.0;;SISPEA_extraction_2022_ANC.xls;2026-09-24T17:35:15
2022;ANC;215917;CACEM;VP.170;1.0;;SISPEA_extraction_2022_ANC.xls;2026-09-24T17:35:15
2022;ANC;215917;CACEM;VP.171;1.0;;SISPEA_extraction_2022_ANC.xls;2026-09-24T17:35:15
2022;ANC;215917;CACEM;VP.174;1.0;;SISPEA_extraction_2022_ANC.xls;2026-09-24T17:35:15
2022;ANC;215917;CACEM;VP.230;41.41;;SISPEA_extraction_2022_ANC.xls;2026-09-24T17:35:15
2022;ANC;215917;CACEM;VP.175;63056.0;;SISPEA_extraction_2022_ANC.xls;2026-09-24T17:35:15
2022;ANC;215917;CACEM;VP.301;1.0;;SISPEA_extraction_2022_ANC.xls;2026-09-24T17:35:15
2022;ANC;215917;CACEM;VP.305;0.0;;SISPEA_extraction_2022_ANC.xls;2026-09-24T17:35:15
2022;ANC;215917;CACEM;DC.306;601.0;;SISPEA_extraction_2022_ANC.xls;2026-09-24T17:35:15
2022;ANC;215917;CACEM;DC.308;12.0;;SISPEA_extraction_2022_ANC.xls;2026-09-24T17:35:15
2022;ANC;215917;CACEM;DC.325;187.0;;SISPEA_extraction_2022_ANC.xls;2026-09-24T17:35:15
2022;ANC;215917;CACEM;DC.326;97.0;;SISPEA_extraction_2022_ANC.xls;2026-09-24T17:35:15
2022;ANC;215917;CACEM;DC.328;0.0;;SISPEA_extraction_2022_ANC.xls;2026-09-24T17:35:15
2022;ANC;215917;CACEM;DC.329;0.0;;SISPEA_extraction_2022_ANC.xls;2026-09-24T17:35:15
2022;ANC;215917;CACEM;DC.330;1.0;;SISPEA_extraction_2022_ANC.xls;2026-09-24T17:35:15
2022;ANC;215917;CACEM;VP.335;1.0;;SISPEA_extraction_2022_ANC.xls;2026-09-24T17:35:15
2022;ANC;215917;CACEM;VP.336;1.0;;SISPEA_extraction_2022_ANC.xls;2026-09-24T17:35:15
2022;ANC;215917;CACEM;VP.337;1.0;;SISPEA_extraction_2022_ANC.xls;2026-09-24T17:35:15
2022;ANC;215917;CACEM;VP.338;1.0;;SISPEA_extraction_2022_ANC.xls;2026-09-24T17:35:15
2022;ANC;215917;CACEM;VP.339;1.0;;SISPEA_extraction_2022_ANC.xls;2026-09-24T17:35:15
2022;ANC;215917;CACEM;VP.342;0.0;;SISPEA_extraction_2022_ANC.xls;2026-09-24T17:35:15
