code_prelevement;code_commune;code_reseau;date_prelevement;bact;pc
97200104912;97209;;2022-12-28T09:45:00Z;C;C
97200104960;97209;;2022-12-28T09:20:00Z;C;C
97200104916;97209;;2022-12-28T08:40:00Z;C;C
97200104927;97209;;2022-12-28T08:15:00Z;C;C
97200104961;97214;;2022-12-27T11:55:00Z;C;C
97200104922;97212;;2022-12-27T11:25:00Z;;C
97200105189;97212;;2022-12-27T11:00:00Z;C;C
97200104918;97212;;2022-12-27T10:25:00Z;C;C
97200104906;97203;;2022-12-27T10:20:00Z;C;C
97200105190;97229;;2022-12-27T09:55:00Z;C;C
97200104920;97224;;2022-12-27T09:50:00Z;C;C
97200104921;97224;;2022-12-27T09:25:00Z;C;C
97200104915;97206;;2022-12-27T09:20:00Z;C;C
97200104907;97233;;2022-12-27T09:15:00Z;C;C
97200104962;97209;;2022-12-27T09:15:00Z;C;C
97200104913;97226;;2022-12-27T09:13:00Z;C;C
97200104914;97224;;2022-12-27T09:10:00Z;C;C
97200104910;97209;;2022-12-27T08:25:00Z;C;C
97200104938;97228;;2022-12-26T11:45:00Z;C;C
97200104909;97229;;2022-12-26T11:40:00Z;C;C
97200104911;97229;;2022-12-26T11:05:00Z;C;C
97200104908;97222;;2022-12-26T11:00:00Z;;C
97200104897;97209;;2022-12-21T11:00:00Z;C;C
97200104896;97219;;2022-12-21T10:30:00Z;C;C
97200104894;97210;;2022-12-21T10:00:00Z;C;C
97200104898;97213;;2022-12-20T12:45:00Z;C;C
97200104899;97222;;2022-12-20T12:20:00Z;C;C
97200104902;97230;;2022-12-20T11:45:00Z;C;C
97200104905;97228;;2022-12-20T10:40:00Z;C;C
97200104895;97213;;2022-12-20T09:30:00Z;C;C
97200104904;97212;;2022-12-19T13:20:00Z;;C
97200104900;97212;;2022-12-19T12:35:00Z;C;C
97200104901;97212;;2022-12-19T11:45:00Z;C;C
97200104903;97203;;2022-12-19T10:20:00Z;C;C
97200104805;97232;;2022-12-15T09:45:00Z;C;C
97200104823;97213;;2022-12-15T09:10:00Z;C;C
97200104822;97209;;2022-12-14T12:20:00Z;C;C
97200104833;97209;;2022-12-14T12:10:00Z;C;C
97200104807;97228;;2022-12-14T11:30:00Z;C;C
97200105108;97225;;2022-12-14T10:50:00Z;C;C
97200104806;97222;;2022-12-14T10:10:00Z;C;C
97200104809;97209;;2022-12-14T09:40:00Z;C;C
97200104808;97226;;2022-12-14T09:00:00Z;C;C
97200104829;97222;;2022-12-13T11:47:00Z;;C
97200104820;97217;;2022-12-13T11:20:00Z;C;C
97200104821;97227;;2022-12-13T10:45:00Z;C;C
97200104818;97234;;2022-12-13T10:30:00Z;C;C
97200104824;97221;;2022-12-13T10:10:00Z;C;C
97200104834;97229;;2022-12-13T09:30:00Z;C;C
97200104819;97231;;2022-12-13T09:30:00Z;C;C
97200104830;97212;;2022-12-12T12:30:00Z;;C
97200104812;97211;;2022-12-12T12:00:00Z;C;C
97200104810;97212;;2022-12-12T11:15:00Z;C;C
97200105106;97224;;2022-12-12T10:50:00Z;C;C
97200104917;97212;;2022-12-12T10:10:00Z;C;C
97200104811;97224;;2022-12-12T10:00:00Z;C;C
97200104814;97217;;2022-12-08T11:00:00Z;C;C
97200104861;97207;;2022-12-08T09:25:00Z;C;C
97200104813;97209;;2022-12-07T11:57:00Z;C;C
97200104801;97233;;2022-12-07T11:25:00Z;C;C
97200104802;97233;;2022-12-07T11:00:00Z;C;C
97200104795;97222;;2022-12-06T12:45:00Z;C;C
97200104792;97218;;2022-12-06T11:52:00Z;C;C
97200104794;97228;;2022-12-06T11:50:00Z;C;C
97200104793;97228;;2022-12-06T11:20:00Z;C;C
97200104784;97234;;2022-12-05T12:45:00Z;C;C
97200105055;97214;;2022-12-05T12:12:00Z;C;C
97200104799;97209;;2022-12-05T12:10:00Z;C;C
97200104786;97234;;2022-12-05T12:05:00Z;C;C
97200104797;97212;;2022-12-05T11:50:00Z;C;C
97200104798;97224;;2022-12-05T11:50:00Z;C;C
97200104796;97212;;2022-12-05T11:10:00Z;N;C
97200104785;97208;;2022-12-05T10:30:00Z;C;C
97200104800;97201;;2022-12-05T09:50:00Z;C;C
97200104787;97213;;2022-11-30T12:25:00Z;C;C
97200104789;97213;;2022-11-30T11:08:00Z;C;C
97200104790;97222;;2022-11-29T13:15:00Z;C;C
97200104791;97228;;2022-11-29T12:00:00Z;C;C
97200104788;97232;;2022-11-29T11:40:00Z;C;C
97200104815;97226;;2022-11-29T11:20:00Z;C;C
97200104803;97222;;2022-11-29T10:41:00Z;C;C
97200105053;97222;;2022-11-29T10:05:00Z;C;N
97200104713;97209;;2022-11-28T12:50:00Z;C;C
97200104735;97212;;2022-11-28T12:00:00Z;C;C
97200104715;97201;;2022-11-28T11:30:00Z;C;C
97200104736;97214;;2022-11-28T11:20:00Z;C;C
97200104737;97212;;2022-11-28T11:00:00Z;;C
97200104739;97209;;2022-11-28T10:50:00Z;C;C
97200104740;97209;;2022-11-28T10:25:00Z;C;C
97200105000;97214;;2022-11-28T10:05:00Z;C;C
97200104734;97213;;2022-11-28T09:50:00Z;C;C
97200104738;97224;;2022-11-28T09:45:00Z;C;C
97200104714;97201;;2022-11-28T09:35:00Z;C;C
97200104672;97209;;2022-11-23T11:40:00Z;C;C
97200104718;97229;;2022-11-23T10:45:00Z;C;C
97200104716;97209;;2022-11-23T10:10:00Z;C;C
97200104709;97220;;2022-11-23T10:00:00Z;C;C
97200104717;97209;;2022-11-23T09:25:00Z;C;C
97200104707;97222;;2022-11-22T13:10:00Z;C;C
97200104708;97217;;2022-11-22T12:10:00Z;C;C
97200104706;97228;;2022-11-22T11:50:00Z;C;C
97200104674;97206;;2022-11-22T11:50:00Z;C;C
97200104673;97228;;2022-11-22T11:00:00Z;C;C
97200104676;97226;;2022-11-22T10:30:00Z;C;C
97200104699;97213;;2022-11-21T13:50:00Z;C;C
97200104694;97218;;2022-11-21T12:15:00Z;C;C
97200104696;97201;;2022-11-21T12:00:00Z;C;C
97200104693;97225;;2022-11-21T11:45:00Z;C;C
97200104678;97202;;2022-11-21T11:00:00Z;C;C
97200104698;97212;;2022-11-21T10:20:00Z;C;C
97200104682;97209;;2022-11-21T10:15:00Z;C;C
97200104695;97205;;2022-11-21T10:00:00Z;C;C
97200104703;97229;;2022-11-21T09:30:00Z;C;C
97200104683;97214;;2022-11-21T09:25:00Z;C;C
97200104697;97212;;2022-11-21T09:00:00Z;;C
97200105005;97209;;2022-11-18T11:02:00Z;N;C
97200105004;97209;;2022-11-18T10:31:00Z;N;C
97200104675;97230;;2022-11-17T11:00:00Z;C;C
97200104679;97228;;2022-11-17T09:30:00Z;C;C
97200104681;97221;;2022-11-15T13:20:00Z;C;C
97200104677;97212;;2022-11-15T12:00:00Z;C;C
97200104919;97213;;2022-11-15T11:55:00Z;C;C
97200105011;97212;;2022-11-15T11:00:00Z;;C
97200105010;97202;;2022-11-15T10:30:00Z;N;C
97200104684;97222;;2022-11-15T10:30:00Z;;C
97200104680;97212;;2022-11-15T10:00:00Z;C;C
97200105006;97213;;2022-11-15T09:50:00Z;C;C
97200104935;97211;;2022-11-14T12:30:00Z;C;C
97200105003;97224;;2022-11-14T12:05:00Z;C;C
97200105008;97224;;2022-11-14T11:35:00Z;C;C
97200105007;97209;;2022-11-14T11:10:00Z;N;C
97200105012;97224;;2022-11-14T10:50:00Z;C;C
97200104936;97209;;2022-11-14T10:20:00Z;C;C
97200105009;97234;;2022-11-14T10:20:00Z;C;C
97200104933;97209;;2022-11-14T08:06:00Z;C;C
97200104658;97220;;2022-11-09T11:46:00Z;C;C
97200104646;97218;;2022-11-08T12:30:00Z;C;C
97200104640;97209;;2022-11-08T12:25:00Z;C;C
97200104641;97218;;2022-11-08T12:00:00Z;C;C
97200104638;97209;;2022-11-08T11:50:00Z;C;C
97200104631;97232;;2022-11-08T11:30:00Z;C;C
97200104630;97212;;2022-11-08T11:25:00Z;C;C
97200104629;97209;;2022-11-08T11:15:00Z;C;C
97200104628;97212;;2022-11-08T10:30:00Z;C;C
97200104647;97233;;2022-11-08T10:15:00Z;C;C
97200104650;97209;;2022-11-08T10:10:00Z;C;C
97200104816;97210;;2022-11-08T10:05:00Z;C;C
97200104648;97226;;2022-11-08T09:54:00Z;C;C
97200104639;97209;;2022-11-08T09:45:00Z;C;C
97200104645;97234;;2022-11-08T09:30:00Z;C;C
97200104608;97212;;2022-11-08T09:15:00Z;;C
97200104632;97229;;2022-11-08T09:00:00Z;C;C
97200104649;97217;;2022-11-08T08:51:00Z;C;C
97200104832;97214;;2022-11-07T11:35:00Z;C;C
97200104605;97228;;2022-11-07T11:30:00Z;C;C
97200104606;97228;;2022-11-07T10:30:00Z;C;C
97200104593;97216;;2022-11-07T10:30:00Z;C;C
97200104817;97224;;2022-11-07T10:10:00Z;C;C
97200104594;97209;;2022-11-07T10:00:00Z;C;C
97200104619;97222;;2022-11-07T09:30:00Z;C;C
97200104831;97212;;2022-11-07T09:25:00Z;C;N
97200104603;97203;;2022-11-03T11:15:00Z;C;C
97200104586;97212;;2022-11-03T11:05:00Z;;C
97200104585;97212;;2022-11-03T10:25:00Z;C;C
97200104604;97213;;2022-11-03T10:05:00Z;C;C
97200104610;97224;;2022-11-03T09:45:00Z;C;C
97200104607;97209;;2022-11-03T09:40:00Z;C;C
97200104609;97222;;2022-11-03T09:25:00Z;C;C
97200104602;97227;;2022-11-03T09:00:00Z;C;C
97200104611;97224;;2022-11-03T08:55:00Z;C;C
97200104590;97220;;2022-10-27T12:40:00Z;C;C
97200104573;97209;;2022-10-27T11:25:00Z;C;C
97200104587;97207;;2022-10-27T10:41:00Z;C;C
97200104588;97210;;2022-10-27T10:15:00Z;C;C
97200104574;97209;;2022-10-27T09:30:00Z;C;C
97200104575;97209;;2022-10-27T08:57:00Z;C;C
97200104581;97231;;2022-10-26T08:57:00Z;C;C
97200104578;97230;;2022-10-25T13:25:00Z;C;C
97200104563;97229;;2022-10-25T12:30:00Z;C;C
97200104560;97218;;2022-10-25T12:15:00Z;C;C
97200104561;97225;;2022-10-25T11:50:00Z;C;C
97200104572;97229;;2022-10-25T11:40:00Z;C;C
97200104584;97218;;2022-10-25T10:45:00Z;C;C
97200104770;97209;;2022-10-25T09:43:00Z;C;N
97200104564;97209;;2022-10-24T12:00:00Z;C;C
97200104582;97212;;2022-10-24T11:40:00Z;;C
97200104579;97213;;2022-10-24T11:00:00Z;C;C
97200104576;97212;;2022-10-24T11:00:00Z;C;C
97200104559;97203;;2022-10-24T10:15:00Z;C;C
97200104580;97213;;2022-10-24T10:00:00Z;C;C
97200104583;97214;;2022-10-24T09:30:00Z;C;C
97200104577;97213;;2022-10-24T09:25:00Z;C;C
97200104558;97209;;2022-10-19T12:05:00Z;C;C
97200104556;97223;;2022-10-19T09:50:00Z;C;C
97200104589;97226;;2022-10-19T09:20:00Z;C;C
97200104515;97225;;2022-10-18T13:20:00Z;C;C
97200104521;97234;;2022-10-18T12:45:00Z;C;C
97200104512;97234;;2022-10-18T12:30:00Z;C;C
97200104555;97227;;2022-10-18T12:25:00Z;C;C
97200104621;97219;;2022-10-18T12:20:00Z;C;C
97200104623;97224;;2022-10-18T12:15:00Z;C;C
97200104545;97222;;2022-10-18T12:00:00Z;C;C
97200104702;97230;;2022-10-18T11:15:00Z;C;C
97200104622;97208;;2022-10-18T11:15:00Z;C;C
97200104542;97224;;2022-10-18T11:00:00Z;C;C
97200104620;97233;;2022-10-18T10:30:00Z;C;C
97200104546;97222;;2022-10-18T10:10:00Z;;C
97200104516;97224;;2022-10-18T09:30:00Z;C;C
97200104547;97212;;2022-10-17T12:05:00Z;;C
97200104538;97229;;2022-10-17T11:46:00Z;C;C
97200104539;97214;;2022-10-17T11:45:00Z;C;C
97200104544;97212;;2022-10-17T11:40:00Z;C;C
97200104540;97212;;2022-10-17T11:20:00Z;C;C
97200104541;97228;;2022-10-17T10:00:00Z;C;C
97200104503;97232;;2022-10-13T11:41:00Z;C;C
97200104510;97213;;2022-10-12T11:10:00Z;C;C
97200104508;97231;;2022-10-12T09:45:00Z;C;C
97200104506;97213;;2022-10-12T09:35:00Z;C;C
97200104509;97229;;2022-10-11T13:40:00Z;C;C
97200104492;97233;;2022-10-11T12:45:00Z;C;C
97200104543;97213;;2022-10-11T11:05:00Z;C;C
97200104548;97222;;2022-10-11T10:13:00Z;;C
97200104511;97222;;2022-10-11T09:45:00Z;C;C
97200104507;97222;;2022-10-11T09:15:00Z;C;C
97200104505;97217;;2022-10-11T09:15:00Z;C;C
97200104475;97201;;2022-10-10T12:15:00Z;C;C
97200104476;97201;;2022-10-10T12:05:00Z;C;C
97200104504;97209;;2022-10-10T11:40:00Z;C;C
97200104477;97211;;2022-10-10T11:39:00Z;C;C
97200104700;97214;;2022-10-10T11:00:00Z;C;C
97200104491;97224;;2022-10-10T11:00:00Z;C;C
97200104490;97203;;2022-10-10T10:06:00Z;C;C
97200104643;97212;;2022-10-10T10:00:00Z;C;C
97200104502;97212;;2022-10-10T10:00:00Z;C;C
97200104478;97206;;2022-10-05T11:10:00Z;C;C
97200104473;97213;;2022-10-05T09:30:00Z;C;C
97200104453;97210;;2022-10-04T12:30:00Z;C;C
97200104455;97226;;2022-10-04T11:35:00Z;C;C
97200104463;97209;;2022-10-04T11:00:00Z;C;C
97200104456;97221;;2022-10-04T10:25:00Z;C;C
97200104467;97209;;2022-10-04T09:57:00Z;C;C
97200104480;97209;;2022-10-04T00:00:00Z;C;C
97200104466;97212;;2022-10-03T12:45:00Z;;C
97200104457;97212;;2022-10-03T12:15:00Z;C;C
97200104464;97203;;2022-10-03T11:35:00Z;C;C
97200104462;97214;;2022-10-03T11:30:00Z;C;C
97200104452;97212;;2022-10-03T11:25:00Z;C;C
97200104454;97228;;2022-10-03T10:45:00Z;C;C
97200104768;97224;;2022-10-03T10:40:00Z;N;C
97200104923;97222;;2022-10-03T10:35:00Z;C;C
97200104458;97224;;2022-10-03T10:25:00Z;C;C
97200104461;97213;;2022-10-03T10:05:00Z;C;C
97200104460;97222;;2022-10-03T10:05:00Z;C;C
97200104592;97222;;2022-10-03T09:25:00Z;C;C
97200104591;97213;;2022-10-03T09:00:00Z;C;N
97200104451;97220;;2022-09-29T11:30:00Z;C;C
97200104450;97213;;2022-09-29T09:20:00Z;C;C
97200104459;97210;;2022-09-29T09:05:00Z;C;C
97200104429;97209;;2022-09-27T11:30:00Z;C;C
97200104434;97212;;2022-09-27T11:20:00Z;C;C
97200104436;97212;;2022-09-27T10:50:00Z;;C
97200104430;97209;;2022-09-27T10:45:00Z;C;C
97200104433;97217;;2022-09-27T09:30:00Z;C;C
97200104431;97222;;2022-09-27T09:27:00Z;C;C
97200104428;97229;;2022-09-27T00:00:00Z;C;C
97200104422;97218;;2022-09-26T11:35:00Z;C;C
97200104513;97228;;2022-09-26T11:30:00Z;C;C
97200104421;97228;;2022-09-26T11:20:00Z;C;C
97200104517;97218;;2022-09-26T10:50:00Z;C;C
97200104522;97225;;2022-09-26T10:15:00Z;C;C
97200104432;97201;;2022-09-26T09:30:00Z;C;C
97200104423;97228;;2022-09-26T09:25:00Z;C;C
97200104426;97229;;2022-09-26T09:10:00Z;C;C
97200104465;97214;;2022-09-26T08:36:00Z;C;C
97200104411;97215;;2022-09-23T10:22:00Z;C;C
97200104412;97226;;2022-09-21T09:00:00Z;C;C
97200105061;97209;;2022-09-20T12:10:00Z;C;C
97200104523;97225;;2022-09-20T12:00:00Z;C;C
97200104417;97234;;2022-09-20T10:55:00Z;C;C
97200104406;97217;;2022-09-20T10:15:00Z;C;C
97200104409;97234;;2022-09-20T10:15:00Z;C;C
97200104420;97209;;2022-09-20T09:45:00Z;C;C
97200104514;97205;;2022-09-20T09:35:00Z;C;C
97200104419;97201;;2022-09-19T11:51:00Z;C;C
97200104410;97212;;2022-09-19T11:45:00Z;C;C
97200104405;97201;;2022-09-19T11:28:00Z;C;C
97200104472;97224;;2022-09-19T10:55:00Z;C;C
97200104471;97224;;2022-09-19T10:00:00Z;C;N
97200104418;97224;;2022-09-19T09:30:00Z;C;C
97200104408;97209;;2022-09-19T09:20:00Z;C;C
97200104474;97214;;2022-09-19T09:18:00Z;C;C
97200104404;97209;;2022-09-19T09:00:00Z;C;C
97200104376;97232;;2022-09-15T11:10:00Z;C;C
97200104375;97213;;2022-09-15T09:00:00Z;C;C
97200104356;97222;;2022-09-14T12:50:00Z;C;C
97200104370;97220;;2022-09-14T11:10:00Z;C;C
97200104470;97209;;2022-09-14T10:45:00Z;C;C
97200104355;97220;;2022-09-14T10:30:00Z;C;C
97200104369;97223;;2022-09-14T09:50:00Z;C;C
97200104368;97213;;2022-09-14T09:30:00Z;C;C
97200104373;97229;;2022-09-13T12:10:00Z;C;C
97200104519;97208;;2022-09-13T11:45:00Z;C;C
97200104365;97202;;2022-09-13T11:30:00Z;C;C
97200104366;97230;;2022-09-13T11:00:00Z;C;C
97200104361;97228;;2022-09-13T10:15:00Z;C;C
97200104362;97228;;2022-09-13T09:30:00Z;C;C
97200104393;97218;;2022-09-13T09:25:00Z;C;C
97200104364;97225;;2022-09-12T13:15:00Z;C;C
97200104339;97211;;2022-09-12T12:00:00Z;C;C
97200104358;97212;;2022-09-12T12:00:00Z;;C
97200104363;97215;;2022-09-12T11:25:00Z;N;C
97200104359;97212;;2022-09-12T11:05:00Z;C;C
97200104524;97233;;2022-09-12T11:00:00Z;C;C
97200104367;97233;;2022-09-12T10:35:00Z;C;C
97200104518;97214;;2022-09-12T10:00:00Z;C;C
97200104360;97226;;2022-09-12T09:55:00Z;C;C
97200104357;97224;;2022-09-12T09:50:00Z;C;C
97200104392;97210;;2022-09-08T11:15:00Z;C;C
97200104424;97232;;2022-09-07T10:10:00Z;C;C
97200104317;97222;;2022-09-07T10:00:00Z;C;C
97200104329;97222;;2022-09-06T12:15:00Z;C;C
97200104330;97228;;2022-09-06T11:30:00Z;C;C
97200104331;97209;;2022-09-06T11:20:00Z;C;C
97200104435;97228;;2022-09-06T11:00:00Z;C;C
97200104327;97209;;2022-09-06T10:15:00Z;C;C
97200104319;97209;;2022-09-06T10:00:00Z;C;C
97200104316;97213;;2022-09-06T09:15:00Z;C;C
97200104326;97209;;2022-09-06T09:05:00Z;C;C
97200104341;97209;;2022-09-06T07:53:00Z;C;C
97200104321;97224;;2022-09-05T11:05:00Z;C;C
97200104437;97212;;2022-09-05T10:33:00Z;C;C
97200104315;97212;;2022-09-05T09:20:00Z;C;C
97200104318;97212;;2022-09-05T09:00:00Z;C;C
97200104388;97230;;2022-09-01T12:15:00Z;C;C
97200104390;97214;;2022-09-01T11:00:00Z;C;C
97200104389;97228;;2022-09-01T10:00:00Z;C;C
97200104309;97229;;2022-08-31T13:25:00Z;C;C
97200104300;97205;;2022-08-31T12:15:00Z;C;C
97200104308;97229;;2022-08-31T11:45:00Z;C;C
97200104304;97229;;2022-08-31T10:30:00Z;C;C
97200104302;97213;;2022-08-31T10:10:00Z;C;C
97200104387;97209;;2022-08-30T13:15:00Z;C;C
97200104275;97209;;2022-08-30T11:20:00Z;C;C
97200104272;97217;;2022-08-30T09:35:00Z;C;C
97200104252;97224;;2022-08-29T13:20:00Z;C;C
97200104251;97212;;2022-08-29T12:40:00Z;C;C
97200104273;97214;;2022-08-29T12:35:00Z;C;C
97200104260;97212;;2022-08-29T12:00:00Z;;C
97200104274;97214;;2022-08-29T11:45:00Z;C;C
97200104253;97201;;2022-08-29T11:15:00Z;C;C
97200104249;97213;;2022-08-29T09:40:00Z;C;C
97200104208;97209;;2022-08-25T12:20:00Z;C;C
97200104219;97209;;2022-08-25T11:35:00Z;C;C
97200104209;97209;;2022-08-25T11:15:00Z;C;C
97200104217;97212;;2022-08-24T10:50:00Z;;C
97200104218;97212;;2022-08-24T09:50:00Z;C;C
97200104525;97218;;2022-08-23T13:30:00Z;C;C
97200104386;97225;;2022-08-23T12:05:00Z;C;C
97200104215;97222;;2022-08-23T11:15:00Z;C;C
97200104216;97226;;2022-08-23T10:40:00Z;C;C
97200104214;97222;;2022-08-23T10:30:00Z;;C
97200104520;97234;;2022-08-23T09:00:00Z;C;C
97200104204;97209;;2022-08-22T12:50:00Z;C;C
97200104206;97209;;2022-08-22T12:15:00Z;C;C
97200104210;97214;;2022-08-22T11:45:00Z;C;C
97200104212;97224;;2022-08-22T11:40:00Z;C;C
97200104213;97224;;2022-08-22T11:10:00Z;C;C
97200104211;97224;;2022-08-22T10:40:00Z;C;C
97200104197;97217;;2022-08-18T10:25:00Z;C;C
97200104200;97213;;2022-08-17T12:50:00Z;C;C
97200104198;97212;;2022-08-17T12:00:00Z;;C
97200104201;97228;;2022-08-17T12:00:00Z;C;C
97200104202;97209;;2022-08-17T11:30:00Z;C;C
97200104203;97229;;2022-08-17T10:50:00Z;C;C
97200104199;97212;;2022-08-17T10:43:00Z;C;C
97200104186;97233;;2022-08-17T09:50:00Z;C;C
97200104191;97222;;2022-08-16T12:40:00Z;C;C
97200104187;97222;;2022-08-16T11:50:00Z;C;C
97200104332;97214;;2022-08-16T09:45:00Z;C;C
97200104235;97214;;2022-08-16T09:30:00Z;C;C
97200104256;97226;;2022-08-10T12:25:00Z;C;C
97200104255;97213;;2022-08-10T11:25:00Z;C;C
97200104311;97209;;2022-08-10T10:15:00Z;C;C
97200104243;97209;;2022-08-10T09:40:00Z;C;C
97200104254;97227;;2022-08-10T09:31:00Z;C;C
97200104149;97234;;2022-08-09T12:23:00Z;C;C
97200104257;97228;;2022-08-09T12:20:00Z;C;C
97200104258;97228;;2022-08-09T11:35:00Z;C;C
97200104305;97233;;2022-08-09T10:50:00Z;C;N
97200104250;97222;;2022-08-09T10:45:00Z;C;C
97200104261;97222;;2022-08-09T10:05:00Z;C;C
97200104156;97225;;2022-08-09T09:57:00Z;C;C
97200104158;97209;;2022-08-08T13:00:00Z;C;C
97200104320;97203;;2022-08-08T12:20:00Z;C;C
97200104323;97209;;2022-08-08T12:15:00Z;C;C
97200104157;97211;;2022-08-08T11:30:00Z;C;C
97200104262;97212;;2022-08-08T11:20:00Z;;C
97200104322;97211;;2022-08-08T10:45:00Z;C;C
97200104259;97212;;2022-08-08T10:45:00Z;C;C
97200104151;97232;;2022-08-04T11:15:00Z;C;C
97200104159;97217;;2022-08-03T09:40:00Z;C;C
97200104163;97202;;2022-08-02T12:40:00Z;C;C
97200104153;97234;;2022-08-02T12:07:00Z;C;C
97200104152;97206;;2022-08-02T11:55:00Z;C;C
97200104171;97225;;2022-08-02T11:23:00Z;C;C
97200104310;97229;;2022-08-02T10:03:00Z;C;C
97200104176;97209;;2022-08-02T09:18:00Z;C;C
97200104154;97224;;2022-08-01T12:20:00Z;C;C
97200104155;97201;;2022-08-01T11:45:00Z;C;C
97200104179;97224;;2022-08-01T11:20:00Z;C;C
97200104162;97201;;2022-08-01T11:20:00Z;C;C
97200104160;97203;;2022-08-01T10:55:00Z;C;C
97200104303;97212;;2022-08-01T10:45:00Z;C;C
97200104129;97212;;2022-08-01T10:25:00Z;;C
97200104170;97214;;2022-08-01T10:20:00Z;C;C
97200104164;97212;;2022-08-01T10:13:00Z;C;C
97200104168;97224;;2022-08-01T10:05:00Z;C;C
97200104161;97228;;2022-08-01T09:35:00Z;C;C
97200104167;97213;;2022-08-01T09:20:00Z;C;C
97200104205;97224;;2022-08-01T09:00:00Z;C;C
97200104113;97210;;2022-07-28T11:30:00Z;C;C
97200104112;97213;;2022-07-28T10:15:00Z;C;C
97200104091;97229;;2022-07-28T09:45:00Z;C;C
97200104093;97222;;2022-07-27T11:50:00Z;;C
97200104109;97229;;2022-07-27T11:15:00Z;C;C
97200104090;97209;;2022-07-27T09:55:00Z;C;C
97200104094;97213;;2022-07-27T09:50:00Z;C;C
97200104119;97209;;2022-07-27T09:15:00Z;C;C
97200104128;97220;;2022-07-27T09:00:00Z;C;C
97200104115;97228;;2022-07-26T13:15:00Z;C;C
97200104089;97229;;2022-07-26T12:15:00Z;C;C
97200104110;97209;;2022-07-26T10:20:00Z;C;C
97200104148;97228;;2022-07-26T10:15:00Z;C;C
97200104116;97221;;2022-07-26T10:00:00Z;C;C
97200104150;97207;;2022-07-26T09:24:00Z;C;C
97200104117;97212;;2022-07-25T12:10:00Z;C;C
97200104118;97222;;2022-07-25T11:40:00Z;C;C
97200104097;97212;;2022-07-25T11:05:00Z;;C
97200104114;97222;;2022-07-25T10:50:00Z;C;C
97200104098;97212;;2022-07-25T10:15:00Z;C;C
97200104120;97214;;2022-07-25T10:00:00Z;C;C
97200104099;97226;;2022-07-25T10:00:00Z;C;C
97200104096;97224;;2022-07-25T09:10:00Z;C;C
97200104087;97209;;2022-07-21T11:30:00Z;C;C
97200104081;97213;;2022-07-21T09:45:00Z;C;C
97200104078;97204;;2022-07-20T12:45:00Z;C;C
97200104077;97219;;2022-07-20T12:05:00Z;C;C
97200104079;97234;;2022-07-20T08:50:00Z;C;C
97200104084;97222;;2022-07-19T11:30:00Z;C;C
97200104086;97217;;2022-07-19T11:00:00Z;C;C
97200104083;97224;;2022-07-19T10:56:00Z;C;C
97200104082;97213;;2022-07-19T09:03:00Z;C;C
97200104188;97214;;2022-07-18T12:15:00Z;C;C
97200104192;97201;;2022-07-18T11:20:00Z;C;C
97200104085;97212;;2022-07-18T11:10:00Z;C;C
97200104088;97212;;2022-07-18T10:25:00Z;;C
97200104193;97209;;2022-07-18T08:40:00Z;C;C
97200104075;97209;;2022-07-12T11:47:00Z;C;C
97200104072;97232;;2022-07-12T11:30:00Z;C;C
97200104063;97209;;2022-07-12T11:29:00Z;N;C
97200104076;97209;;2022-07-12T10:55:00Z;C;C
97200104073;97210;;2022-07-12T10:00:00Z;C;C
97200104074;97213;;2022-07-12T09:15:00Z;C;C
97200104061;97209;;2022-07-12T08:23:00Z;C;C
97200104062;97209;;2022-07-12T07:53:00Z;C;C
97200104071;97214;;2022-07-11T12:13:00Z;C;C
97200104058;97224;;2022-07-11T11:45:00Z;C;C
97200104060;97224;;2022-07-11T11:05:00Z;C;C
97200104064;97226;;2022-07-11T10:15:00Z;C;C
97200104066;97228;;2022-07-11T10:15:00Z;C;C
97200104059;97222;;2022-07-11T10:00:00Z;C;C
97200104067;97212;;2022-07-11T09:39:00Z;;C
97200104065;97221;;2022-07-11T09:30:00Z;C;C
97200104069;97212;;2022-07-11T09:10:00Z;C;C
97200104068;97212;;2022-07-11T08:45:00Z;C;C
97200104070;97224;;2022-07-11T08:05:00Z;C;C
97200103984;97222;;2022-07-06T11:40:00Z;C;C
97200104165;97230;;2022-07-06T10:45:00Z;C;C
97200104180;97214;;2022-07-06T09:40:00Z;C;C
97200104166;97229;;2022-07-05T12:00:00Z;C;C
97200103969;97233;;2022-07-05T11:35:00Z;C;C
97200103982;97208;;2022-07-05T11:25:00Z;C;C
97200103968;97217;;2022-07-05T11:20:00Z;C;C
97200103970;97234;;2022-07-05T10:55:00Z;C;C
97200103983;97209;;2022-07-05T09:10:00Z;C;C
97200103974;97211;;2022-07-04T12:40:00Z;C;C
97200103971;97218;;2022-07-04T12:05:00Z;C;C
97200103980;97214;;2022-07-04T11:40:00Z;C;C
97200103973;97218;;2022-07-04T11:35:00Z;C;C
97200103975;97212;;2022-07-04T11:05:00Z;C;C
97200103976;97214;;2022-07-04T10:50:00Z;C;C
97200103981;97225;;2022-07-04T10:40:00Z;C;C
97200103986;97229;;2022-07-04T10:30:00Z;C;C
97200104172;97224;;2022-07-04T10:25:00Z;C;C
97200103977;97228;;2022-07-04T10:00:00Z;C;C
97200103985;97209;;2022-07-04T09:30:00Z;C;C
97200104034;97230;;2022-06-30T10:15:00Z;C;C
97200104050;97208;;2022-06-29T12:35:00Z;C;C
97200104049;97225;;2022-06-29T10:40:00Z;C;C
97200104056;97233;;2022-06-29T10:00:00Z;C;C
97200103951;97222;;2022-06-28T10:50:00Z;;C
97200104048;97213;;2022-06-28T10:40:00Z;C;C
97200104047;97209;;2022-06-28T10:15:00Z;C;C
97200104040;97222;;2022-06-28T09:45:00Z;C;C
97200104045;97213;;2022-06-28T09:25:00Z;C;C
97200104051;97209;;2022-06-28T09:23:00Z;C;C
97200104046;97213;;2022-06-28T08:50:00Z;C;C
97200104037;97220;;2022-06-27T12:05:00Z;C;C
97200104038;97212;;2022-06-27T12:00:00Z;C;C
97200103948;97212;;2022-06-27T11:20:00Z;C;C
97200104036;97210;;2022-06-27T11:15:00Z;C;C
97200103946;97228;;2022-06-27T11:00:00Z;C;C
97200103949;97226;;2022-06-27T10:35:00Z;C;C
97200103947;97207;;2022-06-27T10:30:00Z;C;C
97200104055;97224;;2022-06-27T10:20:00Z;C;C
97200103950;97215;;2022-06-27T10:05:00Z;C;C
97200104039;97201;;2022-06-27T09:20:00Z;C;C
97200103943;97232;;2022-06-23T13:15:00Z;C;C
97200103945;97229;;2022-06-23T11:45:00Z;C;C
97200103935;97231;;2022-06-22T11:35:00Z;C;C
97200103922;97202;;2022-06-22T10:40:00Z;C;C
97200103924;97212;;2022-06-21T13:15:00Z;C;C
97200103936;97212;;2022-06-21T12:20:00Z;;C
97200103923;97212;;2022-06-21T11:00:00Z;C;C
97200103925;97209;;2022-06-21T10:19:00Z;C;C
97200104033;97224;;2022-06-21T10:16:00Z;C;C
97200103934;97222;;2022-06-21T10:00:00Z;C;C
97200103937;97209;;2022-06-21T10:00:00Z;C;C
97200103926;97222;;2022-06-21T09:15:00Z;C;C
97200104053;97228;;2022-06-20T12:25:00Z;C;C
97200103929;97233;;2022-06-20T11:50:00Z;C;C
97200103933;97228;;2022-06-20T11:40:00Z;C;C
97200103932;97230;;2022-06-20T11:10:00Z;C;C
97200103939;97234;;2022-06-20T11:05:00Z;C;C
97200103930;97234;;2022-06-20T10:40:00Z;N;C
97200103931;97222;;2022-06-20T10:10:00Z;C;C
97200103987;97214;;2022-06-20T09:51:00Z;C;C
97200103938;97229;;2022-06-20T09:50:00Z;C;C
97200103978;97230;;2022-06-20T09:45:00Z;C;C
97200103928;97213;;2022-06-20T09:30:00Z;C;C
97200103927;97209;;2022-06-20T09:20:00Z;C;C
97200103979;97228;;2022-06-20T08:55:00Z;C;C
97200103915;97223;;2022-06-16T12:35:00Z;C;C
97200103916;97226;;2022-06-16T10:00:00Z;C;C
97200103912;97201;;2022-06-15T11:35:00Z;C;C
97200103914;97209;;2022-06-15T10:55:00Z;C;C
97200103913;97203;;2022-06-15T10:45:00Z;C;C
97200103917;97209;;2022-06-15T10:35:00Z;C;C
97200103918;97209;;2022-06-15T10:15:00Z;C;C
97200103910;97225;;2022-06-14T13:10:00Z;C;C
97200103911;97217;;2022-06-14T10:50:00Z;C;C
97200103909;97233;;2022-06-14T10:20:00Z;C;C
97200103908;97231;;2022-06-14T10:05:00Z;C;C
97200103901;97228;;2022-06-14T08:42:00Z;C;C
97200104029;97222;;2022-06-13T12:45:00Z;C;C
97200104031;97206;;2022-06-13T12:12:00Z;C;C
97200103900;97203;;2022-06-13T11:45:00Z;C;C
97200103906;97212;;2022-06-13T11:10:00Z;;C
97200103903;97213;;2022-06-13T10:35:00Z;C;C
97200103905;97212;;2022-06-13T10:30:00Z;C;C
97200103902;97222;;2022-06-13T09:45:00Z;C;C
97200103907;97212;;2022-06-13T09:45:00Z;C;C
97200103904;97224;;2022-06-13T07:27:00Z;C;C
97200103879;97213;;2022-06-09T13:50:00Z;C;C
97200103874;97213;;2022-06-09T12:40:00Z;C;C
97200103880;97232;;2022-06-09T10:45:00Z;C;C
97200103861;97201;;2022-06-08T10:49:00Z;C;C
97200103870;97217;;2022-06-08T09:45:00Z;C;C
97200103875;97209;;2022-06-08T09:40:00Z;C;C
97200103872;97227;;2022-06-08T09:30:00Z;C;C
97200104028;97209;;2022-06-08T09:00:00Z;C;C
97200103873;97230;;2022-06-08T09:00:00Z;C;C
97200103864;97228;;2022-06-07T12:35:00Z;C;C
97200103863;97211;;2022-06-07T11:30:00Z;C;C
97200104027;97212;;2022-06-07T11:10:00Z;C;C
97200103865;97228;;2022-06-07T10:15:00Z;C;C
97200103868;97212;;2022-06-07T10:12:00Z;;C
97200103881;97203;;2022-06-07T10:05:00Z;C;C
97200103869;97212;;2022-06-07T09:35:00Z;C;C
97200103866;97228;;2022-06-07T09:35:00Z;C;C
97200103862;97214;;2022-06-07T09:30:00Z;C;C
97200103867;97224;;2022-06-07T08:40:00Z;C;C
97200103850;97223;;2022-06-02T10:10:00Z;C;C
97200103849;97213;;2022-06-01T12:35:00Z;C;C
97200103851;97229;;2022-06-01T11:15:00Z;C;C
97200103848;97219;;2022-06-01T10:40:00Z;C;C
97200103858;97218;;2022-06-01T10:02:00Z;C;C
97200103842;97209;;2022-06-01T09:22:00Z;C;C
97200105002;97222;;2022-05-31T09:55:00Z;C;C
97200105001;97210;;2022-05-31T09:50:00Z;C;C
97200103843;97226;;2022-05-31T09:10:00Z;C;C
97200103839;97212;;2022-05-30T11:50:00Z;;C
97200103845;97212;;2022-05-30T11:30:00Z;C;C
97200103840;97212;;2022-05-30T11:15:00Z;C;C
97200103837;97224;;2022-05-30T10:50:00Z;C;C
97200103846;97224;;2022-05-30T10:25:00Z;C;C
97200103838;97222;;2022-05-30T09:45:00Z;C;C
97200103836;97213;;2022-05-30T09:45:00Z;C;C
97200103844;97228;;2022-05-30T09:25:00Z;C;C
97200103841;97213;;2022-05-30T08:30:00Z;C;C
97200103785;97213;;2022-05-24T13:05:00Z;C;C
97200103801;97212;;2022-05-24T12:35:00Z;;C
97200103787;97222;;2022-05-24T12:35:00Z;C;C
97200103797;97229;;2022-05-24T12:05:00Z;C;C
97200103802;97212;;2022-05-24T11:45:00Z;C;C
97200103804;97229;;2022-05-24T11:05:00Z;C;C
97200103899;97222;;2022-05-24T10:35:00Z;C;C
97200103795;97209;;2022-05-24T09:45:00Z;C;C
97200103789;97224;;2022-05-24T09:45:00Z;C;C
97200103796;97209;;2022-05-24T09:25:00Z;C;C
97200103786;97214;;2022-05-23T12:00:00Z;C;C
97200103788;97201;;2022-05-23T11:35:00Z;C;C
97200103826;97228;;2022-05-23T11:20:00Z;C;C
97200104025;97214;;2022-05-23T10:55:00Z;C;C
97200103825;97229;;2022-05-19T10:40:00Z;C;C
97200103782;97226;;2022-05-19T10:10:00Z;C;C
97200103783;97217;;2022-05-19T09:40:00Z;C;C
97200103822;97209;;2022-05-18T13:15:00Z;C;C
97200103823;97209;;2022-05-18T10:15:00Z;C;C
97200103898;97220;;2022-05-17T12:15:00Z;C;C
97200103810;97212;;2022-05-17T12:00:00Z;;C
97200103819;97212;;2022-05-17T11:30:00Z;C;C
97200103758;97209;;2022-05-17T10:35:00Z;C;C
97200103820;97224;;2022-05-17T10:30:00Z;C;C
97200103760;97209;;2022-05-17T10:20:00Z;C;C
97200103818;97217;;2022-05-17T10:15:00Z;C;C
97200103759;97234;;2022-05-17T09:55:00Z;C;C
97200103757;97234;;2022-05-17T09:35:00Z;C;C
97200103897;97230;;2022-05-16T12:30:00Z;C;C
97200103860;97225;;2022-05-16T11:15:00Z;C;C
97200103806;97222;;2022-05-16T10:30:00Z;C;C
97200103805;97222;;2022-05-16T09:50:00Z;C;C
97200103807;97228;;2022-05-16T09:30:00Z;C;C
97200103809;97213;;2022-05-16T08:50:00Z;C;C
97200103748;97213;;2022-05-12T10:40:00Z;C;C
97200103728;97209;;2022-05-11T09:15:00Z;C;C
97200103876;97218;;2022-05-10T13:30:00Z;C;C
97200103878;97225;;2022-05-10T12:15:00Z;C;C
97200103877;97225;;2022-05-10T10:45:00Z;C;C
97200103740;97222;;2022-05-10T10:30:00Z;;C
97200103741;97213;;2022-05-10T09:45:00Z;C;C
97200103742;97224;;2022-05-09T13:00:00Z;C;C
97200103747;97228;;2022-05-09T12:00:00Z;C;C
97200103744;97212;;2022-05-09T12:00:00Z;C;C
97200103859;97228;;2022-05-09T11:10:00Z;C;C
97200103746;97228;;2022-05-09T10:40:00Z;C;C
97200103745;97214;;2022-05-09T10:20:00Z;C;C
97200103743;97212;;2022-05-09T10:00:00Z;;C
97200103676;97232;;2022-05-06T10:51:00Z;C;C
97200103706;97210;;2022-05-05T13:05:00Z;C;C
97200103705;97232;;2022-05-04T10:05:00Z;C;C
97200103704;97222;;2022-05-04T09:35:00Z;C;C
97200103834;97209;;2022-05-03T10:25:00Z;C;C
97200104880;97226;;2022-05-03T10:20:00Z;C;C
97200104882;97209;;2022-05-03T09:45:00Z;C;C
97200104879;97220;;2022-05-03T09:30:00Z;C;C
97200104881;97209;;2022-05-03T09:00:00Z;C;C
97200103696;97233;;2022-05-02T13:20:00Z;C;C
97200103679;97233;;2022-05-02T13:00:00Z;C;C
97200103688;97209;;2022-05-02T12:58:00Z;C;C
97200103678;97233;;2022-05-02T12:40:00Z;C;C
97200103695;97214;;2022-05-02T12:30:00Z;C;C
97200103677;97211;;2022-05-02T11:36:00Z;C;C
97200103694;97224;;2022-05-02T11:30:00Z;C;C
97200103689;97215;;2022-05-02T11:15:00Z;C;C
97200103673;97228;;2022-05-02T11:10:00Z;C;C
97200103833;97228;;2022-05-02T10:40:00Z;C;C
97200103680;97212;;2022-05-02T10:15:00Z;;C
97200103690;97212;;2022-05-02T09:30:00Z;C;C
97200103693;97214;;2022-05-02T09:22:00Z;C;C
97200103662;97234;;2022-04-28T09:55:00Z;C;C
97200103670;97205;;2022-04-28T09:14:00Z;C;C
97200103672;97209;;2022-04-27T12:30:00Z;C;C
97200103668;97209;;2022-04-27T12:05:00Z;C;C
97200103667;97209;;2022-04-27T09:55:00Z;C;C
97200103669;97202;;2022-04-27T09:40:00Z;C;C
97200103654;97222;;2022-04-26T12:10:00Z;;C
97200103659;97229;;2022-04-26T11:51:00Z;C;C
97200103665;97228;;2022-04-26T11:15:00Z;C;C
97200103657;97217;;2022-04-26T10:45:00Z;C;C
97200103656;97212;;2022-04-26T10:40:00Z;C;C
97200103655;97212;;2022-04-26T10:20:00Z;;C
97200103671;97229;;2022-04-26T10:18:00Z;C;C
97200103666;97224;;2022-04-26T09:40:00Z;C;C
97200103653;97213;;2022-04-26T09:30:00Z;C;C
97200103664;97220;;2022-04-25T12:35:00Z;C;C
97200103790;97214;;2022-04-25T11:09:00Z;C;C
97200103658;97214;;2022-04-25T10:50:00Z;C;C
97200103652;97213;;2022-04-25T09:15:00Z;C;C
97200103661;97201;;2022-04-25T08:57:00Z;C;C
97200103691;97203;;2022-04-20T10:00:00Z;C;C
97200103644;97209;;2022-04-20T09:44:00Z;C;C
97200103643;97209;;2022-04-20T09:15:00Z;C;C
97200103641;97228;;2022-04-19T12:10:00Z;C;C
97200103634;97230;;2022-04-19T12:05:00Z;C;C
97200103642;97213;;2022-04-19T11:20:00Z;C;C
97200103636;97222;;2022-04-19T11:10:00Z;C;C
97200103639;97212;;2022-04-19T10:55:00Z;;C
97200103650;97226;;2022-04-19T10:20:00Z;C;C
97200103637;97229;;2022-04-19T10:15:00Z;C;C
97200103649;97222;;2022-04-19T10:05:00Z;C;C
97200103640;97212;;2022-04-19T09:50:00Z;C;C
97200103638;97227;;2022-04-19T09:30:00Z;C;C
97200103635;97213;;2022-04-19T09:25:00Z;C;C
97200103651;97224;;2022-04-19T09:07:00Z;C;C
97200103633;97213;;2022-04-19T08:50:00Z;C;C
97200103763;97224;;2022-04-19T08:16:00Z;C;C
97200103624;97228;;2022-04-13T11:10:00Z;C;C
97200103621;97206;;2022-04-13T11:05:00Z;C;C
97200103623;97218;;2022-04-13T10:40:00Z;C;C
97200103762;97218;;2022-04-13T10:10:00Z;C;C
97200103622;97218;;2022-04-13T09:30:00Z;C;C
97200103617;97214;;2022-04-11T12:40:00Z;C;C
97200103618;97203;;2022-04-11T12:00:00Z;C;C
97200103761;97203;;2022-04-11T11:35:00Z;C;C
97200103619;97212;;2022-04-11T10:00:00Z;C;C
97200103620;97212;;2022-04-11T09:20:00Z;C;C
97200103764;97224;;2022-04-11T08:28:00Z;C;C
97200103603;97210;;2022-04-07T12:25:00Z;C;C
97200103599;97211;;2022-04-06T11:39:00Z;C;C
97200103600;97211;;2022-04-06T11:20:00Z;C;C
97200103602;97233;;2022-04-06T10:25:00Z;C;C
97200103601;97226;;2022-04-06T10:10:00Z;C;C
97200103605;97220;;2022-04-05T12:00:00Z;C;C
97200103606;97217;;2022-04-05T11:30:00Z;C;C
97200103609;97229;;2022-04-05T09:20:00Z;C;C
97200103596;97224;;2022-04-05T09:15:00Z;C;C
97200103607;97232;;2022-04-05T00:10:00Z;C;C
97200103593;97201;;2022-04-04T12:30:00Z;C;C
97200103711;97228;;2022-04-04T12:15:00Z;C;C
97200103592;97209;;2022-04-04T11:40:00Z;C;C
97200103608;97228;;2022-04-04T11:10:00Z;C;C
97200103589;97212;;2022-04-04T11:05:00Z;C;C
97200103587;97225;;2022-04-04T11:00:00Z;C;C
97200103597;97212;;2022-04-04T10:45:00Z;;C
97200103594;97211;;2022-04-04T10:40:00Z;N;C
97200103585;97209;;2022-04-04T10:35:00Z;C;C
97200103591;97212;;2022-04-04T10:20:00Z;C;C
97200103595;97230;;2022-04-04T10:15:00Z;C;C
97200103598;97209;;2022-04-04T09:40:00Z;C;C
97200103590;97224;;2022-04-04T09:20:00Z;C;C
97200103604;97213;;2022-04-04T09:20:00Z;C;C
97200103588;97222;;2022-03-31T09:45:00Z;C;C
97200103586;97222;;2022-03-31T09:09:00Z;C;C
97200103568;97209;;2022-03-30T11:35:00Z;C;C
97200103567;97209;;2022-03-30T10:55:00Z;C;C
97200103566;97223;;2022-03-30T09:45:00Z;C;C
97200103546;97231;;2022-03-29T10:50:00Z;C;C
97200103545;97203;;2022-03-29T10:41:00Z;C;C
97200103550;97203;;2022-03-29T10:41:00Z;C;C
97200103564;97234;;2022-03-29T10:05:00Z;C;C
97200103555;97217;;2022-03-29T09:55:00Z;C;C
97200103616;97221;;2022-03-29T09:35:00Z;C;C
97200103548;97234;;2022-03-29T09:30:00Z;C;C
97200103547;97210;;2022-03-29T09:15:00Z;C;C
97200103556;97212;;2022-03-28T13:10:00Z;C;C
97200103558;97212;;2022-03-28T12:45:00Z;;C
97200103551;97201;;2022-03-28T12:35:00Z;C;C
97200103552;97228;;2022-03-28T12:20:00Z;C;C
97200103557;97213;;2022-03-28T10:20:00Z;C;C
97200103561;97209;;2022-03-28T10:15:00Z;C;C
97200103663;97214;;2022-03-28T10:05:00Z;C;C
97200103553;97213;;2022-03-28T09:50:00Z;C;C
97200103562;97209;;2022-03-28T09:35:00Z;C;C
97200103554;97228;;2022-03-28T09:25:00Z;C;C
97200103549;97213;;2022-03-24T11:35:00Z;C;C
97200103537;97209;;2022-03-24T11:18:00Z;C;C
97200103536;97222;;2022-03-23T09:30:00Z;C;C
97200103519;97209;;2022-03-22T12:15:00Z;C;C
97200103515;97203;;2022-03-22T11:35:00Z;N;C
97200103510;97224;;2022-03-22T11:02:00Z;C;C
97200103521;97214;;2022-03-22T10:50:00Z;C;C
97200103511;97209;;2022-03-22T10:40:00Z;C;C
97200103517;97226;;2022-03-22T10:10:00Z;C;C
97200103512;97209;;2022-03-22T10:00:00Z;C;C
97200103520;97224;;2022-03-22T09:20:00Z;C;C
97200103522;97224;;2022-03-22T00:00:00Z;C;C
97200103501;97209;;2022-03-21T13:20:00Z;C;C
97200103714;97209;;2022-03-21T12:25:00Z;C;C
97200103712;97222;;2022-03-21T11:45:00Z;C;C
97200103499;97228;;2022-03-21T10:30:00Z;C;C
97200103509;97212;;2022-03-21T10:20:00Z;C;C
97200103516;97212;;2022-03-21T10:00:00Z;C;C
97200103513;97218;;2022-03-21T09:55:00Z;C;C
97200103500;97213;;2022-03-21T09:55:00Z;C;C
97200103503;97233;;2022-03-21T09:40:00Z;C;C
97200103518;97212;;2022-03-21T09:35:00Z;;C
97200103514;97218;;2022-03-21T09:30:00Z;C;C
97200103498;97228;;2022-03-21T09:30:00Z;C;C
97200103528;97232;;2022-03-17T11:40:00Z;C;C
97200103497;97202;;2022-03-17T10:23:00Z;C;C
97200103474;97213;;2022-03-17T09:55:00Z;C;C
97200103486;97224;;2022-03-16T10:00:00Z;C;C
97200103489;97209;;2022-03-16T10:00:00Z;C;C
97200103475;97226;;2022-03-16T09:50:00Z;C;C
97200103473;97209;;2022-03-16T09:40:00Z;C;C
97200103490;97209;;2022-03-16T09:20:00Z;C;C
97200103479;97229;;2022-03-16T08:15:00Z;C;C
97200103481;97228;;2022-03-15T11:25:00Z;C;C
97200103477;97212;;2022-03-15T11:19:00Z;C;C
97200103715;97219;;2022-03-15T11:10:00Z;C;C
97200103476;97217;;2022-03-15T11:00:00Z;C;C
97200103485;97212;;2022-03-15T10:09:00Z;;C
97200103716;97213;;2022-03-15T09:55:00Z;C;C
97200103480;97224;;2022-03-15T09:25:00Z;C;C
97200103737;97203;;2022-03-14T12:30:00Z;;C
97200103713;97231;;2022-03-14T11:30:00Z;C;C
97200103478;97209;;2022-03-14T09:10:00Z;C;C
97200103888;97207;;2022-03-10T13:02:00Z;C;C
97200103887;97214;;2022-03-09T12:20:00Z;C;C
97200103894;97214;;2022-03-09T11:35:00Z;C;C
97200103431;97233;;2022-03-09T11:00:00Z;C;C
97200103446;97204;;2022-03-09T09:50:00Z;C;C
97200103563;97209;;2022-03-09T08:50:00Z;C;C
97200103736;97229;;2022-03-09T07:50:00Z;C;C
97200103430;97225;;2022-03-08T13:10:00Z;C;C
97200103445;97224;;2022-03-08T11:50:00Z;C;C
97200103442;97211;;2022-03-08T11:45:00Z;C;C
97200103890;97226;;2022-03-08T10:55:00Z;C;C
97200103891;97206;;2022-03-08T10:30:00Z;C;C
97200103889;97227;;2022-03-08T09:50:00Z;C;C
97200103420;97222;;2022-03-07T13:22:00Z;;C
97200103418;97209;;2022-03-07T13:15:00Z;C;C
97200103428;97201;;2022-03-07T13:00:00Z;C;C
97200103422;97212;;2022-03-07T12:54:00Z;C;C
97200103813;97203;;2022-03-07T12:20:00Z;C;C
97200103440;97222;;2022-03-07T12:10:00Z;C;C
97200103429;97203;;2022-03-07T11:50:00Z;C;C
97200103812;97212;;2022-03-07T11:46:00Z;C;C
97200104883;97209;;2022-03-07T10:50:00Z;C;C
97200103441;97222;;2022-03-07T10:40:00Z;C;C
97200103423;97228;;2022-03-07T10:30:00Z;C;C
97200103438;97212;;2022-03-07T10:09:00Z;C;C
97200103419;97213;;2022-03-07T10:05:00Z;C;C
97200103437;97222;;2022-03-07T09:45:00Z;C;C
97200103439;97213;;2022-03-07T09:25:00Z;C;C
97200103435;97212;;2022-03-03T12:00:00Z;;C
97200103426;97228;;2022-03-03T11:45:00Z;C;C
97200103436;97212;;2022-03-03T11:30:00Z;C;C
97200103434;97228;;2022-03-03T10:35:00Z;C;C
97200103427;97224;;2022-03-03T10:20:00Z;C;C
97200103421;97217;;2022-03-03T08:25:00Z;C;C
97200103399;97229;;2022-02-23T12:40:00Z;C;C
97200103559;97214;;2022-02-23T10:50:00Z;C;C
97200103895;97209;;2022-02-23T10:00:00Z;C;C
97200103413;97228;;2022-02-23T10:00:00Z;C;C
97200103415;97209;;2022-02-23T09:30:00Z;C;C
97200103398;97222;;2022-02-23T09:24:00Z;C;C
97200103416;97222;;2022-02-23T08:55:00Z;C;C
97200103414;97229;;2022-02-23T08:15:00Z;C;C
97200103407;97224;;2022-02-22T12:15:00Z;C;C
97200103400;97226;;2022-02-22T11:45:00Z;C;C
97200103405;97230;;2022-02-22T11:33:00Z;C;C
97200103412;97232;;2022-02-22T10:50:00Z;C;C
97200103893;97213;;2022-02-22T10:40:00Z;C;C
97200103409;97231;;2022-02-22T10:40:00Z;C;C
97200103406;97222;;2022-02-22T10:05:00Z;C;C
97200103411;97221;;2022-02-22T10:00:00Z;C;C
97200103390;97217;;2022-02-22T09:30:00Z;C;C
97200103410;97213;;2022-02-22T09:10:00Z;C;C
97200103408;97213;;2022-02-22T09:06:00Z;C;C
97200103392;97224;;2022-02-21T11:45:00Z;C;C
97200103692;97218;;2022-02-21T11:20:00Z;C;C
97200103384;97234;;2022-02-21T11:20:00Z;C;C
97200103391;97224;;2022-02-21T11:10:00Z;C;C
97200103387;97234;;2022-02-21T10:55:00Z;C;C
97200103378;97211;;2022-02-21T10:55:00Z;C;C
97200103394;97212;;2022-02-21T10:15:00Z;C;C
97200103385;97209;;2022-02-21T09:50:00Z;C;C
97200103393;97212;;2022-02-21T09:50:00Z;;C
97200103730;97214;;2022-02-21T09:20:00Z;C;C
97200103383;97209;;2022-02-21T09:20:00Z;C;C
97200103395;97209;;2022-02-21T09:10:00Z;C;C
97200103361;97229;;2022-02-17T12:40:00Z;C;C
97200103363;97219;;2022-02-17T10:50:00Z;C;C
97200103381;97213;;2022-02-17T09:20:00Z;C;C
97200103360;97209;;2022-02-16T10:10:00Z;C;C
97200103364;97206;;2022-02-16T09:50:00Z;C;C
97200103353;97209;;2022-02-16T09:25:00Z;C;C
97200103382;97229;;2022-02-15T13:07:00Z;C;C
97200103847;97221;;2022-02-15T12:30:00Z;C;C
97200103357;97229;;2022-02-15T12:25:00Z;C;C
97200103356;97212;;2022-02-15T11:00:00Z;C;C
97200103355;97218;;2022-02-15T10:55:00Z;C;C
97200103527;97218;;2022-02-15T10:42:00Z;C;C
97200103366;97212;;2022-02-15T10:20:00Z;;C
97200103358;97218;;2022-02-15T10:19:00Z;C;C
97200103386;97212;;2022-02-15T09:55:00Z;C;N
97200103352;97226;;2022-02-15T09:25:00Z;C;C
97200103367;97222;;2022-02-14T13:00:00Z;;C
97200103487;97224;;2022-02-14T10:55:00Z;C;C
97200103687;97228;;2022-02-14T10:30:00Z;C;C
97200103354;97206;;2022-02-14T10:20:00Z;C;C
97200103359;97224;;2022-02-14T09:40:00Z;C;C
97200103309;97208;;2022-02-10T11:50:00Z;C;C
97200103319;97212;;2022-02-10T11:50:00Z;C;C
97200103313;97209;;2022-02-10T11:30:00Z;C;C
97200103320;97212;;2022-02-10T11:15:00Z;C;C
97200103310;97233;;2022-02-10T11:15:00Z;C;C
97200103314;97209;;2022-02-10T11:00:00Z;C;C
97200103322;97212;;2022-02-10T10:35:00Z;;C
97200103331;97229;;2022-02-10T10:25:00Z;C;C
97200103315;97213;;2022-02-10T08:55:00Z;C;C
97200103318;97214;;2022-02-09T12:15:00Z;C;C
97200103311;97228;;2022-02-09T11:30:00Z;C;C
97200103317;97222;;2022-02-09T10:40:00Z;C;C
97200103316;97222;;2022-02-09T10:00:00Z;C;C
97200103397;97213;;2022-02-08T12:00:00Z;C;C
97200103325;97210;;2022-02-03T11:35:00Z;C;C
97200103324;97210;;2022-02-03T11:12:00Z;C;C
97200103326;97213;;2022-02-03T09:36:00Z;C;C
97200103401;97229;;2022-02-02T10:45:00Z;C;C
97200103323;97232;;2022-02-02T10:35:00Z;C;C
97200103263;97213;;2022-02-01T12:10:00Z;C;C
97200103403;97214;;2022-02-01T12:00:00Z;C;C
97200103259;97220;;2022-02-01T11:30:00Z;C;C
97200103307;97211;;2022-02-01T11:30:00Z;C;C
97200103264;97212;;2022-02-01T10:45:00Z;C;C
97200103483;97217;;2022-02-01T10:35:00Z;C;C
97200103266;97209;;2022-02-01T10:35:00Z;C;C
97200103402;97214;;2022-02-01T10:30:00Z;C;C
97200103261;97212;;2022-02-01T10:16:00Z;;C
97200103404;97224;;2022-02-01T10:15:00Z;C;C
97200103265;97228;;2022-02-01T10:00:00Z;C;C
97200103267;97209;;2022-02-01T09:55:00Z;C;C
97200103260;97222;;2022-02-01T09:05:00Z;C;C
97200103268;97209;;2022-02-01T09:05:00Z;C;C
97200103236;97229;;2022-01-27T09:38:00Z;C;C
97200103222;97202;;2022-01-26T09:30:00Z;C;C
97200103221;97213;;2022-01-26T09:15:00Z;C;C
97200103232;97224;;2022-01-25T12:45:00Z;C;C
97200103228;97212;;2022-01-25T12:15:00Z;C;C
97200103234;97234;;2022-01-25T12:00:00Z;C;C
97200103238;97234;;2022-01-25T11:40:00Z;C;C
97200103231;97222;;2022-01-25T10:45:00Z;C;C
97200103226;97212;;2022-01-25T10:00:00Z;;C
97200103230;97224;;2022-01-25T09:55:00Z;C;C
97200103235;97225;;2022-01-25T09:45:00Z;C;C
97200103227;97212;;2022-01-25T09:30:00Z;C;C
97200103233;97226;;2022-01-25T09:25:00Z;C;C
97200103209;97228;;2022-01-24T13:05:00Z;C;C
97200103482;97201;;2022-01-24T12:15:00Z;C;C
97200103484;97213;;2022-01-24T11:50:00Z;C;C
97200103223;97230;;2022-01-24T11:30:00Z;C;C
97200103211;97209;;2022-01-24T11:20:00Z;C;C
97200103210;97222;;2022-01-24T10:25:00Z;C;C
97200103225;97209;;2022-01-24T10:15:00Z;C;C
97200103237;97209;;2022-01-24T09:45:00Z;C;C
97200103224;97213;;2022-01-24T09:10:00Z;C;C
97200103181;97213;;2022-01-20T10:40:00Z;C;C
97200103212;97209;;2022-01-20T09:35:00Z;C;C
97200103190;97218;;2022-01-19T12:35:00Z;C;C
97200103184;97218;;2022-01-19T12:10:00Z;C;C
97200103179;97217;;2022-01-19T11:30:00Z;C;C
97200103189;97233;;2022-01-19T11:20:00Z;C;C
97200103329;97203;;2022-01-18T12:30:00Z;C;C
97200103183;97222;;2022-01-18T12:20:00Z;C;C
97200103182;97212;;2022-01-18T11:30:00Z;C;C
97200103194;97224;;2022-01-18T10:45:00Z;C;C
97200103193;97214;;2022-01-18T10:00:00Z;C;C
97200103180;97214;;2022-01-17T13:20:00Z;C;C
97200103191;97228;;2022-01-17T12:15:00Z;C;C
97200103192;97228;;2022-01-17T11:35:00Z;C;C
97200103526;97223;;2022-01-17T11:15:00Z;C;C
97200103154;97209;;2022-01-13T10:30:00Z;C;C
97200103203;97224;;2022-01-13T10:00:00Z;C;C
97200103150;97220;;2022-01-12T12:50:00Z;C;C
97200103153;97226;;2022-01-12T11:00:00Z;C;C
97200103149;97232;;2022-01-12T10:15:00Z;C;C
97200103151;97209;;2022-01-12T09:30:00Z;C;C
97200103152;97217;;2022-01-12T08:55:00Z;C;C
97200103201;97225;;2022-01-11T12:41:00Z;C;C
97200103202;97225;;2022-01-11T12:11:00Z;C;C
97200103142;97234;;2022-01-11T10:10:00Z;C;C
97200103144;97228;;2022-01-11T10:00:00Z;C;C
97200103145;97229;;2022-01-11T09:35:00Z;C;C
97200103137;97207;;2022-01-11T09:10:00Z;C;C
97200103143;97213;;2022-01-11T08:50:00Z;C;C
97200103365;97230;;2022-01-10T12:15:00Z;C;C
97200103134;97211;;2022-01-10T12:05:00Z;C;C
97200103139;97222;;2022-01-10T11:14:00Z;C;C
97200103132;97212;;2022-01-10T11:04:00Z;C;C
97200103133;97212;;2022-01-10T10:30:00Z;;C
97200103135;97201;;2022-01-10T10:20:00Z;C;C
97200103136;97222;;2022-01-10T09:15:00Z;;C
97200103140;97210;;2022-01-06T10:45:00Z;C;C
97200103141;97213;;2022-01-06T10:15:00Z;C;C
97200103146;97213;;2022-01-06T09:50:00Z;C;C
97200103119;97212;;2022-01-05T13:10:00Z;;C
97200103120;97212;;2022-01-05T11:55:00Z;C;C
97200103198;97203;;2022-01-05T11:30:00Z;C;C
97200103117;97215;;2022-01-05T11:05:00Z;C;C
97200103138;97224;;2022-01-05T11:00:00Z;C;C
97200103118;97224;;2022-01-05T10:20:00Z;C;C
97200103417;97214;;2022-01-05T10:04:00Z;C;C
97200103116;97222;;2022-01-05T09:25:00Z;C;C
97200103094;97217;;2022-01-04T13:10:00Z;C;C
97200103096;97228;;2022-01-04T13:05:00Z;C;C
97200103229;97214;;2022-01-04T11:50:00Z;C;C
97200103121;97229;;2022-01-04T11:30:00Z;C;C
97200103098;97209;;2022-01-04T11:13:00Z;C;C
97200103123;97209;;2022-01-04T11:00:00Z;C;C
97200103197;97231;;2022-01-04T10:54:00Z;C;C
97200103095;97228;;2022-01-04T10:40:00Z;C;C
97200103199;97209;;2022-01-04T10:30:00Z;C;C
97200103122;97209;;2022-01-04T10:15:00Z;C;C
97200103097;97221;;2022-01-04T09:45:00Z;C;C
