Année,Code Sandre de l'ouvrage ,Nom de l'ouvrage,Commentaire,Code alternatif de l'ouvrage,Origine du code alternatif,Département,Code INSEE,Commune,Code INSEE déclaré,Lieu dit,Début,Fin,Volume (m3),Code usage BNPE,Libellé usage BNPE,Code de l'usage déclaré,Usage déclaré,Type d'eau,Longitude,Latitude,Précision de la localisation,Mode d'obtention du volume,Code du statut du volume d'eau,Libellé du statut du volume d'eau,Code de qualification du volume d'eau,Libellé de qualification du volume d'eau,Date de début d'exploitation d'un ouvrage de prélèvement,Date de fin d'exploitation d'un ouvrage de prélèvement,Nature du point de prélèvement,Code BSS,Code de la zone hydrographique,Nom de la zone hydrographique,Code entité hydrographique cours d'eau,Code entité hydrographique plan d'eau,Plan d'eau non référencé,Information complémentaire de la ressource en eau,Code BDRHFV1,Libellé entité hydrologique BDRHFV1,Code BDLISA,Libellé entité hydrologique BDLISA,Code de la mer,Libellé de la mer
2023,OPR0000276752,Rivière Lézarde - CONSEIL GENERAL,,ODP-B250,OEMAR,972,97212,GROS-MORNE,97212,,31/12/2022,30/12/2023,10555578,IRR,IRRIGATION,2,IRRIGATION,CONT,-67.48929058485463,1.3259109207824343E-4,1,EST,1,Contrôlé Niveau 1,1,Correcte,31/12/1899,,P,,2503,,25031480,,non,,,,,,,
2023,OPR0000276733,Blanche,,ODP-0251,OEMAR,972,97224,SAINT-JOSEPH,97224,,31/12/2022,30/12/2023,10147018,AEP,EAU POTABLE,5,AEP,CONT,-61.04498912469492,14.68352270145589,5,MES,1,Contrôlé Niveau 1,1,Correcte,31/12/1899,,P,,2512,,25121080,,non,,,,,,,
2023,OPR0000276729,Blanche Bouliki,,ODP-0260,OEMAR,972,97224,SAINT-JOSEPH,97224,,31/12/2022,30/12/2023,9316078,AEP,EAU POTABLE,5,AEP,CONT,-61.04498912469492,14.68352270145589,5,MES,1,Contrôlé Niveau 1,1,Correcte,31/12/1899,,P,,2512,,25121080,,non,,,,,,,
2023,OPR0000276713,Capot,,ODP-0249,OEMAR,972,97214,LORRAIN,97214,,31/12/2022,30/12/2023,7091214,AEP,EAU POTABLE,5,AEP,CONT,-61.08087028159415,14.799495436620607,5,MES,1,Contrôlé Niveau 1,1,Correcte,31/12/1899,,P,,2115,,21150560,,non,,,,,,,
2023,OPR0000276714,Lézarde,,ODP-A250,OEMAR,972,97212,GROS-MORNE,97212,,31/12/2022,30/12/2023,6552386,AEP,EAU POTABLE,5,AEP,CONT,-61.024570542369574,14.708455418650365,5,EST,1,Contrôlé Niveau 1,1,Correcte,31/12/1899,,P,,2503,,25031480,,non,,,,,,,
2023,OPR0000276728,Absalon 1,,ODP-0261,OEMAR,972,97209,FORT-DE-FRANCE,97209,,31/12/2022,30/12/2023,6084504,AEP,EAU POTABLE,5,AEP,CONT,-61.07049743596134,14.649201432964205,5,EST,1,Contrôlé Niveau 1,1,Correcte,31/12/1899,,P,,2301,,23010580,,non,,,,,,,
2023,OPR0000276718,Galion Bras Gommier,,ODP-0270,OEMAR,972,97212,GROS-MORNE,97212,,31/12/2022,30/12/2023,1673973,AEP,EAU POTABLE,5,AEP,CONT,-61.024570542369574,14.708455418650365,5,MES,1,Contrôlé Niveau 1,1,Correcte,31/12/1899,,P,,2221,,22211630,,non,,,,,,,
2023,OPR0000276720,Lorrain,,ODP-0269,OEMAR,972,97214,LORRAIN,97214,,31/12/2022,30/12/2023,1367033,AEP,EAU POTABLE,5,AEP,CONT,-61.08087028159415,14.799495436620607,5,MES,1,Contrôlé Niveau 1,1,Correcte,31/12/1899,,P,,2205,,22051300,,non,,,,,,,
2023,OPR0000276737,Morestin,,ODP-0256,OEMAR,972,97218,MORNE-ROUGE,97218,,31/12/2022,30/12/2023,1243541,AEP,EAU POTABLE,5,AEP,SOUT,-61.12185325461485,14.769544323206384,5,MES,1,Contrôlé Niveau 1,1,Correcte,31/12/1899,,P,1168ZZ0053,,,,,non,,,,972AF07,Hyaloclastites du Morne Jacob,,
2023,OPR0000276751,Rivière Falaise (haut),,ODP-0003,OEMAR,972,97203,BASSE-POINTE,97203,,31/12/2022,30/12/2023,614982,IRR,IRRIGATION,2,IRRIGATION,CONT,-67.48929153466013,1.3405383512941026E-4,1,EST,1,Contrôlé Niveau 1,1,Correcte,31/12/1899,,P,,2104,,21040200,,non,,,,,,,
2023,OPR0000276778,Rivière du Lorrain - PER LAGRANGE,,ODP-0353,OEMAR,972,97216,MARIGOT,97216,,31/12/2022,30/12/2023,491960,IRR,IRRIGATION,2,IRRIGATION,CONT,-12.947114685336924,9.633179476124443,1,MES,1,Contrôlé Niveau 1,1,Correcte,31/12/1899,,P,,,,,,non,,,,,,,
2023,OPR0000276747,Rivière Poquet (prise haute Leyritz),,ODP-0278,OEMAR,972,97203,BASSE-POINTE,97203,,31/12/2022,30/12/2023,407235,IRR,IRRIGATION,2,IRRIGATION,CONT,-67.48929129208652,1.3402325951336836E-4,1,EST,1,Contrôlé Niveau 1,1,Correcte,31/12/1899,,P,,2106,,21060400,,non,,,,,,,
2023,OPR0000639975,Source du Mont Vert -  ASA MONT VERT,,ODP-0394,OEMAR,972,97222,ROBERT,97222,,31/12/2022,30/12/2023,285022,IRR,IRRIGATION,2,IRRIGATION,CONT,-67.4892900128052,1.3251734982182542E-4,1,MES,1,Contrôlé Niveau 1,1,Correcte,31/12/1899,,P,,2226,,22260280,,non,,,,,,,
2023,OPR0000276744,Rivière Roche (gravitaire),,ODP-0009,OEMAR,972,97203,BASSE-POINTE,97203,,31/12/2022,30/12/2023,243007,IRR,IRRIGATION,2,IRRIGATION,CONT,-67.48929154871679,1.3411938790066667E-4,1,EST,1,Contrôlé Niveau 1,1,Correcte,31/12/1899,,P,,2104,,21040210,,non,,,,,,,
2023,OPR0000276808,Captage,,ODP-0175,OEMAR,972,97225,SAINT-PIERRE,97225,,31/12/2022,30/12/2023,233613,IND,"INDUSTRIE et ACTIVITES ECONOMIQUES (hors irrigation, hors énergie)",4B,Industrie hors agro-alim,SOUT,-67.4892921660269,1.333398437248645E-4,1,MES,0,Non qualifié,1,Correcte,31/12/1899,,F,,,,,,non,,,,972AC05,Andésites de l'édifice initial du Mont Conil,,
2023,OPR0000276746,Rivière Macouba (gravitaire),,ODP-0010,OEMAR,972,97203,BASSE-POINTE,97203,,31/12/2022,30/12/2023,219183,IRR,IRRIGATION,2,IRRIGATION,CONT,-67.48929174601165,1.339618014491218E-4,1,EST,1,Contrôlé Niveau 1,1,Correcte,31/12/1899,,P,,2103,,21030480,,non,,,,,,,
2023,OPR0000276736,Attila,,ODP-0259,OEMAR,972,97233,MORNE-VERT,97233,,31/12/2022,30/12/2023,212608,AEP,EAU POTABLE,5,AEP,SOUT,-61.13602598165926,14.704653003726108,5,MES,1,Contrôlé Niveau 1,1,Correcte,31/12/1899,,P,1173ZZ0068,,,,,non,,,,972AF07,Hyaloclastites du Morne Jacob,,
2023,OPR0000276725,Montagne Pelée 1 Pécoul FR3,,ODP-0272,OEMAR,972,97201,AJOUPA-BOUILLON,97201,,31/12/2022,30/12/2023,203344,AEP,EAU POTABLE,5,AEP,SOUT,-61.118605348598635,14.815980150865826,5,MES,1,Contrôlé Niveau 1,1,Correcte,31/12/1899,,P,1168ZZ0051,,,,,non,,,,972AC05,Andésites de l'édifice initial du Mont Conil,,
2023,OPR0000493792,Rivière Blanche - SIBAN Station STA - 48,,ODP-0355,OEMAR,972,97224,SAINT-JOSEPH,97224,,31/12/2022,30/12/2023,193682,IRR,IRRIGATION,2,IRRIGATION,CONT,-67.48929057041268,1.3227536004941794E-4,1,MES,1,Contrôlé Niveau 1,1,Correcte,31/12/1899,,P,,2401,,24010520,,non,,,,,,,
2023,OPR0000276807,Canal Rivière du Galion,,ODP-0106,OEMAR,972,97230,TRINITE,97230,,31/12/2022,30/12/2023,184946,IND,"INDUSTRIE et ACTIVITES ECONOMIQUES (hors irrigation, hors énergie)",4A,Agro-alimentaire,CONT,-67.48929000240707,1.327788177237035E-4,1,EST,0,Non qualifié,1,Correcte,31/12/1899,,F,,2225,,22251012,,non,,,,,,,
2023,OPR0000276734,Urion,,ODP-0276,OEMAR,972,97233,MORNE-VERT,97233,,31/12/2022,30/12/2023,180540,AEP,EAU POTABLE,5,AEP,CONT,-61.13602598165926,14.704653003726108,5,MES,1,Contrôlé Niveau 1,1,Correcte,31/12/1899,,P,,2316,,23160850,,non,,,,,,,
2023,OPR0000276745,Rivière Roche (prise basse),,ODP-0008,OEMAR,972,97203,BASSE-POINTE,97203,,31/12/2022,30/12/2023,174075,IRR,IRRIGATION,2,IRRIGATION,CONT,-67.48929160481798,1.3404811683649263E-4,1,EST,1,Contrôlé Niveau 1,1,Correcte,31/12/1899,,P,,2104,,21040210,,non,,,,,,,
2023,OPR0000276742,Rivière Basse Pointe (prise haute  pompage),,ODP-0006,OEMAR,972,97203,BASSE-POINTE,97203,,31/12/2022,30/12/2023,172169,IRR,IRRIGATION,2,IRRIGATION,CONT,-67.48929149229305,1.3391769678162366E-4,1,EST,1,Contrôlé Niveau 1,1,Correcte,31/12/1899,,P,,2105,,21050440,,non,,,,,,,
2023,OPR0000639976,Rivière Falaise (haut),,ODP-0395,OEMAR,972,97203,BASSE-POINTE,97203,,31/12/2022,30/12/2023,160000,IND,"INDUSTRIE et ACTIVITES ECONOMIQUES (hors irrigation, hors énergie)",3,AGRICULTURE-ELEVAGE (hors irrigation),CONT,-67.48929153466013,1.3405383512941026E-4,1,EST,1,Contrôlé Niveau 1,1,Correcte,31/12/1899,,P,,2104,,21040200,,non,,,,,,,
2023,OPR0000276726,Montagne Pelée 2,,ODP-0294,OEMAR,972,97201,AJOUPA-BOUILLON,97201,,31/12/2022,30/12/2023,137525,AEP,EAU POTABLE,5,AEP,SOUT,-61.118605348598635,14.815980150865826,5,MES,1,Contrôlé Niveau 1,1,Correcte,31/12/1899,,P,1168ZZ0051,,,,,non,,,,972AC05,Andésites de l'édifice initial du Mont Conil,,
2023,OPR0000276716,Calvaire,,ODP-0271,OEMAR,972,97212,GROS-MORNE,97212,,31/12/2022,30/12/2023,135998,AEP,EAU POTABLE,5,AEP,CONT,-61.024570542369574,14.708455418650365,5,MES,1,Contrôlé Niveau 1,1,Correcte,31/12/1899,,P,,2221,,22211630,,non,,,,,,,
2023,OPR0000276721,Essente,,ODP-0273,OEMAR,972,97225,SAINT-PIERRE,97225,,31/12/2022,30/12/2023,134515,AEP,EAU POTABLE,5,AEP,SOUT,-61.17749932058234,14.771613979598781,5,MES,1,Contrôlé Niveau 1,1,Correcte,31/12/1899,,P,1168ZZ0050,,,,,non,,,,972AF01,Formations des andésites,,
2023,OPR0000276805,Captage sur rivière Roxelane,,ODP-0102,OEMAR,972,97225,SAINT-PIERRE,97225,,31/12/2022,30/12/2023,127774,IND,"INDUSTRIE et ACTIVITES ECONOMIQUES (hors irrigation, hors énergie)",4A,Agro-alimentaire,CONT,-67.48929182266461,1.331508699689155E-4,1,MES,0,Non qualifié,1,Correcte,31/12/1899,,F,,2328,,23280480,,non,,,,,,,
2023,OPR0000276727,Piton Gelé,,ODP-0274,OEMAR,972,97218,MORNE-ROUGE,97218,,31/12/2022,30/12/2023,118008,AEP,EAU POTABLE,5,AEP,SOUT,-61.12185325461485,14.769544323206384,5,MES,1,Contrôlé Niveau 1,1,Correcte,31/12/1899,,P,1173ZZ0065,,,,,non,,,,972AF07,Hyaloclastites du Morne Jacob,,
2023,OPR0000276749,Rivière Poquet (canal Pecoul-Chalvet),,ODP-0004,OEMAR,972,97203,BASSE-POINTE,97203,,31/12/2022,30/12/2023,117850,IRR,IRRIGATION,2,IRRIGATION,CONT,-67.48929133014428,1.3391361103742543E-4,1,EST,1,Contrôlé Niveau 1,1,Correcte,31/12/1899,,P,,2106,,21060400,,non,,,,,,,
2023,OPR0000276738,Yang Ting,,ODP-0252,OEMAR,972,97208,FONDS-SAINT-DENIS,97208,,31/12/2022,30/12/2023,107433,AEP,EAU POTABLE,5,AEP,SOUT,-61.107722352142325,14.72273962354209,5,MES,1,Contrôlé Niveau 1,1,Correcte,31/12/1899,,P,1173ZZ0062,,,,,non,,,,972AF07,Hyaloclastites du Morne Jacob,,
2023,OPR0000276806,Rivière  Saint-Pierre,,ODP-0105,OEMAR,972,97225,SAINT-PIERRE,97225,,31/12/2022,30/12/2023,103879,IND,"INDUSTRIE et ACTIVITES ECONOMIQUES (hors irrigation, hors énergie)",4B,Industrie hors agro-alim,CONT,-67.48929212568453,1.331731026578068E-4,1,MES,0,Non qualifié,1,Correcte,31/12/1899,,F,,2004,,20040430,,non,,,,,,,
2023,OPR0000276743,Rivière Basse Pointe (canal Gradis),,ODP-0007,OEMAR,972,97203,BASSE-POINTE,97203,,31/12/2022,30/12/2023,95805,IRR,IRRIGATION,2,IRRIGATION,CONT,-67.48929144077887,1.34018533336521E-4,1,EST,1,Contrôlé Niveau 1,1,Correcte,31/12/1899,,P,,2105,,21050440,,non,,,,,,,
2023,OPR0000276797,Rivière Sainte Marie,,ODP-0094,OEMAR,972,97228,SAINTE-MARIE,97228,,31/12/2022,30/12/2023,94032,IND,"INDUSTRIE et ACTIVITES ECONOMIQUES (hors irrigation, hors énergie)",4A,Agro-alimentaire,CONT,-67.48929035650804,1.333321505359738E-4,1,MES,0,Non qualifié,1,Correcte,31/12/1899,,F,,2213,,22131360,,non,,,,,,,
2023,OPR0000276803,Rivière pilote,,ODP-0229,OEMAR,972,97220,RIVIERE-PILOTE,97220,,31/12/2022,30/12/2023,82502,IND,"INDUSTRIE et ACTIVITES ECONOMIQUES (hors irrigation, hors énergie)",4A,Agro-alimentaire,CONT,-67.48928955077186,1.3085083207311541E-4,1,MES,0,Non qualifié,1,Correcte,31/12/1899,,F,,2812,,28120420,,non,,,,,,,
2023,OPR0000639977,Rivière  Poquet Prise haute Leyritz,,ODP-0396,OEMAR,972,97203,BASSE-POINTE,97203,,31/12/2022,30/12/2023,80000,IND,"INDUSTRIE et ACTIVITES ECONOMIQUES (hors irrigation, hors énergie)",3,AGRICULTURE-ELEVAGE (hors irrigation),CONT,-67.48929129208652,1.3402325951336836E-4,1,EST,1,Contrôlé Niveau 1,1,Correcte,31/12/1899,,P,,2106,,21060400,,non,,,,,,,
2023,OPR0000639982,Rivière Roche (gravitaire),,ODP-0405,OEMAR,972,97203,BASSE-POINTE,97203,,31/12/2022,30/12/2023,80000,IND,"INDUSTRIE et ACTIVITES ECONOMIQUES (hors irrigation, hors énergie)",3,AGRICULTURE-ELEVAGE (hors irrigation),CONT,-67.48929154871679,1.3411938790066667E-4,1,EST,1,Contrôlé Niveau 1,1,Correcte,31/12/1899,,P,,2104,,21040210,,non,,,,,,,
2023,OPR0000493700,Source du Mont Vert -  ASA MONT VERT,,ODP-0088,OEMAR,972,97222,ROBERT,97222,,31/12/2022,30/12/2023,77540,IRR,IRRIGATION,2,IRRIGATION,CONT,-67.4892900128052,1.3251734982182542E-4,1,MES,1,Contrôlé Niveau 1,1,Correcte,31/12/1899,,P,,2226,,22260280,,non,,,,,,,
2023,OPR0000567238,Rivière Saint Pierre - Habitation PERINELLE,,ODP-B023,OEMAR,972,97225,SAINT-PIERRE,97225,,31/12/2022,30/12/2023,75807,IND,"INDUSTRIE et ACTIVITES ECONOMIQUES (hors irrigation, hors énergie)",3,AGRICULTURE-ELEVAGE (hors irrigation),CONT,-67.48929196760315,1.3311545088026767E-4,1,EST,1,Contrôlé Niveau 1,1,Correcte,31/12/1899,,P,,2001,,20010280,,non,,,,,,,
2023,OPR0000276715,Demare,,ODP-0264,OEMAR,972,97203,BASSE-POINTE,97203,,31/12/2022,30/12/2023,71726,AEP,EAU POTABLE,5,AEP,SOUT,-61.11736704916713,14.840926344506983,5,MES,1,Contrôlé Niveau 1,1,Correcte,31/12/1899,,P,1168ZZ0048,,,,,non,,,,972AC05,Andésites de l'édifice initial du Mont Conil,,
2023,OPR0000276773,Rivière Trinité - BANANDES DU GALION,,ODP-A029,OEMAR,972,97230,TRINITE,97230,,31/12/2022,30/12/2023,68627,IRR,IRRIGATION,2,IRRIGATION,CONT,-67.48928996023388,1.327068738325452E-4,1,MES,1,Contrôlé Niveau 1,1,Correcte,31/12/1899,,P,,2225,,22251790,,non,,,,,,,
2023,OPR0000493705,Rivière Blanche - CHARMINE BANANIERE,,ODP-0103,OEMAR,972,97224,SAINT-JOSEPH,97224,,31/12/2022,30/12/2023,57683,IND,"INDUSTRIE et ACTIVITES ECONOMIQUES (hors irrigation, hors énergie)",3,AGRICULTURE-ELEVAGE (hors irrigation),CONT,-67.48929053307162,1.3235899666504065E-4,1,MES,1,Contrôlé Niveau 1,1,Correcte,31/12/1899,,P,,2514,,25141080,,non,,,,,,,
2023,OPR0000276722,Fonds Les Sources,,ODP-0265,OEMAR,972,97201,AJOUPA-BOUILLON,97201,,31/12/2022,30/12/2023,55457,AEP,EAU POTABLE,5,AEP,SOUT,-61.118605348598635,14.815980150865826,5,MES,1,Contrôlé Niveau 1,1,Correcte,31/12/1899,,P,1168ZZ0046,,,,,non,,,,972AF01,Formations des andésites,,
2023,OPR0000493763,Rivière Blanche - SIBAN GT - 41,,ODP-0354,OEMAR,972,97224,SAINT-JOSEPH,97224,,31/12/2022,30/12/2023,54779,IND,"INDUSTRIE et ACTIVITES ECONOMIQUES (hors irrigation, hors énergie)",3,AGRICULTURE-ELEVAGE (hors irrigation),CONT,-67.48929052525939,1.3235337759957534E-4,1,EST,1,Contrôlé Niveau 1,1,Correcte,31/12/1899,,P,,2514,,25141080,,non,,,,,,,
2023,OPR0000276735,Verrier,,ODP-0257,OEMAR,972,97233,MORNE-VERT,97233,,31/12/2022,30/12/2023,52746,AEP,EAU POTABLE,5,AEP,CONT,-61.13602598165926,14.704653003726108,5,MES,1,Contrôlé Niveau 1,1,Correcte,31/12/1899,,P,,2316,,23160750,,non,,,,,,,
2023,OPR0000276719,Grand'Rivière,,ODP-0268,OEMAR,972,97211,GRAND'RIVIERE,97211,,31/12/2022,30/12/2023,51081,AEP,EAU POTABLE,5,AEP,CONT,-61.17984147677704,14.846996984898727,5,MES,1,Contrôlé Niveau 1,1,Correcte,31/12/1899,,P,,2101,,21010860,,non,,,,,,,
2023,OPR0000276764,Rivière claire - Hangar Habitation ASSIER,,ODP-0283,OEMAR,972,97214,LORRAIN,97214,,31/12/2022,30/12/2023,50048,IND,"INDUSTRIE et ACTIVITES ECONOMIQUES (hors irrigation, hors énergie)",3,AGRICULTURE-ELEVAGE (hors irrigation),CONT,-67.48929106215398,1.3378862067131892E-4,1,MES,1,Contrôlé Niveau 1,1,Correcte,31/12/1899,,P,,2208,,22080120,,non,,,,,,,
2023,OPR0000276814,Lafort SOMES,,ODP-0115,OEMAR,972,97218,MORNE-ROUGE,97218,,31/12/2022,30/12/2023,49221,IND,"INDUSTRIE et ACTIVITES ECONOMIQUES (hors irrigation, hors énergie)",8,EMBOUTEILLAGE,SOUT,-67.48929144601344,1.3308409063005628E-4,1,EST,0,Non qualifié,1,Correcte,31/12/1899,,F,,,,,,non,,,,972AF07,Hyaloclastites du Morne Jacob,,
2023,OPR0000276777,Rivière Lézarde - SARL SOUDON Hangar,,ODP-0033,OEMAR,972,97213,LAMENTIN,97213,,31/12/2022,30/12/2023,44531,IRR,IRRIGATION,2,IRRIGATION,CONT,-67.4892902897275,1.3213727356108557E-4,1,MES,0,Non qualifié,1,Correcte,31/12/1899,,P,,2521,,25411480,,non,,,,,,,
2023,OPR0000276769,Rivière Lézarde SARl PETIT MORNE  P2,,ODP-0247,OEMAR,972,97213,LAMENTIN,97213,,31/12/2022,30/12/2023,41558,IRR,IRRIGATION,2,IRRIGATION,CONT,-67.48929020767206,1.318465793127955E-4,1,MES,1,Contrôlé Niveau 1,1,Correcte,31/12/1899,,P,,2541,,25411480,,non,,,,,,,
2023,OPR0000639978,Rivière Basse Pointe (prise haute  pompage),,ODP-0397,OEMAR,972,97203,BASSE-POINTE,97203,,31/12/2022,30/12/2023,40000,IND,"INDUSTRIE et ACTIVITES ECONOMIQUES (hors irrigation, hors énergie)",3,AGRICULTURE-ELEVAGE (hors irrigation),CONT,-67.48929149229305,1.3391769678162366E-4,1,EST,1,Contrôlé Niveau 1,1,Correcte,31/12/1899,,P,,2105,,21050440,,non,,,,,,,
2023,OPR0000639979,Rivière Roche (prise basse),,ODP-0399,OEMAR,972,97203,BASSE-POINTE,97203,,31/12/2022,30/12/2023,40000,IND,"INDUSTRIE et ACTIVITES ECONOMIQUES (hors irrigation, hors énergie)",3,AGRICULTURE-ELEVAGE (hors irrigation),CONT,-67.48929160481798,1.3404811683649263E-4,1,EST,1,Contrôlé Niveau 1,1,Correcte,31/12/1899,,P,,2104,,21040210,,non,,,,,,,
2023,OPR0000639981,Rivière Basse Pointe (canal Gradis),,ODP-0401,OEMAR,972,97203,BASSE-POINTE,97203,,31/12/2022,30/12/2023,40000,IND,"INDUSTRIE et ACTIVITES ECONOMIQUES (hors irrigation, hors énergie)",3,AGRICULTURE-ELEVAGE (hors irrigation),CONT,-67.48929144077887,1.34018533336521E-4,1,EST,1,Contrôlé Niveau 1,1,Correcte,31/12/1899,,P,,2105,,21050440,,non,,,,,,,
2023,OPR0000639980,Rivière Macouba (gravitaire),,ODP-0400,OEMAR,972,97203,BASSE-POINTE,97203,,31/12/2022,30/12/2023,40000,IND,"INDUSTRIE et ACTIVITES ECONOMIQUES (hors irrigation, hors énergie)",3,AGRICULTURE-ELEVAGE (hors irrigation),CONT,-67.48929174601165,1.339618014491218E-4,1,EST,1,Contrôlé Niveau 1,1,Correcte,31/12/1899,,P,,2103,,21030480,,non,,,,,,,
2023,OPR0000276811,Source Didier SEMDD,,ODP-0112,OEMAR,972,97209,FORT-DE-FRANCE,97209,,31/12/2022,30/12/2023,39420,IND,"INDUSTRIE et ACTIVITES ECONOMIQUES (hors irrigation, hors énergie)",8,EMBOUTEILLAGE,SOUT,-67.48929121553162,1.3223890472452028E-4,1,EST,0,Non qualifié,1,Correcte,31/12/1899,,F,,,,,,non,,,,972AF07,Hyaloclastites du Morne Jacob,,
2023,OPR0000276782,Rivière Lézarde - UNION SARL,,ODP-A035,OEMAR,972,97213,LAMENTIN,97213,,31/12/2022,30/12/2023,38761,IND,"INDUSTRIE et ACTIVITES ECONOMIQUES (hors irrigation, hors énergie)",3,AGRICULTURE-ELEVAGE (hors irrigation),CONT,-67.48929029907173,1.321061747750336E-4,1,EST,1,Contrôlé Niveau 1,1,Correcte,31/12/1899,,P,,2521,,25211480,,non,,,,,,,
2023,OPR0000276812,Source Mabelo SEMDD,,ODP-0113,OEMAR,972,97209,FORT-DE-FRANCE,97209,,31/12/2022,30/12/2023,34155,IND,"INDUSTRIE et ACTIVITES ECONOMIQUES (hors irrigation, hors énergie)",8,EMBOUTEILLAGE,SOUT,-67.48929121553162,1.3223890472452028E-4,1,MES,0,Non qualifié,1,Correcte,31/12/1899,,F,,,,,,non,,,,972AF07,Hyaloclastites du Morne Jacob,,
2023,OPR0000276772,Rivière Lézarde - SARL RIVIERE LEZARDE,,ODP-0279,OEMAR,972,97213,LAMENTIN,97213,,31/12/2022,30/12/2023,32775,IND,"INDUSTRIE et ACTIVITES ECONOMIQUES (hors irrigation, hors énergie)",3,AGRICULTURE-ELEVAGE (hors irrigation),CONT,-67.48929022818818,1.3197073994287593E-4,1,EST,1,Contrôlé Niveau 1,1,Correcte,31/12/1899,,P,,2521,,25211480,,non,,,,,,,
2023,OPR0000276813,Mont béni SOMES,,ODP-0114,OEMAR,972,97218,MORNE-ROUGE,97218,,31/12/2022,30/12/2023,29542,IND,"INDUSTRIE et ACTIVITES ECONOMIQUES (hors irrigation, hors énergie)",8,EMBOUTEILLAGE,SOUT,-67.48929144601344,1.3308409063005628E-4,1,EST,0,Non qualifié,1,Correcte,31/12/1899,,F,,,,,,non,,,,972AF07,Hyaloclastites du Morne Jacob,,
2023,OPR0000567237,Rivière Lézarde - SARL RIVIERE LEZARDE,,ODP-0117,OEMAR,972,97213,LAMENTIN,97213,,31/12/2022,30/12/2023,29120,IND,"INDUSTRIE et ACTIVITES ECONOMIQUES (hors irrigation, hors énergie)",3,AGRICULTURE-ELEVAGE (hors irrigation),CONT,-67.4892903333757,1.321636461881144E-4,1,MES,1,Contrôlé Niveau 1,1,Correcte,31/12/1899,,P,,2521,,25211480,,non,,,,,,,
2023,OPR0000646024,Rivière Blanche - SIBAN Station STA - 48,,ODP-B355,OEMAR,972,97224,SAINT-JOSEPH,97224,,31/12/2022,30/12/2023,29120,IND,"INDUSTRIE et ACTIVITES ECONOMIQUES (hors irrigation, hors énergie)",3,AGRICULTURE-ELEVAGE (hors irrigation),CONT,-67.48929057041268,1.3227536004941794E-4,1,MES,1,Contrôlé Niveau 1,1,Correcte,31/12/1899,,P,,2401,,24010520,,non,,,,,,,
2023,OPR0000276760,Rivière Lézarde - Habitation BOCHET,,ODP-A110,OEMAR,972,97213,LAMENTIN,97213,,31/12/2022,30/12/2023,25555,IRR,IRRIGATION,2,IRRIGATION,CONT,-67.48929034134922,1.3225934169185753E-4,1,MES,1,Contrôlé Niveau 1,1,Correcte,31/12/1899,,P,,2521,,25211480,,non,,,,,,,
2023,OPR0000276780,Petite rivière Lézarde - UNION SARL,,ODP-0243,OEMAR,972,97213,LAMENTIN,97213,,31/12/2022,30/12/2023,20671,IRR,IRRIGATION,2,IRRIGATION,CONT,-67.48929015140962,1.3194698293887613E-4,1,MES,1,Contrôlé Niveau 1,1,Correcte,31/12/1899,,P,,2523,,25330750,,non,,,,,,,
2023,OPR0000276763,N°20 Retenue Rivière Lorrain - Habitation ASSIER,,ODP-B021,OEMAR,972,97214,LORRAIN,97214,,31/12/2022,30/12/2023,18040,IRR,IRRIGATION,2,IRRIGATION,CONT,-67.48929099287413,1.3378255064876803E-4,1,MES,1,Contrôlé Niveau 1,1,Correcte,31/12/1899,,P,,2207,,22071200,,non,,,,,,,
2023,OPR0000276818,Rivière Lézarde,,ODP-0061,OEMAR,972,97214,LORRAIN,97214,,31/12/2022,30/12/2023,17679,IND,"INDUSTRIE et ACTIVITES ECONOMIQUES (hors irrigation, hors énergie)",3,AGRICULTURE-ELEVAGE (hors irrigation),CONT,-67.48929028981709,1.3213736375475939E-4,1,EST,1,Contrôlé Niveau 1,1,Correcte,31/12/1899,,P,,2521,,25211480,,non,,,,,,,
2023,OPR0000604674,Rivière de Sainte Marie - 3 Mornes,,ODP-0361,OEMAR,972,97228,SAINTE-MARIE,97228,,31/12/2022,30/12/2023,15734,IRR,IRRIGATION,2,IRRIGATION,CONT,-67.48929047755287,1.3297556344640292E-4,1,MES,1,Contrôlé Niveau 1,1,Correcte,31/12/1899,,P,,,,,,non,,,,,,,
2023,OPR0000276770,Rivière Lézarde SARl PETIT MORNE  P3,,ODP-0248,OEMAR,972,97213,LAMENTIN,97213,,31/12/2022,30/12/2023,13877,IRR,IRRIGATION,2,IRRIGATION,CONT,-67.48929020713452,1.3184914983306164E-4,1,MES,1,Contrôlé Niveau 1,1,Correcte,31/12/1899,,P,,2523,,25230130,,non,,,,,,,
2023,OPR0000276799,Rivière LA DIGUE,,ODP-B097,OEMAR,972,97225,SAINT-PIERRE,97225,,31/12/2022,30/12/2023,11720,IND,"INDUSTRIE et ACTIVITES ECONOMIQUES (hors irrigation, hors énergie)",4B,Industrie hors agro-alim,CONT,-67.48929195844705,1.3311940136556674E-4,1,MES,0,Non qualifié,1,Correcte,31/12/1899,,F,,2001,,20010300,,non,,,,,,,
2023,OPR0000276723,Louison,,ODP-0263,OEMAR,972,97203,BASSE-POINTE,97203,,31/12/2022,30/12/2023,9483,AEP,EAU POTABLE,5,AEP,SOUT,-61.11736704916713,14.840926344506983,5,MES,1,Contrôlé Niveau 1,1,Correcte,31/12/1899,,P,1168ZZ0049,,,,,non,,,,972AC05,Andésites de l'édifice initial du Mont Conil,,
2023,OPR0000276776,Rivière Lézarde - SARL SOUDON,,ODP-0032,OEMAR,972,97213,LAMENTIN,97213,,31/12/2022,30/12/2023,7154,IRR,IRRIGATION,2,IRRIGATION,CONT,-67.48929029839084,1.3210823119129216E-4,1,MES,1,Contrôlé Niveau 1,1,Correcte,31/12/1899,,P,,2521,,25211480,,non,,,,,,,
2023,OPR0000276762,N°19 Retenue Rivière Lorrain - Habitation ASSIER,,ODP-A021,OEMAR,972,97214,LORRAIN,97214,,31/12/2022,30/12/2023,7021,IRR,IRRIGATION,2,IRRIGATION,CONT,-67.48929106124018,1.3382064845081061E-4,1,MES,1,Contrôlé Niveau 1,1,Correcte,31/12/1899,,P,,2208,,22080120,,non,,,,,,,
2023,OPR0000276798,Rivière LA DIGUE,,ODP-A097,OEMAR,972,97225,SAINT-PIERRE,97225,,31/12/2022,30/12/2023,6513,IND,"INDUSTRIE et ACTIVITES ECONOMIQUES (hors irrigation, hors énergie)",4B,Industrie hors agro-alim,CONT,-67.48929195844705,1.3311940136556674E-4,1,MES,0,Non qualifié,1,Correcte,31/12/1899,,F,,2001,,20010300,,non,,,,,,,
2023,OPR0000276779,Rivière Bochette - UNION SARL,,ODP-B035,OEMAR,972,97213,LAMENTIN,97213,,31/12/2022,30/12/2023,5752,IRR,IRRIGATION,2,IRRIGATION,CONT,-67.48929020327321,1.319432669494022E-4,1,MES,1,Contrôlé Niveau 1,1,Correcte,31/12/1899,,P,,2523,,25230130,,non,,,,,,,
2023,OPR0000276822,Rivière Blanche - CHARMINE BANANIERE,,ODP-B103,OEMAR,972,97224,SAINT-JOSEPH,97224,,31/12/2022,30/12/2023,5184,IRR,IRRIGATION,2,IRRIGATION,CONT,-67.48929053307162,1.3235899666504065E-4,1,MES,1,Contrôlé Niveau 1,1,Correcte,31/12/1899,,P,,2514,,25141080,,non,,,,,,,
2023,OPR0000276791,Source Rivière Roche -EARL LES SERRES DE PREVILLE 07203740,,ODP-0351,OEMAR,972,97215,MACOUBA,97215,,31/12/2022,30/12/2023,4538,IND,"INDUSTRIE et ACTIVITES ECONOMIQUES (hors irrigation, hors énergie)",3,AGRICULTURE-ELEVAGE (hors irrigation),SOUT,-67.4892916708457,1.3390741466798257E-4,1,EST,1,Contrôlé Niveau 1,1,Correcte,31/12/1899,,P,,,,,,non,,,,972AC05,Andésites de l'édifice initial du Mont Conil,,
2023,OPR0000276781,Petite rivière Lézarde - UNION SARL,,ODP-0244,OEMAR,972,97213,LAMENTIN,97213,,31/12/2022,30/12/2023,4489,IRR,IRRIGATION,2,IRRIGATION,CONT,-67.48929014928184,1.3188184505625534E-4,1,MES,1,Contrôlé Niveau 1,1,Correcte,31/12/1899,,P,,2523,,25330750,,non,,,,,,,
2023,OPR0000276739,Rivière Lézarde - DESIRADE SARL,,ODP-A001,OEMAR,972,97213,LAMENTIN,97213,,31/12/2022,30/12/2023,4480,IRR,IRRIGATION,2,IRRIGATION,CONT,-67.4892903333757,1.321636461881144E-4,1,EST,1,Contrôlé Niveau 1,1,Correcte,31/12/1899,,P,,2521,,25211480,,non,,,,,,,
2023,OPR0000604675,Rivière de Sainte Marie - 3 Pointes,,ODP-0362,OEMAR,972,97228,SAINTE-MARIE,97228,,31/12/2022,30/12/2023,4311,IRR,IRRIGATION,2,IRRIGATION,CONT,-67.48929061753711,1.3304444163601522E-4,1,MES,1,Contrôlé Niveau 1,1,Correcte,31/12/1899,,P,,,,,,non,,,,,,,
2023,OPR0000276775,Rivière du Galion - Banane du Malgre tout Hangar,,ODP-0231,OEMAR,972,97230,TRINITE,97230,,31/12/2022,30/12/2023,4223,IND,"INDUSTRIE et ACTIVITES ECONOMIQUES (hors irrigation, hors énergie)",3,AGRICULTURE-ELEVAGE (hors irrigation),CONT,-67.48929011818981,1.326703543784929E-4,1,MES,1,Contrôlé Niveau 1,1,Correcte,31/12/1899,,P,,2224,,22240330,,non,,,,,,,
2023,OPR0000276765,Rivière Saint Pierre - Habitation PERINELLE,,ODP-0023,OEMAR,972,97225,SAINT-PIERRE,97225,,31/12/2022,30/12/2023,3813,IRR,IRRIGATION,2,IRRIGATION,CONT,-67.48929196760315,1.3311545088026767E-4,1,MES,1,Contrôlé Niveau 1,1,Correcte,31/12/1899,,P,,2001,,20010280,,non,,,,,,,
2023,OPR0000276761,Rivière Lézarde - Habitation BOCHET,,ODP-B110,OEMAR,972,97213,LAMENTIN,97213,,31/12/2022,30/12/2023,3803,IRR,IRRIGATION,2,IRRIGATION,CONT,-67.4892903333757,1.321636461881144E-4,1,MES,1,Contrôlé Niveau 1,1,Correcte,31/12/1899,,P,,2521,,25211480,,non,,,,,,,
2023,OPR0000276792,Source Rivière Roche -EARL LES SERRES DE PREVILLE 07751019,,ODP-A351,OEMAR,972,97215,MACOUBA,97215,,31/12/2022,30/12/2023,3568,IND,"INDUSTRIE et ACTIVITES ECONOMIQUES (hors irrigation, hors énergie)",3,AGRICULTURE-ELEVAGE (hors irrigation),SOUT,-67.4892916708457,1.3390741466798257E-4,1,EST,1,Contrôlé Niveau 1,1,Correcte,31/12/1899,,P,,,,,,non,,,,972AC05,Andésites de l'édifice initial du Mont Conil,,
2023,OPR0000276757,Rivière Lézarde N°1,,ODP-A015,OEMAR,972,97213,LAMENTIN,97213,,31/12/2022,30/12/2023,3262,IRR,IRRIGATION,2,IRRIGATION,CONT,-67.48929023975424,1.3203838520835524E-4,1,MES,1,Contrôlé Niveau 1,1,Correcte,31/12/1899,,P,,2521,,25211480,,non,,,,,,,
2023,OPR0000276815,Rivière Trinité - BANANDES DU GALION Hangar,,ODP-B029,OEMAR,972,97230,TRINITE,97230,,31/12/2022,30/12/2023,3205,IND,"INDUSTRIE et ACTIVITES ECONOMIQUES (hors irrigation, hors énergie)",3,AGRICULTURE-ELEVAGE (hors irrigation),CONT,-67.48928996155084,1.3270570131433218E-4,1,MES,1,Contrôlé Niveau 1,1,Correcte,31/12/1899,,P,,2225,,22251790,,non,,,,,,,
2023,OPR0000276795,Source Rivière Roche -EARL LES SERRES DE PREVILLE 07751018,,ODP-D351,OEMAR,972,97215,MACOUBA,97215,,31/12/2022,30/12/2023,2713,IND,"INDUSTRIE et ACTIVITES ECONOMIQUES (hors irrigation, hors énergie)",3,AGRICULTURE-ELEVAGE (hors irrigation),SOUT,-67.4892916708457,1.3390741466798257E-4,1,EST,1,Contrôlé Niveau 1,1,Correcte,31/12/1899,,P,,,,,,non,,,,972AC05,Andésites de l'édifice initial du Mont Conil,,
2023,OPR0000276794,Source Rivière Roche -EARL LES SERRES DE PREVILLE 07751020,,ODP-C351,OEMAR,972,97215,MACOUBA,97215,,31/12/2022,30/12/2023,2106,IND,"INDUSTRIE et ACTIVITES ECONOMIQUES (hors irrigation, hors énergie)",3,AGRICULTURE-ELEVAGE (hors irrigation),SOUT,-67.4892916708457,1.3390741466798257E-4,1,EST,1,Contrôlé Niveau 1,1,Correcte,31/12/1899,,P,,,,,,non,,,,972AC05,Andésites de l'édifice initial du Mont Conil,,
2023,OPR0000276758,Rivière Lézarde N°2,,ODP-B015,OEMAR,972,97213,LAMENTIN,97213,,31/12/2022,30/12/2023,1590,IRR,IRRIGATION,2,IRRIGATION,CONT,-67.48929034134922,1.3225934169185753E-4,1,MES,1,Contrôlé Niveau 1,1,Correcte,31/12/1899,,P,,2521,,25211480,,non,,,,,,,
2023,OPR0000276793,Source Rivière Roche -EARL LES SERRES DE PREVILLE 196553,,ODP-B351,OEMAR,972,97215,MACOUBA,97215,,31/12/2022,30/12/2023,1324,IND,"INDUSTRIE et ACTIVITES ECONOMIQUES (hors irrigation, hors énergie)",3,AGRICULTURE-ELEVAGE (hors irrigation),SOUT,-67.4892916708457,1.3390741466798257E-4,1,EST,1,Contrôlé Niveau 1,1,Correcte,31/12/1899,,P,,,,,,non,,,,972AC05,Andésites de l'édifice initial du Mont Conil,,
2023,OPR0000276771,Rivière Lézarde SARl PETIT MORNE  P0,,ODP-0118,OEMAR,972,97213,LAMENTIN,97213,,31/12/2022,30/12/2023,1090,IND,"INDUSTRIE et ACTIVITES ECONOMIQUES (hors irrigation, hors énergie)",3,AGRICULTURE-ELEVAGE (hors irrigation),CONT,-67.4892902178853,1.3180601920849248E-4,1,MES,1,Contrôlé Niveau 1,1,Correcte,31/12/1899,,P,,2541,,25411480,,non,,,,,,,
2023,OPR0000276759,Rivière Lézarde Hangar,,ODP-C015,OEMAR,972,97213,LAMENTIN,97213,,31/12/2022,30/12/2023,1076,IND,"INDUSTRIE et ACTIVITES ECONOMIQUES (hors irrigation, hors énergie)",3,AGRICULTURE-ELEVAGE (hors irrigation),CONT,-67.48929034490592,1.3221315350250818E-4,1,MES,1,Contrôlé Niveau 1,1,Correcte,31/12/1899,,P,,2521,,25211480,,non,,,,,,,
2023,OPR0000276820,Source du Mont Vert -  ASA MONT VERT Hangar,,ODP-B088,OEMAR,972,97222,ROBERT,97222,,31/12/2022,30/12/2023,968,IND,"INDUSTRIE et ACTIVITES ECONOMIQUES (hors irrigation, hors énergie)",3,AGRICULTURE-ELEVAGE (hors irrigation),CONT,-67.4892900128052,1.3251734982182542E-4,1,MES,1,Contrôlé Niveau 1,1,Correcte,31/12/1899,,P,,2226,,22260280,,non,,,,,,,
2023,OPR0000276774,Rivière du Galion - Banane du Malgre tout,,ODP-0030,OEMAR,972,97230,TRINITE,97230,,31/12/2022,30/12/2023,181,IRR,IRRIGATION,2,IRRIGATION,CONT,-67.48929006618289,1.3271169015620086E-4,1,MES,1,Contrôlé Niveau 1,1,Correcte,31/12/1899,,P,,2223,,22231010,,non,,,,,,,
2023,OPR0000276717,Essente,,ODP-0275,OEMAR,972,97218,MORNE-ROUGE,97218,,31/12/2022,30/12/2023,0,AEP,EAU POTABLE,5,AEP,CONT,-61.12185325461485,14.769544323206384,5,MES,1,Contrôlé Niveau 1,1,Correcte,31/12/1899,,P,,2328,,23280320,,non,,,,,,,
2023,OPR0000276741,Rivière Ajoupa-Bouillon - EDEN SARL,,ODP-0002,OEMAR,972,97201,AJOUPA-BOUILLON,97201,,31/12/2022,30/12/2023,0,IND,"INDUSTRIE et ACTIVITES ECONOMIQUES (hors irrigation, hors énergie)",3,AGRICULTURE-ELEVAGE (hors irrigation),CONT,-67.48929156244186,1.335737882288881E-4,1,MES,1,Contrôlé Niveau 1,1,Correcte,31/12/1899,,P,,2115,,21150470,,non,,,,,,,
2023,OPR0000276748,Rivière Falaise bois neuf,,ODP-0352,OEMAR,972,97203,BASSE-POINTE,97203,,31/12/2022,30/12/2023,0,IRR,IRRIGATION,2,IRRIGATION,CONT,-67.48929139605553,1.33751370615731E-4,1,EST,1,Contrôlé Niveau 1,1,Correcte,31/12/1899,,P,,2117,,21170290,,non,,,,,,,
2023,OPR0000276750,Rivière Poquet (prise basse Etan / Eyma),,ODP-0005,OEMAR,972,97203,BASSE-POINTE,97203,,31/12/2022,30/12/2023,0,IRR,IRRIGATION,2,IRRIGATION,CONT,-67.48929145919853,1.33847011992915E-4,1,EST,1,Contrôlé Niveau 1,1,Correcte,31/12/1899,,P,,2106,,21060400,,non,,,,,,,
2023,OPR0000276809,Rivière du Cabet Aqualand,,ODP-0109,OEMAR,972,97204,CARBET,97204,,31/12/2022,30/12/2023,0,IND,"INDUSTRIE et ACTIVITES ECONOMIQUES (hors irrigation, hors énergie)",7,LOISIRS,CONT,-67.48929182736802,1.3273159558110825E-4,1,MES,0,Non qualifié,1,Correcte,31/12/1899,,F,,2322,,23221600,,non,,,,,,,
2023,OPR0000276785,Rivière La Manche - EARL RIVIERE LA MANCHE,,ODP-0104,OEMAR,972,97207,DUCOS,97207,,31/12/2022,30/12/2023,0,IRR,IRRIGATION,2,IRRIGATION,CONT,-67.48929007264208,1.3136318625508238E-4,1,MES,1,Contrôlé Niveau 1,1,Correcte,31/12/1899,,P,,2808,,28080350,,non,,,,,,,
2023,OPR0000276787,Source Affluent Petite Riviere Lézarde - SARL BAGATELLE,,ODP-0107,OEMAR,972,97212,GROS-MORNE,97212,,31/12/2022,30/12/2023,0,IND,"INDUSTRIE et ACTIVITES ECONOMIQUES (hors irrigation, hors énergie)",3,AGRICULTURE-ELEVAGE (hors irrigation),SOUT,-67.4892903544115,1.3255622323980477E-4,1,EST,1,Contrôlé Niveau 1,1,Correcte,31/12/1899,,P,,,,,,non,,,,972AG17,Laves de Vert Pré et du François,,
2023,OPR0000276732,Pécoul FR1 bis,,ODP-0255,OEMAR,972,97225,SAINT-PIERRE,97225,,31/12/2022,30/12/2023,0,AEP,EAU POTABLE,5,AEP,SOUT,-61.17749932058234,14.771613979598781,5,MES,1,Contrôlé Niveau 1,1,Correcte,31/12/1899,,P,1167ZZ0042,,,,,non,,,,972AF07,Hyaloclastites du Morne Jacob,,
2023,OPR0000612760,Forage Bouliki,,ODP-0372,OEMAR,972,97224,SAINT-JOSEPH,97224,,31/12/2022,30/12/2023,0,AEP,EAU POTABLE,5,AEP,SOUT,-61.04498912469492,14.68352270145589,5,EST,1,Contrôlé Niveau 1,1,Correcte,31/12/1899,,P,BSS003IUOK,,,,,non,,,,,,,
2023,OPR0000276740,Rivière Lézarde - HANGAR DESIRADE SARL,,ODP-B001,OEMAR,972,97213,LAMENTIN,97213,,31/12/2022,30/12/2023,0,IND,"INDUSTRIE et ACTIVITES ECONOMIQUES (hors irrigation, hors énergie)",3,AGRICULTURE-ELEVAGE (hors irrigation),CONT,-67.48929023975424,1.3203838520835524E-4,1,MES,1,Contrôlé Niveau 1,1,Correcte,31/12/1899,,P,,2521,,25211480,,non,,,,,,,
2023,OPR0000276817,Rivière lézarde,,ODP-0031,OEMAR,972,97213,LAMENTIN,97213,,31/12/2022,30/12/2023,0,IRR,IRRIGATION,2,IRRIGATION,CONT,-67.48929034490592,1.3221315350250818E-4,1,MES,1,Contrôlé Niveau 1,1,Correcte,31/12/1899,,P,,2521,,25211480,,non,,,,,,,
2023,OPR0000591074,Source Potiche,,ODP-0360,OEMAR,972,97215,MACOUBA,97215,,31/12/2022,30/12/2023,0,AEP,EAU POTABLE,5,AEP,SOUT,-61.15284944092275,14.847460844106994,5,MES,1,Contrôlé Niveau 1,1,Correcte,31/12/1899,,P,1166ZZ0020,,,,,non,,,,,,,
2023,OPR0000276768,Rivière Lézarde SARl PETIT MORNE  P1,,ODP-0246,OEMAR,972,97213,LAMENTIN,97213,,31/12/2022,30/12/2023,0,IRR,IRRIGATION,2,IRRIGATION,CONT,-67.48929020849629,1.3184316097179013E-4,1,MES,1,Contrôlé Niveau 1,1,Correcte,31/12/1899,,P,,2541,,25411480,,non,,,,,,,
2023,OPR0000276804,Rivière pilote,,ODP-0230,OEMAR,972,97220,RIVIERE-PILOTE,97220,,31/12/2022,30/12/2023,0,IND,"INDUSTRIE et ACTIVITES ECONOMIQUES (hors irrigation, hors énergie)",4A,Agro-alimentaire,CONT,-67.48928955077186,1.3085083207311541E-4,1,MES,0,Non qualifié,1,Correcte,31/12/1899,,F,,2812,,28120420,,non,,,,,,,
2023,OPR0000276784,Rivière Roche - SCEA PREVILLE,,ODP-0071,OEMAR,972,97215,MACOUBA,97215,,31/12/2022,30/12/2023,0,IND,"INDUSTRIE et ACTIVITES ECONOMIQUES (hors irrigation, hors énergie)",3,AGRICULTURE-ELEVAGE (hors irrigation),CONT,-67.48929161530896,1.3402672289129818E-4,1,EST,1,Contrôlé Niveau 1,1,Correcte,31/12/1899,,P,,2104,,21040210,,non,,,,,,,
2023,OPR0000276767,Rivière Morne Rouge - Jardiniers du nord,,ODP-0025,OEMAR,972,97213,LAMENTIN,97213,,31/12/2022,30/12/2023,0,IRR,IRRIGATION,2,IRRIGATION,CONT,-67.48929128017986,1.3314620705479614E-4,1,EST,1,Contrôlé Niveau 1,1,Correcte,31/12/1899,,P,,2112,,21120552,,non,,,,,,,
2023,OPR0000276766,Rivière Calave - Jardin château Gaillard,,ODP-0116,OEMAR,972,97218,MORNE-ROUGE,97218,,31/12/2022,30/12/2023,0,IRR,IRRIGATION,2,IRRIGATION,CONT,-67.4892916093869,1.3313941540947123E-4,1,MES,1,Contrôlé Niveau 1,1,Correcte,31/12/1899,,P,,2327,,23270130,,non,,,,,,,
2023,OPR0000276786,Rivière La Manche - EARL RIVIERE LA MANCHE Hangar,,ODP-B104,OEMAR,972,97207,DUCOS,97207,,31/12/2022,30/12/2023,0,IND,"INDUSTRIE et ACTIVITES ECONOMIQUES (hors irrigation, hors énergie)",3,AGRICULTURE-ELEVAGE (hors irrigation),CONT,-67.48929002487272,1.3120946013826462E-4,1,EST,1,Contrôlé Niveau 1,1,Correcte,31/12/1899,,P,,2803,,28030650,,non,,,,,,,
2023,OPR0000276789,Rivière Lézarde - SARL LITTLE,,ODP-0233,OEMAR,972,97224,SAINT-JOSEPH,97224,,31/12/2022,30/12/2023,0,IRR,IRRIGATION,2,IRRIGATION,CONT,-67.48929039233485,1.3232558894792881E-4,1,MES,1,Contrôlé Niveau 1,1,Correcte,31/12/1899,,P,,2514,,25141080,,non,,,,,,,
2023,OPR0000276796,Rivière Longvilliers Pont 1,,ODP-0095,OEMAR,972,97213,LAMENTIN,97213,,31/12/2022,30/12/2023,0,IND,"INDUSTRIE et ACTIVITES ECONOMIQUES (hors irrigation, hors énergie)",4B,Industrie hors agro-alim,CONT,-67.4892903996901,1.319086054785453E-4,1,MES,0,Non qualifié,1,Correcte,31/12/1899,,F,,2402,,24020520,,non,,,,,,,
2023,OPR0000493764,Rivière Blanche - SIBAN Station GT,,ODP-0356,OEMAR,972,97224,SAINT-JOSEPH,97224,,31/12/2022,30/12/2023,0,IRR,IRRIGATION,2,IRRIGATION,CONT,-67.48929052525939,1.3235337759957534E-4,1,MES,1,Contrôlé Niveau 1,1,Correcte,31/12/1899,,P,,2514,,25141080,,non,,,,,,,
2023,OPR0000276790,Rivière Lézarde - SARL LITTLE Hangar,,ODP-B233,OEMAR,972,97224,SAINT-JOSEPH,97224,,31/12/2022,30/12/2023,0,IND,"INDUSTRIE et ACTIVITES ECONOMIQUES (hors irrigation, hors énergie)",3,AGRICULTURE-ELEVAGE (hors irrigation),CONT,-67.48929035530733,1.3231690330233194E-4,1,EST,1,Contrôlé Niveau 1,1,Correcte,31/12/1899,,P,,2521,,25211480,,non,,,,,,,
2023,OPR0000276754,Parcelle CAFE 8,,ODP-B096,OEMAR,972,97228,SAINTE-MARIE,97228,,31/12/2022,30/12/2023,0,IND,"INDUSTRIE et ACTIVITES ECONOMIQUES (hors irrigation, hors énergie)",3,AGRICULTURE-ELEVAGE (hors irrigation),CONT,-67.48929038907394,1.3318860727219733E-4,1,MES,1,Contrôlé Niveau 1,1,Correcte,31/12/1899,,P,,2212,,22121360,,non,,,,,,,
2023,OPR0000276753,Parcelle 3 Mornes,,ODP-A096,OEMAR,972,97228,SAINTE-MARIE,97228,,31/12/2022,30/12/2023,0,IRR,IRRIGATION,2,IRRIGATION,CONT,-67.48929038907394,1.3318860727219733E-4,1,MES,1,Contrôlé Niveau 1,1,Correcte,31/12/1899,,P,,2212,,22121360,,non,,,,,,,
2023,OPR0000276756,Parcelle Abricot 2,,ODP-B011,OEMAR,972,97228,SAINTE-MARIE,97228,,31/12/2022,30/12/2023,0,IRR,IRRIGATION,2,IRRIGATION,CONT,-67.4892904774812,1.3297818537698683E-4,1,MES,1,Contrôlé Niveau 1,1,Correcte,31/12/1899,,P,,2221,,22211740,,non,,,,,,,
2023,OPR0000276755,Parcelle Savane,,ODP-A011,OEMAR,972,97228,SAINTE-MARIE,97228,,31/12/2022,30/12/2023,0,IRR,IRRIGATION,2,IRRIGATION,CONT,-67.4892904774812,1.3297818537698683E-4,1,MES,1,Contrôlé Niveau 1,1,Correcte,31/12/1899,,P,,2221,,22211740,,non,,,,,,,
2023,OPR0000276800,Rivière LA DIGUE,,ODP-C097,OEMAR,972,97225,SAINT-PIERRE,97225,,31/12/2022,30/12/2023,0,IND,"INDUSTRIE et ACTIVITES ECONOMIQUES (hors irrigation, hors énergie)",4B,Industrie hors agro-alim,CONT,-67.48929195844705,1.3311940136556674E-4,1,MES,0,Non qualifié,1,Correcte,31/12/1899,,F,,2001,,20010300,,non,,,,,,,
2023,OPR0000276783,Rivière Trinité - EARL HORTICOLE,,ODP-0046,OEMAR,972,97230,TRINITE,97230,,31/12/2022,30/12/2023,0,IRR,IRRIGATION,2,IRRIGATION,CONT,-67.48929037976549,1.3296985149794874E-4,1,EST,1,Contrôlé Niveau 1,1,Correcte,31/12/1899,,P,,2221,,22211790,,non,,,,,,,
2023,OPR0000276810,Rivière Dumauzé SEMDD,,ODP-0111,OEMAR,972,97209,FORT-DE-FRANCE,97209,,31/12/2022,30/12/2023,0,IND,"INDUSTRIE et ACTIVITES ECONOMIQUES (hors irrigation, hors énergie)",8,EMBOUTEILLAGE,CONT,-67.4892912149045,1.322393275526534E-4,1,MES,0,Non qualifié,1,Correcte,31/12/1899,,F,,2301,,23010580,,non,,,,,,,
2023,OPR0000276788,Source Affluent Rivière du Galion - SARL BAGATELLE,,ODP-0232,OEMAR,972,97212,GROS-MORNE,97212,,31/12/2022,30/12/2023,0,IND,"INDUSTRIE et ACTIVITES ECONOMIQUES (hors irrigation, hors énergie)",3,AGRICULTURE-ELEVAGE (hors irrigation),SOUT,-67.4892902322109,1.327719665689061E-4,1,EST,1,Contrôlé Niveau 1,1,Correcte,31/12/1899,,P,,,,,,non,,,,972AG17,Laves de Vert Pré et du François,,
2023,OPR0000276801,Canal Rivière du Galion,,ODP-0098,OEMAR,972,97230,TRINITE,97230,,31/12/2022,30/12/2023,0,IND,"INDUSTRIE et ACTIVITES ECONOMIQUES (hors irrigation, hors énergie)",4B,Industrie hors agro-alim,CONT,-67.48929000240707,1.327788177237035E-4,1,MES,0,Non qualifié,1,Correcte,31/12/1899,,F,,2225,,22251012,,non,,,,,,,
2023,OPR0000276802,Rivière pilote,,ODP-0228,OEMAR,972,97220,RIVIERE-PILOTE,97220,,31/12/2022,30/12/2023,0,IND,"INDUSTRIE et ACTIVITES ECONOMIQUES (hors irrigation, hors énergie)",4A,Agro-alimentaire,CONT,-67.48928955077186,1.3085083207311541E-4,1,MES,0,Non qualifié,1,Correcte,31/12/1899,,F,,2812,,28120420,,non,,,,,,,
2023,OPR0000612759,Forage Schoelcher,,ODP-0371,OEMAR,972,97229,SCHLCHER,97229,,31/12/2022,30/12/2023,0,AEP,EAU POTABLE,5,AEP,SOUT,-61.098797234810434,14.651844349564383,5,EST,1,Contrôlé Niveau 1,1,Correcte,31/12/1899,,P,1177ZZ0178,,,,,non,,,,,,,
2023,OPR0000276730,L'Or,,ODP-0262,OEMAR,972,97209,FORT-DE-FRANCE,97209,,31/12/2022,30/12/2023,0,AEP,EAU POTABLE,5,AEP,CONT,-61.07049743596134,14.649201432964205,5,MES,1,Contrôlé Niveau 1,1,Correcte,31/12/1899,,P,,2411,,24110650,,non,,,,,,,
2023,OPR0000276724,Marc Cécile,,ODP-0267,OEMAR,972,97201,AJOUPA-BOUILLON,97201,,31/12/2022,30/12/2023,0,AEP,EAU POTABLE,5,AEP,SOUT,-61.118605348598635,14.815980150865826,5,MES,1,Contrôlé Niveau 1,1,Correcte,31/12/1899,,P,1168ZZ0047,,,,,non,,,,972AF01,Formations des andésites,,
2023,OPR0000276731,Pécoul FR8,,ODP-0254,OEMAR,972,97225,SAINT-PIERRE,97225,,31/12/2022,30/12/2023,0,AEP,EAU POTABLE,5,AEP,SOUT,-61.17749932058234,14.771613979598781,5,MES,1,Contrôlé Niveau 1,1,Correcte,31/12/1899,,P,1167ZZ0066/FR8,,,,,non,,,,972AF07,Hyaloclastites du Morne Jacob,,
2022,OPR0000276752,Rivière Lézarde - CONSEIL GENERAL,,ODP-B250,OEMAR,972,97212,GROS-MORNE,97212,,31/12/2021,30/12/2022,12093317,IRR,IRRIGATION,2,IRRIGATION,CONT,-67.48929058485463,1.3259109207824343E-4,1,EST,1,Contrôlé Niveau 1,1,Correcte,31/12/1899,,P,,2503,,25031480,,non,,,,,,,
2022,OPR0000276733,Blanche,,ODP-0251,OEMAR,972,97224,SAINT-JOSEPH,97224,,31/12/2021,30/12/2022,10176421,AEP,EAU POTABLE,5,AEP,CONT,-61.04498912469492,14.68352270145589,5,MES,1,Contrôlé Niveau 1,1,Correcte,31/12/1899,,P,,2512,,25121080,,non,,,,,,,
2022,OPR0000276729,Blanche Bouliki,,ODP-0260,OEMAR,972,97224,SAINT-JOSEPH,97224,,31/12/2021,30/12/2022,9397698,AEP,EAU POTABLE,5,AEP,CONT,-61.04498912469492,14.68352270145589,5,MES,1,Contrôlé Niveau 1,1,Correcte,31/12/1899,,P,,2512,,25121080,,non,,,,,,,
2022,OPR0000276713,Capot,,ODP-0249,OEMAR,972,97214,LORRAIN,97214,,31/12/2021,30/12/2022,6892286,AEP,EAU POTABLE,5,AEP,CONT,-61.08087028159415,14.799495436620607,5,MES,1,Contrôlé Niveau 1,1,Correcte,31/12/1899,,P,,2115,,21150560,,non,,,,,,,
2022,OPR0000276728,Absalon 1,,ODP-0261,OEMAR,972,97209,FORT-DE-FRANCE,97209,,31/12/2021,30/12/2022,6459801,AEP,EAU POTABLE,5,AEP,CONT,-61.07049743596134,14.649201432964205,5,EST,1,Contrôlé Niveau 1,1,Correcte,31/12/1899,,P,,2301,,23010580,,non,,,,,,,
2022,OPR0000276714,Lézarde,,ODP-A250,OEMAR,972,97212,GROS-MORNE,97212,,31/12/2021,30/12/2022,6281851,AEP,EAU POTABLE,5,AEP,CONT,-61.024570542369574,14.708455418650365,5,EST,1,Contrôlé Niveau 1,1,Correcte,31/12/1899,,P,,2503,,25031480,,non,,,,,,,
2022,OPR0000276718,Galion Bras Gommier,,ODP-0270,OEMAR,972,97212,GROS-MORNE,97212,,31/12/2021,30/12/2022,1390202,AEP,EAU POTABLE,5,AEP,CONT,-61.024570542369574,14.708455418650365,5,MES,1,Contrôlé Niveau 1,1,Correcte,31/12/1899,,P,,2221,,22211630,,non,,,,,,,
2022,OPR0000276720,Lorrain,,ODP-0269,OEMAR,972,97214,LORRAIN,97214,,31/12/2021,30/12/2022,1291368,AEP,EAU POTABLE,5,AEP,CONT,-61.08087028159415,14.799495436620607,5,MES,1,Contrôlé Niveau 1,1,Correcte,31/12/1899,,P,,2205,,22051300,,non,,,,,,,
2022,OPR0000276737,Morestin,,ODP-0256,OEMAR,972,97218,MORNE-ROUGE,97218,,31/12/2021,30/12/2022,1189758,AEP,EAU POTABLE,5,AEP,SOUT,-61.12185325461485,14.769544323206384,5,MES,1,Contrôlé Niveau 1,1,Correcte,31/12/1899,,P,1168ZZ0053,,,,,non,,,,972AF07,Hyaloclastites du Morne Jacob,,
2022,OPR0000276751,Rivière Falaise (haut),,ODP-0003,OEMAR,972,97203,BASSE-POINTE,97203,,31/12/2021,30/12/2022,988918,IRR,IRRIGATION,2,IRRIGATION,CONT,-67.48929153466013,1.3405383512941026E-4,1,EST,1,Contrôlé Niveau 1,1,Correcte,31/12/1899,,P,,2104,,21040200,,non,,,,,,,
2022,OPR0000276747,Rivière Poquet (prise haute Leyritz),,ODP-0278,OEMAR,972,97203,BASSE-POINTE,97203,,31/12/2021,30/12/2022,584868,IRR,IRRIGATION,2,IRRIGATION,CONT,-67.48929129208652,1.3402325951336836E-4,1,EST,1,Contrôlé Niveau 1,1,Correcte,31/12/1899,,P,,2106,,21060400,,non,,,,,,,
2022,OPR0000276745,Rivière Roche (prise basse),,ODP-0008,OEMAR,972,97203,BASSE-POINTE,97203,,31/12/2021,30/12/2022,371972,IRR,IRRIGATION,2,IRRIGATION,CONT,-67.48929160481798,1.3404811683649263E-4,1,EST,1,Contrôlé Niveau 1,1,Correcte,31/12/1899,,P,,2104,,21040210,,non,,,,,,,
2022,OPR0000276778,Rivière du Lorrain - PER LAGRANGE,,ODP-0353,OEMAR,972,97216,MARIGOT,97216,,31/12/2021,30/12/2022,371270,IRR,IRRIGATION,2,IRRIGATION,CONT,-12.947114685336924,9.633179476124443,1,MES,1,Contrôlé Niveau 1,1,Correcte,31/12/1899,,P,,,,,,non,,,,,,,
2022,OPR0000276746,Rivière Macouba (gravitaire),,ODP-0010,OEMAR,972,97203,BASSE-POINTE,97203,,31/12/2021,30/12/2022,354742,IRR,IRRIGATION,2,IRRIGATION,CONT,-67.48929174601165,1.339618014491218E-4,1,EST,1,Contrôlé Niveau 1,1,Correcte,31/12/1899,,P,,2103,,21030480,,non,,,,,,,
2022,OPR0000276742,Rivière Basse Pointe (prise haute  pompage),,ODP-0006,OEMAR,972,97203,BASSE-POINTE,97203,,31/12/2021,30/12/2022,296463,IRR,IRRIGATION,2,IRRIGATION,CONT,-67.48929149229305,1.3391769678162366E-4,1,EST,1,Contrôlé Niveau 1,1,Correcte,31/12/1899,,P,,2105,,21050440,,non,,,,,,,
2022,OPR0000276744,Rivière Roche (gravitaire),,ODP-0009,OEMAR,972,97203,BASSE-POINTE,97203,,31/12/2021,30/12/2022,283286,IRR,IRRIGATION,2,IRRIGATION,CONT,-67.48929154871679,1.3411938790066667E-4,1,EST,1,Contrôlé Niveau 1,1,Correcte,31/12/1899,,P,,2104,,21040210,,non,,,,,,,
2022,OPR0000276808,Captage,,ODP-0175,OEMAR,972,97225,SAINT-PIERRE,97225,,31/12/2021,30/12/2022,250736,IND,"INDUSTRIE et ACTIVITES ECONOMIQUES (hors irrigation, hors énergie)",4B,Industrie hors agro-alim,SOUT,-67.4892921660269,1.333398437248645E-4,1,MES,0,Non qualifié,1,Correcte,31/12/1899,,F,,,,,,non,,,,972AC05,Andésites de l'édifice initial du Mont Conil,,
2022,OPR0000276736,Attila,,ODP-0259,OEMAR,972,97233,MORNE-VERT,97233,,31/12/2021,30/12/2022,250351,AEP,EAU POTABLE,5,AEP,SOUT,-61.13602598165926,14.704653003726108,5,MES,1,Contrôlé Niveau 1,1,Correcte,31/12/1899,,P,1173ZZ0068,,,,,non,,,,972AF07,Hyaloclastites du Morne Jacob,,
2022,OPR0000276725,Montagne Pelée 1 Pécoul FR3,,ODP-0272,OEMAR,972,97201,AJOUPA-BOUILLON,97201,,31/12/2021,30/12/2022,227633,AEP,EAU POTABLE,5,AEP,SOUT,-61.118605348598635,14.815980150865826,5,MES,1,Contrôlé Niveau 1,1,Correcte,31/12/1899,,P,1168ZZ0051,,,,,non,,,,972AC05,Andésites de l'édifice initial du Mont Conil,,
2022,OPR0000276734,Urion,,ODP-0276,OEMAR,972,97233,MORNE-VERT,97233,,31/12/2021,30/12/2022,208047,AEP,EAU POTABLE,5,AEP,CONT,-61.13602598165926,14.704653003726108,5,MES,1,Contrôlé Niveau 1,1,Correcte,31/12/1899,,P,,2316,,23160850,,non,,,,,,,
2022,OPR0000639975,Source du Mont Vert -  ASA MONT VERT,,ODP-0394,OEMAR,972,97222,ROBERT,97222,,31/12/2021,30/12/2022,195720,IRR,IRRIGATION,2,IRRIGATION,CONT,-67.4892900128052,1.3251734982182542E-4,1,MES,1,Contrôlé Niveau 1,1,Correcte,31/12/1899,,P,,2226,,22260280,,non,,,,,,,
2022,OPR0000276749,Rivière Poquet (canal Pecoul-Chalvet),,ODP-0004,OEMAR,972,97203,BASSE-POINTE,97203,,31/12/2021,30/12/2022,192574,IRR,IRRIGATION,2,IRRIGATION,CONT,-67.48929133014428,1.3391361103742543E-4,1,EST,1,Contrôlé Niveau 1,1,Correcte,31/12/1899,,P,,2106,,21060400,,non,,,,,,,
2022,OPR0000276807,Canal Rivière du Galion,,ODP-0106,OEMAR,972,97230,TRINITE,97230,,31/12/2021,30/12/2022,173979,IND,"INDUSTRIE et ACTIVITES ECONOMIQUES (hors irrigation, hors énergie)",4A,Agro-alimentaire,CONT,-67.48929000240707,1.327788177237035E-4,1,EST,0,Non qualifié,1,Correcte,31/12/1899,,F,,2225,,22251012,,non,,,,,,,
2022,OPR0000639976,Rivière Falaise (haut),,ODP-0395,OEMAR,972,97203,BASSE-POINTE,97203,,31/12/2021,30/12/2022,160000,IND,"INDUSTRIE et ACTIVITES ECONOMIQUES (hors irrigation, hors énergie)",3,AGRICULTURE-ELEVAGE (hors irrigation),CONT,-67.48929153466013,1.3405383512941026E-4,1,EST,1,Contrôlé Niveau 1,1,Correcte,31/12/1899,,P,,2104,,21040200,,non,,,,,,,
2022,OPR0000276743,Rivière Basse Pointe (canal Gradis),,ODP-0007,OEMAR,972,97203,BASSE-POINTE,97203,,31/12/2021,30/12/2022,152843,IRR,IRRIGATION,2,IRRIGATION,CONT,-67.48929144077887,1.34018533336521E-4,1,EST,1,Contrôlé Niveau 1,1,Correcte,31/12/1899,,P,,2105,,21050440,,non,,,,,,,
2022,OPR0000276716,Calvaire,,ODP-0271,OEMAR,972,97212,GROS-MORNE,97212,,31/12/2021,30/12/2022,149509,AEP,EAU POTABLE,5,AEP,CONT,-61.024570542369574,14.708455418650365,5,MES,1,Contrôlé Niveau 1,1,Correcte,31/12/1899,,P,,2221,,22211630,,non,,,,,,,
2022,OPR0000276801,Canal Rivière du Galion,,ODP-0098,OEMAR,972,97230,TRINITE,97230,,31/12/2021,30/12/2022,146108,IND,"INDUSTRIE et ACTIVITES ECONOMIQUES (hors irrigation, hors énergie)",4B,Industrie hors agro-alim,CONT,-67.48929000240707,1.327788177237035E-4,1,MES,0,Non qualifié,1,Correcte,31/12/1899,,F,,2225,,22251012,,non,,,,,,,
2022,OPR0000276721,Essente,,ODP-0273,OEMAR,972,97225,SAINT-PIERRE,97225,,31/12/2021,30/12/2022,140324,AEP,EAU POTABLE,5,AEP,SOUT,-61.17749932058234,14.771613979598781,5,MES,1,Contrôlé Niveau 1,1,Correcte,31/12/1899,,P,1168ZZ0050,,,,,non,,,,972AF01,Formations des andésites,,
2022,OPR0000276805,Captage sur rivière Roxelane,,ODP-0102,OEMAR,972,97225,SAINT-PIERRE,97225,,31/12/2021,30/12/2022,136374,IND,"INDUSTRIE et ACTIVITES ECONOMIQUES (hors irrigation, hors énergie)",4A,Agro-alimentaire,CONT,-67.48929182266461,1.331508699689155E-4,1,MES,0,Non qualifié,1,Correcte,31/12/1899,,F,,2328,,23280480,,non,,,,,,,
2022,OPR0000276727,Piton Gelé,,ODP-0274,OEMAR,972,97218,MORNE-ROUGE,97218,,31/12/2021,30/12/2022,128469,AEP,EAU POTABLE,5,AEP,SOUT,-61.12185325461485,14.769544323206384,5,MES,1,Contrôlé Niveau 1,1,Correcte,31/12/1899,,P,1173ZZ0065,,,,,non,,,,972AF07,Hyaloclastites du Morne Jacob,,
2022,OPR0000276787,Source Affluent Petite Riviere Lézarde - SARL BAGATELLE,,ODP-0107,OEMAR,972,97212,GROS-MORNE,97212,,31/12/2021,30/12/2022,111690,IND,"INDUSTRIE et ACTIVITES ECONOMIQUES (hors irrigation, hors énergie)",3,AGRICULTURE-ELEVAGE (hors irrigation),SOUT,-67.4892903544115,1.3255622323980477E-4,1,EST,1,Contrôlé Niveau 1,1,Correcte,31/12/1899,,P,,,,,,non,,,,972AG17,Laves de Vert Pré et du François,,
2022,OPR0000276738,Yang Ting,,ODP-0252,OEMAR,972,97208,FONDS-SAINT-DENIS,97208,,31/12/2021,30/12/2022,108132,AEP,EAU POTABLE,5,AEP,SOUT,-61.107722352142325,14.72273962354209,5,MES,1,Contrôlé Niveau 1,1,Correcte,31/12/1899,,P,1173ZZ0062,,,,,non,,,,972AF07,Hyaloclastites du Morne Jacob,,
2022,OPR0000276722,Fonds Les Sources,,ODP-0265,OEMAR,972,97201,AJOUPA-BOUILLON,97201,,31/12/2021,30/12/2022,104564,AEP,EAU POTABLE,5,AEP,SOUT,-61.118605348598635,14.815980150865826,5,MES,1,Contrôlé Niveau 1,1,Correcte,31/12/1899,,P,1168ZZ0046,,,,,non,,,,972AF01,Formations des andésites,,
2022,OPR0000567238,Rivière Saint Pierre - Habitation PERINELLE,,ODP-B023,OEMAR,972,97225,SAINT-PIERRE,97225,,31/12/2021,30/12/2022,101771,IND,"INDUSTRIE et ACTIVITES ECONOMIQUES (hors irrigation, hors énergie)",3,AGRICULTURE-ELEVAGE (hors irrigation),CONT,-67.48929196760315,1.3311545088026767E-4,1,EST,1,Contrôlé Niveau 1,1,Correcte,31/12/1899,,P,,2001,,20010280,,non,,,,,,,
2022,OPR0000276797,Rivière Sainte Marie,,ODP-0094,OEMAR,972,97228,SAINTE-MARIE,97228,,31/12/2021,30/12/2022,97008,IND,"INDUSTRIE et ACTIVITES ECONOMIQUES (hors irrigation, hors énergie)",4A,Agro-alimentaire,CONT,-67.48929035650804,1.333321505359738E-4,1,MES,0,Non qualifié,1,Correcte,31/12/1899,,F,,2213,,22131360,,non,,,,,,,
2022,OPR0000276715,Demare,,ODP-0264,OEMAR,972,97203,BASSE-POINTE,97203,,31/12/2021,30/12/2022,85793,AEP,EAU POTABLE,5,AEP,SOUT,-61.11736704916713,14.840926344506983,5,MES,1,Contrôlé Niveau 1,1,Correcte,31/12/1899,,P,1168ZZ0048,,,,,non,,,,972AC05,Andésites de l'édifice initial du Mont Conil,,
2022,OPR0000493792,Rivière Blanche - SIBAN Station STA - 48,,ODP-0355,OEMAR,972,97224,SAINT-JOSEPH,97224,,31/12/2021,30/12/2022,85538,IRR,IRRIGATION,2,IRRIGATION,CONT,-67.48929057041268,1.3227536004941794E-4,1,MES,1,Contrôlé Niveau 1,1,Correcte,31/12/1899,,P,,2401,,24010520,,non,,,,,,,
2022,OPR0000493700,Source du Mont Vert -  ASA MONT VERT,,ODP-0088,OEMAR,972,97222,ROBERT,97222,,31/12/2021,30/12/2022,84827,IRR,IRRIGATION,2,IRRIGATION,CONT,-67.4892900128052,1.3251734982182542E-4,1,MES,1,Contrôlé Niveau 1,1,Correcte,31/12/1899,,P,,2226,,22260280,,non,,,,,,,
2022,OPR0000276764,Rivière claire - Hangar Habitation ASSIER,,ODP-0283,OEMAR,972,97214,LORRAIN,97214,,31/12/2021,30/12/2022,84049,IND,"INDUSTRIE et ACTIVITES ECONOMIQUES (hors irrigation, hors énergie)",3,AGRICULTURE-ELEVAGE (hors irrigation),CONT,-67.48929106215398,1.3378862067131892E-4,1,MES,1,Contrôlé Niveau 1,1,Correcte,31/12/1899,,P,,2208,,22080120,,non,,,,,,,
2022,OPR0000276806,Rivière  Saint-Pierre,,ODP-0105,OEMAR,972,97225,SAINT-PIERRE,97225,,31/12/2021,30/12/2022,83250,IND,"INDUSTRIE et ACTIVITES ECONOMIQUES (hors irrigation, hors énergie)",4B,Industrie hors agro-alim,CONT,-67.48929212568453,1.331731026578068E-4,1,MES,0,Non qualifié,1,Correcte,31/12/1899,,F,,2004,,20040430,,non,,,,,,,
2022,OPR0000639977,Rivière  Poquet Prise haute Leyritz,,ODP-0396,OEMAR,972,97203,BASSE-POINTE,97203,,31/12/2021,30/12/2022,80000,IND,"INDUSTRIE et ACTIVITES ECONOMIQUES (hors irrigation, hors énergie)",3,AGRICULTURE-ELEVAGE (hors irrigation),CONT,-67.48929129208652,1.3402325951336836E-4,1,EST,1,Contrôlé Niveau 1,1,Correcte,31/12/1899,,P,,2106,,21060400,,non,,,,,,,
2022,OPR0000639979,Rivière Roche (prise basse),,ODP-0399,OEMAR,972,97203,BASSE-POINTE,97203,,31/12/2021,30/12/2022,80000,IND,"INDUSTRIE et ACTIVITES ECONOMIQUES (hors irrigation, hors énergie)",3,AGRICULTURE-ELEVAGE (hors irrigation),CONT,-67.48929160481798,1.3404811683649263E-4,1,EST,1,Contrôlé Niveau 1,1,Correcte,31/12/1899,,P,,2104,,21040210,,non,,,,,,,
2022,OPR0000276726,Montagne Pelée 2,,ODP-0294,OEMAR,972,97201,AJOUPA-BOUILLON,97201,,31/12/2021,30/12/2022,77134,AEP,EAU POTABLE,5,AEP,SOUT,-61.118605348598635,14.815980150865826,5,MES,1,Contrôlé Niveau 1,1,Correcte,31/12/1899,,P,1168ZZ0051,,,,,non,,,,972AC05,Andésites de l'édifice initial du Mont Conil,,
2022,OPR0000276803,Rivière pilote,,ODP-0229,OEMAR,972,97220,RIVIERE-PILOTE,97220,,31/12/2021,30/12/2022,62125,IND,"INDUSTRIE et ACTIVITES ECONOMIQUES (hors irrigation, hors énergie)",4A,Agro-alimentaire,CONT,-67.48928955077186,1.3085083207311541E-4,1,MES,0,Non qualifié,1,Correcte,31/12/1899,,F,,2812,,28120420,,non,,,,,,,
2022,OPR0000493763,Rivière Blanche - SIBAN GT - 41,,ODP-0354,OEMAR,972,97224,SAINT-JOSEPH,97224,,31/12/2021,30/12/2022,56720,IND,"INDUSTRIE et ACTIVITES ECONOMIQUES (hors irrigation, hors énergie)",3,AGRICULTURE-ELEVAGE (hors irrigation),CONT,-67.48929052525939,1.3235337759957534E-4,1,EST,1,Contrôlé Niveau 1,1,Correcte,31/12/1899,,P,,2514,,25141080,,non,,,,,,,
2022,OPR0000612760,Forage Bouliki,,ODP-0372,OEMAR,972,97224,SAINT-JOSEPH,97224,,31/12/2021,30/12/2022,52553,AEP,EAU POTABLE,5,AEP,SOUT,-61.04498912469492,14.68352270145589,5,EST,1,Contrôlé Niveau 1,1,Correcte,31/12/1899,,P,BSS003IUOK,,,,,non,,,,,,,
2022,OPR0000612759,Forage Schoelcher,,ODP-0371,OEMAR,972,97229,SCHLCHER,97229,,31/12/2021,30/12/2022,49576,AEP,EAU POTABLE,5,AEP,SOUT,-61.098797234810434,14.651844349564383,5,EST,1,Contrôlé Niveau 1,1,Correcte,31/12/1899,,P,1177ZZ0178,,,,,non,,,,,,,
2022,OPR0000276735,Verrier,,ODP-0257,OEMAR,972,97233,MORNE-VERT,97233,,31/12/2021,30/12/2022,49492,AEP,EAU POTABLE,5,AEP,CONT,-61.13602598165926,14.704653003726108,5,MES,1,Contrôlé Niveau 1,1,Correcte,31/12/1899,,P,,2316,,23160750,,non,,,,,,,
2022,OPR0000276719,Grand'Rivière,,ODP-0268,OEMAR,972,97211,GRAND'RIVIERE,97211,,31/12/2021,30/12/2022,48243,AEP,EAU POTABLE,5,AEP,CONT,-61.17984147677704,14.846996984898727,5,MES,1,Contrôlé Niveau 1,1,Correcte,31/12/1899,,P,,2101,,21010860,,non,,,,,,,
2022,OPR0000567237,Rivière Lézarde - SARL RIVIERE LEZARDE,,ODP-0117,OEMAR,972,97213,LAMENTIN,97213,,31/12/2021,30/12/2022,47063,IND,"INDUSTRIE et ACTIVITES ECONOMIQUES (hors irrigation, hors énergie)",3,AGRICULTURE-ELEVAGE (hors irrigation),CONT,-67.4892903333757,1.321636461881144E-4,1,MES,1,Contrôlé Niveau 1,1,Correcte,31/12/1899,,P,,2521,,25211480,,non,,,,,,,
2022,OPR0000276814,Lafort SOMES,,ODP-0115,OEMAR,972,97218,MORNE-ROUGE,97218,,31/12/2021,30/12/2022,45993,IND,"INDUSTRIE et ACTIVITES ECONOMIQUES (hors irrigation, hors énergie)",8,EMBOUTEILLAGE,SOUT,-67.48929144601344,1.3308409063005628E-4,1,EST,0,Non qualifié,1,Correcte,31/12/1899,,F,,,,,,non,,,,972AF07,Hyaloclastites du Morne Jacob,,
2022,OPR0000493705,Rivière Blanche - CHARMINE BANANIERE,,ODP-0103,OEMAR,972,97224,SAINT-JOSEPH,97224,,31/12/2021,30/12/2022,45000,IND,"INDUSTRIE et ACTIVITES ECONOMIQUES (hors irrigation, hors énergie)",3,AGRICULTURE-ELEVAGE (hors irrigation),CONT,-67.48929053307162,1.3235899666504065E-4,1,MES,1,Contrôlé Niveau 1,1,Correcte,31/12/1899,,P,,2514,,25141080,,non,,,,,,,
2022,OPR0000276812,Source Mabelo SEMDD,,ODP-0113,OEMAR,972,97209,FORT-DE-FRANCE,97209,,31/12/2021,30/12/2022,42215,IND,"INDUSTRIE et ACTIVITES ECONOMIQUES (hors irrigation, hors énergie)",8,EMBOUTEILLAGE,SOUT,-67.48929121553162,1.3223890472452028E-4,1,MES,0,Non qualifié,1,Correcte,31/12/1899,,F,,,,,,non,,,,972AF07,Hyaloclastites du Morne Jacob,,
2022,OPR0000276769,Rivière Lézarde SARl PETIT MORNE  P2,,ODP-0247,OEMAR,972,97213,LAMENTIN,97213,,31/12/2021,30/12/2022,41558,IRR,IRRIGATION,2,IRRIGATION,CONT,-67.48929020767206,1.318465793127955E-4,1,MES,1,Contrôlé Niveau 1,1,Correcte,31/12/1899,,P,,2541,,25411480,,non,,,,,,,
2022,OPR0000276763,N°20 Retenue Rivière Lorrain - Habitation ASSIER,,ODP-B021,OEMAR,972,97214,LORRAIN,97214,,31/12/2021,30/12/2022,41330,IRR,IRRIGATION,2,IRRIGATION,CONT,-67.48929099287413,1.3378255064876803E-4,1,MES,1,Contrôlé Niveau 1,1,Correcte,31/12/1899,,P,,2207,,22071200,,non,,,,,,,
2022,OPR0000276739,Rivière Lézarde - DESIRADE SARL,,ODP-A001,OEMAR,972,97213,LAMENTIN,97213,,31/12/2021,30/12/2022,40500,IRR,IRRIGATION,2,IRRIGATION,CONT,-67.4892903333757,1.321636461881144E-4,1,EST,1,Contrôlé Niveau 1,1,Correcte,31/12/1899,,P,,2521,,25211480,,non,,,,,,,
2022,OPR0000639980,Rivière Macouba (gravitaire),,ODP-0400,OEMAR,972,97203,BASSE-POINTE,97203,,31/12/2021,30/12/2022,40000,IND,"INDUSTRIE et ACTIVITES ECONOMIQUES (hors irrigation, hors énergie)",3,AGRICULTURE-ELEVAGE (hors irrigation),CONT,-67.48929174601165,1.339618014491218E-4,1,EST,1,Contrôlé Niveau 1,1,Correcte,31/12/1899,,P,,2103,,21030480,,non,,,,,,,
2022,OPR0000639982,Rivière Roche (gravitaire),,ODP-0405,OEMAR,972,97203,BASSE-POINTE,97203,,31/12/2021,30/12/2022,40000,IND,"INDUSTRIE et ACTIVITES ECONOMIQUES (hors irrigation, hors énergie)",3,AGRICULTURE-ELEVAGE (hors irrigation),CONT,-67.48929154871679,1.3411938790066667E-4,1,EST,1,Contrôlé Niveau 1,1,Correcte,31/12/1899,,P,,2104,,21040210,,non,,,,,,,
2022,OPR0000639981,Rivière Basse Pointe (canal Gradis),,ODP-0401,OEMAR,972,97203,BASSE-POINTE,97203,,31/12/2021,30/12/2022,40000,IND,"INDUSTRIE et ACTIVITES ECONOMIQUES (hors irrigation, hors énergie)",3,AGRICULTURE-ELEVAGE (hors irrigation),CONT,-67.48929144077887,1.34018533336521E-4,1,EST,1,Contrôlé Niveau 1,1,Correcte,31/12/1899,,P,,2105,,21050440,,non,,,,,,,
2022,OPR0000639978,Rivière Basse Pointe (prise haute  pompage),,ODP-0397,OEMAR,972,97203,BASSE-POINTE,97203,,31/12/2021,30/12/2022,40000,IND,"INDUSTRIE et ACTIVITES ECONOMIQUES (hors irrigation, hors énergie)",3,AGRICULTURE-ELEVAGE (hors irrigation),CONT,-67.48929149229305,1.3391769678162366E-4,1,EST,1,Contrôlé Niveau 1,1,Correcte,31/12/1899,,P,,2105,,21050440,,non,,,,,,,
2022,OPR0000276811,Source Didier SEMDD,,ODP-0112,OEMAR,972,97209,FORT-DE-FRANCE,97209,,31/12/2021,30/12/2022,39420,IND,"INDUSTRIE et ACTIVITES ECONOMIQUES (hors irrigation, hors énergie)",8,EMBOUTEILLAGE,SOUT,-67.48929121553162,1.3223890472452028E-4,1,EST,0,Non qualifié,1,Correcte,31/12/1899,,F,,,,,,non,,,,972AF07,Hyaloclastites du Morne Jacob,,
2022,OPR0000276777,Rivière Lézarde - SARL SOUDON Hangar,,ODP-0033,OEMAR,972,97213,LAMENTIN,97213,,31/12/2021,30/12/2022,36382,IRR,IRRIGATION,2,IRRIGATION,CONT,-67.4892902897275,1.3213727356108557E-4,1,MES,0,Non qualifié,1,Correcte,31/12/1899,,P,,2521,,25411480,,non,,,,,,,
2022,OPR0000276741,Rivière Ajoupa-Bouillon - EDEN SARL,,ODP-0002,OEMAR,972,97201,AJOUPA-BOUILLON,97201,,31/12/2021,30/12/2022,35314,IND,"INDUSTRIE et ACTIVITES ECONOMIQUES (hors irrigation, hors énergie)",3,AGRICULTURE-ELEVAGE (hors irrigation),CONT,-67.48929156244186,1.335737882288881E-4,1,MES,1,Contrôlé Niveau 1,1,Correcte,31/12/1899,,P,,2115,,21150470,,non,,,,,,,
2022,OPR0000276782,Rivière Lézarde - UNION SARL,,ODP-A035,OEMAR,972,97213,LAMENTIN,97213,,31/12/2021,30/12/2022,32511,IND,"INDUSTRIE et ACTIVITES ECONOMIQUES (hors irrigation, hors énergie)",3,AGRICULTURE-ELEVAGE (hors irrigation),CONT,-67.48929029907173,1.321061747750336E-4,1,EST,1,Contrôlé Niveau 1,1,Correcte,31/12/1899,,P,,2521,,25211480,,non,,,,,,,
2022,OPR0000276813,Mont béni SOMES,,ODP-0114,OEMAR,972,97218,MORNE-ROUGE,97218,,31/12/2021,30/12/2022,27296,IND,"INDUSTRIE et ACTIVITES ECONOMIQUES (hors irrigation, hors énergie)",8,EMBOUTEILLAGE,SOUT,-67.48929144601344,1.3308409063005628E-4,1,EST,0,Non qualifié,1,Correcte,31/12/1899,,F,,,,,,non,,,,972AF07,Hyaloclastites du Morne Jacob,,
2022,OPR0000493792,Rivière Blanche - SIBAN Station STA - 48,,ODP-0355,OEMAR,972,97224,SAINT-JOSEPH,97224,,31/12/2021,30/12/2022,26320,IND,"INDUSTRIE et ACTIVITES ECONOMIQUES (hors irrigation, hors énergie)",3,AGRICULTURE-ELEVAGE (hors irrigation),CONT,-67.48929057041268,1.3227536004941794E-4,1,MES,1,Contrôlé Niveau 1,1,Correcte,31/12/1899,,P,,2401,,24010520,,non,,,,,,,
2022,OPR0000276762,N°19 Retenue Rivière Lorrain - Habitation ASSIER,,ODP-A021,OEMAR,972,97214,LORRAIN,97214,,31/12/2021,30/12/2022,23217,IRR,IRRIGATION,2,IRRIGATION,CONT,-67.48929106124018,1.3382064845081061E-4,1,MES,1,Contrôlé Niveau 1,1,Correcte,31/12/1899,,P,,2208,,22080120,,non,,,,,,,
2022,OPR0000276772,Rivière Lézarde - SARL RIVIERE LEZARDE,,ODP-0279,OEMAR,972,97213,LAMENTIN,97213,,31/12/2021,30/12/2022,21515,IND,"INDUSTRIE et ACTIVITES ECONOMIQUES (hors irrigation, hors énergie)",3,AGRICULTURE-ELEVAGE (hors irrigation),CONT,-67.48929022818818,1.3197073994287593E-4,1,EST,1,Contrôlé Niveau 1,1,Correcte,31/12/1899,,P,,2521,,25211480,,non,,,,,,,
2022,OPR0000276818,Rivière Lézarde,,ODP-0061,OEMAR,972,97214,LORRAIN,97214,,31/12/2021,30/12/2022,17085,IND,"INDUSTRIE et ACTIVITES ECONOMIQUES (hors irrigation, hors énergie)",3,AGRICULTURE-ELEVAGE (hors irrigation),CONT,-67.48929028981709,1.3213736375475939E-4,1,EST,1,Contrôlé Niveau 1,1,Correcte,31/12/1899,,P,,2521,,25211480,,non,,,,,,,
2022,OPR0000604674,Rivière de Sainte Marie - 3 Mornes,,ODP-0361,OEMAR,972,97228,SAINTE-MARIE,97228,,31/12/2021,30/12/2022,16936,IRR,IRRIGATION,2,IRRIGATION,CONT,-67.48929047755287,1.3297556344640292E-4,1,MES,1,Contrôlé Niveau 1,1,Correcte,31/12/1899,,P,,,,,,non,,,,,,,
2022,OPR0000276760,Rivière Lézarde - Habitation BOCHET,,ODP-A110,OEMAR,972,97213,LAMENTIN,97213,,31/12/2021,30/12/2022,15037,IRR,IRRIGATION,2,IRRIGATION,CONT,-67.48929034134922,1.3225934169185753E-4,1,MES,1,Contrôlé Niveau 1,1,Correcte,31/12/1899,,P,,2521,,25211480,,non,,,,,,,
2022,OPR0000276770,Rivière Lézarde SARl PETIT MORNE  P3,,ODP-0248,OEMAR,972,97213,LAMENTIN,97213,,31/12/2021,30/12/2022,13877,IRR,IRRIGATION,2,IRRIGATION,CONT,-67.48929020713452,1.3184914983306164E-4,1,MES,1,Contrôlé Niveau 1,1,Correcte,31/12/1899,,P,,2523,,25230130,,non,,,,,,,
2022,OPR0000276780,Petite rivière Lézarde - UNION SARL,,ODP-0243,OEMAR,972,97213,LAMENTIN,97213,,31/12/2021,30/12/2022,12462,IRR,IRRIGATION,2,IRRIGATION,CONT,-67.48929015140962,1.3194698293887613E-4,1,MES,1,Contrôlé Niveau 1,1,Correcte,31/12/1899,,P,,2523,,25330750,,non,,,,,,,
2022,OPR0000276776,Rivière Lézarde - SARL SOUDON,,ODP-0032,OEMAR,972,97213,LAMENTIN,97213,,31/12/2021,30/12/2022,12346,IRR,IRRIGATION,2,IRRIGATION,CONT,-67.48929029839084,1.3210823119129216E-4,1,MES,1,Contrôlé Niveau 1,1,Correcte,31/12/1899,,P,,2521,,25211480,,non,,,,,,,
2022,OPR0000276730,L'Or,,ODP-0262,OEMAR,972,97209,FORT-DE-FRANCE,97209,,31/12/2021,30/12/2022,11903,AEP,EAU POTABLE,5,AEP,CONT,-61.07049743596134,14.649201432964205,5,MES,1,Contrôlé Niveau 1,1,Correcte,31/12/1899,,P,,2411,,24110650,,non,,,,,,,
2022,OPR0000276799,Rivière LA DIGUE,,ODP-B097,OEMAR,972,97225,SAINT-PIERRE,97225,,31/12/2021,30/12/2022,10159,IND,"INDUSTRIE et ACTIVITES ECONOMIQUES (hors irrigation, hors énergie)",4B,Industrie hors agro-alim,CONT,-67.48929195844705,1.3311940136556674E-4,1,MES,0,Non qualifié,1,Correcte,31/12/1899,,F,,2001,,20010300,,non,,,,,,,
2022,OPR0000276740,Rivière Lézarde - HANGAR DESIRADE SARL,,ODP-B001,OEMAR,972,97213,LAMENTIN,97213,,31/12/2021,30/12/2022,6000,IND,"INDUSTRIE et ACTIVITES ECONOMIQUES (hors irrigation, hors énergie)",3,AGRICULTURE-ELEVAGE (hors irrigation),CONT,-67.48929023975424,1.3203838520835524E-4,1,MES,1,Contrôlé Niveau 1,1,Correcte,31/12/1899,,P,,2521,,25211480,,non,,,,,,,
2022,OPR0000604675,Rivière de Sainte Marie - 3 Pointes,,ODP-0362,OEMAR,972,97228,SAINTE-MARIE,97228,,31/12/2021,30/12/2022,5729,IRR,IRRIGATION,2,IRRIGATION,CONT,-67.48929061753711,1.3304444163601522E-4,1,MES,1,Contrôlé Niveau 1,1,Correcte,31/12/1899,,P,,,,,,non,,,,,,,
2022,OPR0000276798,Rivière LA DIGUE,,ODP-A097,OEMAR,972,97225,SAINT-PIERRE,97225,,31/12/2021,30/12/2022,5625,IND,"INDUSTRIE et ACTIVITES ECONOMIQUES (hors irrigation, hors énergie)",4B,Industrie hors agro-alim,CONT,-67.48929195844705,1.3311940136556674E-4,1,MES,0,Non qualifié,1,Correcte,31/12/1899,,F,,2001,,20010300,,non,,,,,,,
2022,OPR0000276791,Source Rivière Roche -EARL LES SERRES DE PREVILLE 07203740,,ODP-0351,OEMAR,972,97215,MACOUBA,97215,,31/12/2021,30/12/2022,4515,IND,"INDUSTRIE et ACTIVITES ECONOMIQUES (hors irrigation, hors énergie)",3,AGRICULTURE-ELEVAGE (hors irrigation),SOUT,-67.4892916708457,1.3390741466798257E-4,1,EST,1,Contrôlé Niveau 1,1,Correcte,31/12/1899,,P,,,,,,non,,,,972AC05,Andésites de l'édifice initial du Mont Conil,,
2022,OPR0000276765,Rivière Saint Pierre - Habitation PERINELLE,,ODP-0023,OEMAR,972,97225,SAINT-PIERRE,97225,,31/12/2021,30/12/2022,4377,IRR,IRRIGATION,2,IRRIGATION,CONT,-67.48929196760315,1.3311545088026767E-4,1,MES,1,Contrôlé Niveau 1,1,Correcte,31/12/1899,,P,,2001,,20010280,,non,,,,,,,
2022,OPR0000276775,Rivière du Galion - Banane du Malgre tout Hangar,,ODP-0231,OEMAR,972,97230,TRINITE,97230,,31/12/2021,30/12/2022,4242,IND,"INDUSTRIE et ACTIVITES ECONOMIQUES (hors irrigation, hors énergie)",3,AGRICULTURE-ELEVAGE (hors irrigation),CONT,-67.48929011818981,1.326703543784929E-4,1,MES,1,Contrôlé Niveau 1,1,Correcte,31/12/1899,,P,,2224,,22240330,,non,,,,,,,
2022,OPR0000276757,Rivière Lézarde N°1,,ODP-A015,OEMAR,972,97213,LAMENTIN,97213,,31/12/2021,30/12/2022,3916,IRR,IRRIGATION,2,IRRIGATION,CONT,-67.48929023975424,1.3203838520835524E-4,1,MES,1,Contrôlé Niveau 1,1,Correcte,31/12/1899,,P,,2521,,25211480,,non,,,,,,,
2022,OPR0000276792,Source Rivière Roche -EARL LES SERRES DE PREVILLE 07751019,,ODP-A351,OEMAR,972,97215,MACOUBA,97215,,31/12/2021,30/12/2022,3778,IND,"INDUSTRIE et ACTIVITES ECONOMIQUES (hors irrigation, hors énergie)",3,AGRICULTURE-ELEVAGE (hors irrigation),SOUT,-67.4892916708457,1.3390741466798257E-4,1,EST,1,Contrôlé Niveau 1,1,Correcte,31/12/1899,,P,,,,,,non,,,,972AC05,Andésites de l'édifice initial du Mont Conil,,
2022,OPR0000276794,Source Rivière Roche -EARL LES SERRES DE PREVILLE 07751020,,ODP-C351,OEMAR,972,97215,MACOUBA,97215,,31/12/2021,30/12/2022,3777,IND,"INDUSTRIE et ACTIVITES ECONOMIQUES (hors irrigation, hors énergie)",3,AGRICULTURE-ELEVAGE (hors irrigation),SOUT,-67.4892916708457,1.3390741466798257E-4,1,EST,1,Contrôlé Niveau 1,1,Correcte,31/12/1899,,P,,,,,,non,,,,972AC05,Andésites de l'édifice initial du Mont Conil,,
2022,OPR0000276779,Rivière Bochette - UNION SARL,,ODP-B035,OEMAR,972,97213,LAMENTIN,97213,,31/12/2021,30/12/2022,3767,IRR,IRRIGATION,2,IRRIGATION,CONT,-67.48929020327321,1.319432669494022E-4,1,MES,1,Contrôlé Niveau 1,1,Correcte,31/12/1899,,P,,2523,,25230130,,non,,,,,,,
2022,OPR0000276815,Rivière Trinité - BANANDES DU GALION Hangar,,ODP-B029,OEMAR,972,97230,TRINITE,97230,,31/12/2021,30/12/2022,3644,IND,"INDUSTRIE et ACTIVITES ECONOMIQUES (hors irrigation, hors énergie)",3,AGRICULTURE-ELEVAGE (hors irrigation),CONT,-67.48928996155084,1.3270570131433218E-4,1,MES,1,Contrôlé Niveau 1,1,Correcte,31/12/1899,,P,,2225,,22251790,,non,,,,,,,
2022,OPR0000276781,Petite rivière Lézarde - UNION SARL,,ODP-0244,OEMAR,972,97213,LAMENTIN,97213,,31/12/2021,30/12/2022,2891,IRR,IRRIGATION,2,IRRIGATION,CONT,-67.48929014928184,1.3188184505625534E-4,1,MES,1,Contrôlé Niveau 1,1,Correcte,31/12/1899,,P,,2523,,25330750,,non,,,,,,,
2022,OPR0000276758,Rivière Lézarde N°2,,ODP-B015,OEMAR,972,97213,LAMENTIN,97213,,31/12/2021,30/12/2022,2216,IND,"INDUSTRIE et ACTIVITES ECONOMIQUES (hors irrigation, hors énergie)",3,AGRICULTURE-ELEVAGE (hors irrigation),CONT,-67.48929034134922,1.3225934169185753E-4,1,EST,1,Contrôlé Niveau 1,1,Correcte,31/12/1899,,P,,2521,,25211480,,non,,,,,,,
2022,OPR0000276759,Rivière Lézarde Hangar,,ODP-C015,OEMAR,972,97213,LAMENTIN,97213,,31/12/2021,30/12/2022,1645,IND,"INDUSTRIE et ACTIVITES ECONOMIQUES (hors irrigation, hors énergie)",3,AGRICULTURE-ELEVAGE (hors irrigation),CONT,-67.48929034490592,1.3221315350250818E-4,1,MES,1,Contrôlé Niveau 1,1,Correcte,31/12/1899,,P,,2521,,25211480,,non,,,,,,,
2022,OPR0000276761,Rivière Lézarde - Habitation BOCHET,,ODP-B110,OEMAR,972,97213,LAMENTIN,97213,,31/12/2021,30/12/2022,1577,IRR,IRRIGATION,2,IRRIGATION,CONT,-67.4892903333757,1.321636461881144E-4,1,MES,1,Contrôlé Niveau 1,1,Correcte,31/12/1899,,P,,2521,,25211480,,non,,,,,,,
2022,OPR0000276793,Source Rivière Roche -EARL LES SERRES DE PREVILLE 196553,,ODP-B351,OEMAR,972,97215,MACOUBA,97215,,31/12/2021,30/12/2022,1387,IND,"INDUSTRIE et ACTIVITES ECONOMIQUES (hors irrigation, hors énergie)",3,AGRICULTURE-ELEVAGE (hors irrigation),SOUT,-67.4892916708457,1.3390741466798257E-4,1,EST,1,Contrôlé Niveau 1,1,Correcte,31/12/1899,,P,,,,,,non,,,,972AC05,Andésites de l'édifice initial du Mont Conil,,
2022,OPR0000276771,Rivière Lézarde SARl PETIT MORNE  P0,,ODP-0118,OEMAR,972,97213,LAMENTIN,97213,,31/12/2021,30/12/2022,1090,IND,"INDUSTRIE et ACTIVITES ECONOMIQUES (hors irrigation, hors énergie)",3,AGRICULTURE-ELEVAGE (hors irrigation),CONT,-67.4892902178853,1.3180601920849248E-4,1,MES,1,Contrôlé Niveau 1,1,Correcte,31/12/1899,,P,,2541,,25411480,,non,,,,,,,
2022,OPR0000276820,Source du Mont Vert -  ASA MONT VERT Hangar,,ODP-B088,OEMAR,972,97222,ROBERT,97222,,31/12/2021,30/12/2022,1039,IND,"INDUSTRIE et ACTIVITES ECONOMIQUES (hors irrigation, hors énergie)",3,AGRICULTURE-ELEVAGE (hors irrigation),CONT,-67.4892900128052,1.3251734982182542E-4,1,MES,1,Contrôlé Niveau 1,1,Correcte,31/12/1899,,P,,2226,,22260280,,non,,,,,,,
2022,OPR0000276786,Rivière La Manche - EARL RIVIERE LA MANCHE Hangar,,ODP-B104,OEMAR,972,97207,DUCOS,97207,,31/12/2021,30/12/2022,984,IND,"INDUSTRIE et ACTIVITES ECONOMIQUES (hors irrigation, hors énergie)",3,AGRICULTURE-ELEVAGE (hors irrigation),CONT,-67.48929002487272,1.3120946013826462E-4,1,EST,1,Contrôlé Niveau 1,1,Correcte,31/12/1899,,P,,2803,,28030650,,non,,,,,,,
2022,OPR0000276795,Source Rivière Roche -EARL LES SERRES DE PREVILLE 07751018,,ODP-D351,OEMAR,972,97215,MACOUBA,97215,,31/12/2021,30/12/2022,877,IND,"INDUSTRIE et ACTIVITES ECONOMIQUES (hors irrigation, hors énergie)",3,AGRICULTURE-ELEVAGE (hors irrigation),SOUT,-67.4892916708457,1.3390741466798257E-4,1,EST,1,Contrôlé Niveau 1,1,Correcte,31/12/1899,,P,,,,,,non,,,,972AC05,Andésites de l'édifice initial du Mont Conil,,
2022,OPR0000276800,Rivière LA DIGUE,,ODP-C097,OEMAR,972,97225,SAINT-PIERRE,97225,,31/12/2021,30/12/2022,0,IND,"INDUSTRIE et ACTIVITES ECONOMIQUES (hors irrigation, hors énergie)",4B,Industrie hors agro-alim,CONT,-67.48929195844705,1.3311940136556674E-4,1,MES,0,Non qualifié,1,Correcte,31/12/1899,,F,,2001,,20010300,,non,,,,,,,
2022,OPR0000276804,Rivière pilote,,ODP-0230,OEMAR,972,97220,RIVIERE-PILOTE,97220,,31/12/2021,30/12/2022,0,IND,"INDUSTRIE et ACTIVITES ECONOMIQUES (hors irrigation, hors énergie)",4A,Agro-alimentaire,CONT,-67.48928955077186,1.3085083207311541E-4,1,MES,0,Non qualifié,1,Correcte,31/12/1899,,F,,2812,,28120420,,non,,,,,,,
2022,OPR0000276774,Rivière du Galion - Banane du Malgre tout,,ODP-0030,OEMAR,972,97230,TRINITE,97230,,31/12/2021,30/12/2022,0,IRR,IRRIGATION,2,IRRIGATION,CONT,-67.48929006618289,1.3271169015620086E-4,1,MES,1,Contrôlé Niveau 1,1,Correcte,31/12/1899,,P,,2223,,22231010,,non,,,,,,,
2022,OPR0000276717,Essente,,ODP-0275,OEMAR,972,97218,MORNE-ROUGE,97218,,31/12/2021,30/12/2022,0,AEP,EAU POTABLE,5,AEP,CONT,-61.12185325461485,14.769544323206384,5,MES,1,Contrôlé Niveau 1,1,Correcte,31/12/1899,,P,,2328,,23280320,,non,,,,,,,
2022,OPR0000276768,Rivière Lézarde SARl PETIT MORNE  P1,,ODP-0246,OEMAR,972,97213,LAMENTIN,97213,,31/12/2021,30/12/2022,0,IRR,IRRIGATION,2,IRRIGATION,CONT,-67.48929020849629,1.3184316097179013E-4,1,MES,1,Contrôlé Niveau 1,1,Correcte,31/12/1899,,P,,2541,,25411480,,non,,,,,,,
2022,OPR0000591074,Source Potiche,,ODP-0360,OEMAR,972,97215,MACOUBA,97215,,31/12/2021,30/12/2022,0,AEP,EAU POTABLE,5,AEP,SOUT,-61.15284944092275,14.847460844106994,5,MES,1,Contrôlé Niveau 1,1,Correcte,31/12/1899,,P,1166ZZ0020,,,,,non,,,,,,,
2022,OPR0000276788,Source Affluent Rivière du Galion - SARL BAGATELLE,,ODP-0232,OEMAR,972,97212,GROS-MORNE,97212,,31/12/2021,30/12/2022,0,IND,"INDUSTRIE et ACTIVITES ECONOMIQUES (hors irrigation, hors énergie)",3,AGRICULTURE-ELEVAGE (hors irrigation),SOUT,-67.4892902322109,1.327719665689061E-4,1,EST,1,Contrôlé Niveau 1,1,Correcte,31/12/1899,,P,,,,,,non,,,,972AG17,Laves de Vert Pré et du François,,
2022,OPR0000276810,Rivière Dumauzé SEMDD,,ODP-0111,OEMAR,972,97209,FORT-DE-FRANCE,97209,,31/12/2021,30/12/2022,0,IND,"INDUSTRIE et ACTIVITES ECONOMIQUES (hors irrigation, hors énergie)",8,EMBOUTEILLAGE,CONT,-67.4892912149045,1.322393275526534E-4,1,MES,0,Non qualifié,1,Correcte,31/12/1899,,F,,2301,,23010580,,non,,,,,,,
2022,OPR0000276817,Rivière lézarde,,ODP-0031,OEMAR,972,97213,LAMENTIN,97213,,31/12/2021,30/12/2022,0,IRR,IRRIGATION,2,IRRIGATION,CONT,-67.48929034490592,1.3221315350250818E-4,1,MES,1,Contrôlé Niveau 1,1,Correcte,31/12/1899,,P,,2521,,25211480,,non,,,,,,,
2022,OPR0000276773,Rivière Trinité - BANANDES DU GALION,,ODP-A029,OEMAR,972,97230,TRINITE,97230,,31/12/2021,30/12/2022,0,IRR,IRRIGATION,2,IRRIGATION,CONT,-67.48928996023388,1.327068738325452E-4,1,MES,1,Contrôlé Niveau 1,1,Correcte,31/12/1899,,P,,2225,,22251790,,non,,,,,,,
2022,OPR0000276802,Rivière pilote,,ODP-0228,OEMAR,972,97220,RIVIERE-PILOTE,97220,,31/12/2021,30/12/2022,0,IND,"INDUSTRIE et ACTIVITES ECONOMIQUES (hors irrigation, hors énergie)",4A,Agro-alimentaire,CONT,-67.48928955077186,1.3085083207311541E-4,1,MES,0,Non qualifié,1,Correcte,31/12/1899,,F,,2812,,28120420,,non,,,,,,,
2022,OPR0000276732,Pécoul FR1 bis,,ODP-0255,OEMAR,972,97225,SAINT-PIERRE,97225,,31/12/2021,30/12/2022,0,AEP,EAU POTABLE,5,AEP,SOUT,-61.17749932058234,14.771613979598781,5,MES,1,Contrôlé Niveau 1,1,Correcte,31/12/1899,,P,1167ZZ0042,,,,,non,,,,972AF07,Hyaloclastites du Morne Jacob,,
2022,OPR0000276785,Rivière La Manche - EARL RIVIERE LA MANCHE,,ODP-0104,OEMAR,972,97207,DUCOS,97207,,31/12/2021,30/12/2022,0,IRR,IRRIGATION,2,IRRIGATION,CONT,-67.48929007264208,1.3136318625508238E-4,1,MES,1,Contrôlé Niveau 1,1,Correcte,31/12/1899,,P,,2808,,28080350,,non,,,,,,,
2022,OPR0000276809,Rivière du Cabet Aqualand,,ODP-0109,OEMAR,972,97204,CARBET,97204,,31/12/2021,30/12/2022,0,IND,"INDUSTRIE et ACTIVITES ECONOMIQUES (hors irrigation, hors énergie)",7,LOISIRS,CONT,-67.48929182736802,1.3273159558110825E-4,1,MES,0,Non qualifié,1,Correcte,31/12/1899,,F,,2322,,23221600,,non,,,,,,,
2022,OPR0000276750,Rivière Poquet (prise basse Etan / Eyma),,ODP-0005,OEMAR,972,97203,BASSE-POINTE,97203,,31/12/2021,30/12/2022,0,IRR,IRRIGATION,2,IRRIGATION,CONT,-67.48929145919853,1.33847011992915E-4,1,EST,1,Contrôlé Niveau 1,1,Correcte,31/12/1899,,P,,2106,,21060400,,non,,,,,,,
2022,OPR0000276796,Rivière Longvilliers Pont 1,,ODP-0095,OEMAR,972,97213,LAMENTIN,97213,,31/12/2021,30/12/2022,0,IND,"INDUSTRIE et ACTIVITES ECONOMIQUES (hors irrigation, hors énergie)",4B,Industrie hors agro-alim,CONT,-67.4892903996901,1.319086054785453E-4,1,MES,0,Non qualifié,1,Correcte,31/12/1899,,F,,2402,,24020520,,non,,,,,,,
2022,OPR0000276748,Rivière Falaise bois neuf,,ODP-0352,OEMAR,972,97203,BASSE-POINTE,97203,,31/12/2021,30/12/2022,0,IRR,IRRIGATION,2,IRRIGATION,CONT,-67.48929139605553,1.33751370615731E-4,1,EST,1,Contrôlé Niveau 1,1,Correcte,31/12/1899,,P,,2117,,21170290,,non,,,,,,,
2022,OPR0000493764,Rivière Blanche - SIBAN Station GT,,ODP-0356,OEMAR,972,97224,SAINT-JOSEPH,97224,,31/12/2021,30/12/2022,0,IRR,IRRIGATION,2,IRRIGATION,CONT,-67.48929052525939,1.3235337759957534E-4,1,MES,1,Contrôlé Niveau 1,1,Correcte,31/12/1899,,P,,2514,,25141080,,non,,,,,,,
2022,OPR0000276790,Rivière Lézarde - SARL LITTLE Hangar,,ODP-B233,OEMAR,972,97224,SAINT-JOSEPH,97224,,31/12/2021,30/12/2022,0,IND,"INDUSTRIE et ACTIVITES ECONOMIQUES (hors irrigation, hors énergie)",3,AGRICULTURE-ELEVAGE (hors irrigation),CONT,-67.48929035530733,1.3231690330233194E-4,1,EST,1,Contrôlé Niveau 1,1,Correcte,31/12/1899,,P,,2521,,25211480,,non,,,,,,,
2022,OPR0000276789,Rivière Lézarde - SARL LITTLE,,ODP-0233,OEMAR,972,97224,SAINT-JOSEPH,97224,,31/12/2021,30/12/2022,0,IRR,IRRIGATION,2,IRRIGATION,CONT,-67.48929039233485,1.3232558894792881E-4,1,MES,1,Contrôlé Niveau 1,1,Correcte,31/12/1899,,P,,2514,,25141080,,non,,,,,,,
2022,OPR0000276754,Parcelle CAFE 8,,ODP-B096,OEMAR,972,97228,SAINTE-MARIE,97228,,31/12/2021,30/12/2022,0,IND,"INDUSTRIE et ACTIVITES ECONOMIQUES (hors irrigation, hors énergie)",3,AGRICULTURE-ELEVAGE (hors irrigation),CONT,-67.48929038907394,1.3318860727219733E-4,1,MES,1,Contrôlé Niveau 1,1,Correcte,31/12/1899,,P,,2212,,22121360,,non,,,,,,,
2022,OPR0000276766,Rivière Calave - Jardin château Gaillard,,ODP-0116,OEMAR,972,97218,MORNE-ROUGE,97218,,31/12/2021,30/12/2022,0,IRR,IRRIGATION,2,IRRIGATION,CONT,-67.4892916093869,1.3313941540947123E-4,1,MES,1,Contrôlé Niveau 1,1,Correcte,31/12/1899,,P,,2327,,23270130,,non,,,,,,,
2022,OPR0000276753,Parcelle 3 Mornes,,ODP-A096,OEMAR,972,97228,SAINTE-MARIE,97228,,31/12/2021,30/12/2022,0,IRR,IRRIGATION,2,IRRIGATION,CONT,-67.48929038907394,1.3318860727219733E-4,1,MES,1,Contrôlé Niveau 1,1,Correcte,31/12/1899,,P,,2212,,22121360,,non,,,,,,,
2022,OPR0000276767,Rivière Morne Rouge - Jardiniers du nord,,ODP-0025,OEMAR,972,97213,LAMENTIN,97213,,31/12/2021,30/12/2022,0,IRR,IRRIGATION,2,IRRIGATION,CONT,-67.48929128017986,1.3314620705479614E-4,1,EST,1,Contrôlé Niveau 1,1,Correcte,31/12/1899,,P,,2112,,21120552,,non,,,,,,,
2022,OPR0000276756,Parcelle Abricot 2,,ODP-B011,OEMAR,972,97228,SAINTE-MARIE,97228,,31/12/2021,30/12/2022,0,IRR,IRRIGATION,2,IRRIGATION,CONT,-67.4892904774812,1.3297818537698683E-4,1,MES,1,Contrôlé Niveau 1,1,Correcte,31/12/1899,,P,,2221,,22211740,,non,,,,,,,
2022,OPR0000276755,Parcelle Savane,,ODP-A011,OEMAR,972,97228,SAINTE-MARIE,97228,,31/12/2021,30/12/2022,0,IRR,IRRIGATION,2,IRRIGATION,CONT,-67.4892904774812,1.3297818537698683E-4,1,MES,1,Contrôlé Niveau 1,1,Correcte,31/12/1899,,P,,2221,,22211740,,non,,,,,,,
2022,OPR0000276784,Rivière Roche - SCEA PREVILLE,,ODP-0071,OEMAR,972,97215,MACOUBA,97215,,31/12/2021,30/12/2022,0,IND,"INDUSTRIE et ACTIVITES ECONOMIQUES (hors irrigation, hors énergie)",3,AGRICULTURE-ELEVAGE (hors irrigation),CONT,-67.48929161530896,1.3402672289129818E-4,1,EST,1,Contrôlé Niveau 1,1,Correcte,31/12/1899,,P,,2104,,21040210,,non,,,,,,,
2022,OPR0000276783,Rivière Trinité - EARL HORTICOLE,,ODP-0046,OEMAR,972,97230,TRINITE,97230,,31/12/2021,30/12/2022,0,IRR,IRRIGATION,2,IRRIGATION,CONT,-67.48929037976549,1.3296985149794874E-4,1,EST,1,Contrôlé Niveau 1,1,Correcte,31/12/1899,,P,,2221,,22211790,,non,,,,,,,
2022,OPR0000276731,Pécoul FR8,,ODP-0254,OEMAR,972,97225,SAINT-PIERRE,97225,,31/12/2021,30/12/2022,0,AEP,EAU POTABLE,5,AEP,SOUT,-61.17749932058234,14.771613979598781,5,MES,1,Contrôlé Niveau 1,1,Correcte,31/12/1899,,P,1167ZZ0066/FR8,,,,,non,,,,972AF07,Hyaloclastites du Morne Jacob,,
2022,OPR0000276723,Louison,,ODP-0263,OEMAR,972,97203,BASSE-POINTE,97203,,31/12/2021,30/12/2022,0,AEP,EAU POTABLE,5,AEP,SOUT,-61.11736704916713,14.840926344506983,5,MES,1,Contrôlé Niveau 1,1,Correcte,31/12/1899,,P,1168ZZ0049,,,,,non,,,,972AC05,Andésites de l'édifice initial du Mont Conil,,
2022,OPR0000276724,Marc Cécile,,ODP-0267,OEMAR,972,97201,AJOUPA-BOUILLON,97201,,31/12/2021,30/12/2022,0,AEP,EAU POTABLE,5,AEP,SOUT,-61.118605348598635,14.815980150865826,5,MES,1,Contrôlé Niveau 1,1,Correcte,31/12/1899,,P,1168ZZ0047,,,,,non,,,,972AF01,Formations des andésites,,
