code_steu;nom_steu;nature_steu;code_sandre_nature_steu;commune_implantation;code_insee_commune;maitre_ouvrage;exploitant;epci_normalise;latitude_wgs84;longitude_wgs84;date_mise_service;date_mise_hors_service;source_file;first_seen_year;last_seen_year
080000197202;LES ANSES-D'ARLET - BOURG;Urbain;1;Les Anses-d'Arlet;97202;Communauté d'Agglomération de l'Espace Sud de Martinique;SOCIETE MARTINIQUAISE DES EAUX;CAESM;14.4956988;-61.0781472;1996-01-01;;export-as-telechargement(2).csv;2022;2022
080000297202;LES ANSES-D'ARLET - ANSE DUFOUR;Urbain;1;Les Anses-d'Arlet;97202;Communauté d'Agglomération de l'Espace Sud de Martinique;SOCIETE MARTINIQUAISE DES EAUX;CAESM;14.5266495;-61.089031;2014-03-01;;export-as-telechargement(2).csv;2022;2022
080000197203;BASSE-POINTE - HACKAERT;Urbain;1;Basse-Pointe;97203;Communauté d'Agglomération du Pays Nord Martinique;SOC EAUX ET ASSAINISSEMENT;CAP Nord;14.8683357;-61.125695;1994-01-01;;export-as-telechargement(2).csv;2022;2022
080000297203;BASSE-POINTE - MADELONNETTE;Urbain;1;Basse-Pointe;97203;Communauté d'Agglomération du Pays Nord Martinique;SOC EAUX ET ASSAINISSEMENT;CAP Nord;14.8361616;-61.1210207;2000-03-08;;export-as-telechargement(2).csv;2022;2022
080000197234;BELLEFONTAINE - FOND LAILLET/CHEVAL BLANC/BOURG;Urbain;1;Bellefontaine;97234;Communauté d'Agglomération du Pays Nord Martinique;SOCIETE MARTINIQUAISE DES EAUX;CAP Nord;14.6665533;-61.1572878;1982-12-31;;export-as-telechargement(2).csv;2022;2022
080000197204;LE CARBET - BOURG;Urbain;1;Le Carbet;97204;Communauté d'Agglomération du Pays Nord Martinique;SOCIETE MARTINIQUAISE DES EAUX;CAP Nord;14.7095195;-61.1781813;2007-01-01;;export-as-telechargement(2).csv;2022;2022
080000297204;LE CARBET - BOUT BOIS;Urbain;1;Le Carbet;97204;Communauté d'Agglomération du Pays Nord Martinique;SOCIETE MARTINIQUAISE DES EAUX;CAP Nord;14.7247785;-61.1615074;1990-01-01;;export-as-telechargement(2).csv;2022;2022
080000197205;CASE-PILOTE - MANIBA;Urbain;1;Case-Pilote;97205;Communauté d'Agglomération du Pays Nord Martinique;SOCIETE MARTINIQUAISE DES EAUX;CAP Nord;14.6452191;-61.1383726;2001-01-01;;export-as-telechargement(2).csv;2022;2022
080000297205;CASE-PILOTE - BATISOLEIL;Urbain;1;Case-Pilote;97205;Communauté d'Agglomération du Pays Nord Martinique;SOCIETE MARTINIQUAISE DES EAUX;CAP Nord;14.6574983;-61.1493804;1990-01-01;;export-as-telechargement(2).csv;2022;2022
080000697205;CASE-PILOTE - CGOSH;Privé;4;Case-Pilote;97205;COMITE GESTION OEUVRES SOCIALES HOSPIT;SOC EAUX ET ASSAINISSEMENT;Non déterminé;14.6357588;-61.1306928;2000-01-28;;export-as-telechargement(2).csv;2022;2022
080000397205;CASE-PILOTE - VETIVER;Privé;4;Case-Pilote;97205;CAISSE MUTUELLE COMPL ACTION SOCIALE EDF;SOCIETE MARTINIQUAISE DES EAUX;Non déterminé;14.6343218;-61.1318187;2000-01-01;;export-as-telechargement(2).csv;2022;2022
080000297206;LE DIAMANT - DIZAC;Urbain;1;Le Diamant;97206;Communauté d'Agglomération de l'Espace Sud de Martinique;SOCIETE MARTINIQUAISE DES EAUX;CAESM;14.4770825;-61.0387876;2006-01-01;;export-as-telechargement(2).csv;2022;2022
080000497206;LE DIAMANT - O'MULLANE;Urbain;1;Le Diamant;97206;Communauté d'Agglomération de l'Espace Sud de Martinique;SOCIETE MARTINIQUAISE DES EAUX;CAESM;14.48243;-61.0030787;1990-01-01;;export-as-telechargement(2).csv;2022;2022
080000797206;LE DIAMANT - TAUPINIERE;Urbain;1;Le Diamant;97206;Communauté d'Agglomération de l'Espace Sud de Martinique;SOCIETE MARTINIQUAISE DES EAUX;CAESM;14.4857765;-60.9928093;2014-10-22;;export-as-telechargement(2).csv;2022;2022
080000397207;DUCOS - CANAL COCOTE;Urbain;1;Ducos;97207;Communauté d'Agglomération de l'Espace Sud de Martinique;SOCIETE MARTINIQUAISE DES EAUX;CAESM;14.5636355;-60.9937025;2018-01-01;;export-as-telechargement(2).csv;2022;2022
080000197207;DUCOS - PAYS NOYE;Urbain;1;Ducos;97207;Communauté d'Agglomération de l'Espace Sud de Martinique;SOCIETE MARTINIQUAISE DES EAUX;CAESM;14.5820751;-60.9795802;1991-01-01;;export-as-telechargement(2).csv;2022;2022
080000297207;DUCOS - GRANDE SAVANE;Urbain;1;Ducos;97207;Communauté d'Agglomération de l'Espace Sud de Martinique;SOCIETE MARTINIQUAISE DES EAUX;CAESM;14.5763129;-60.9570767;1988-12-31;;export-as-telechargement(2).csv;2022;2022
080002097207;DUCOS - VALLON DU BAC;Privé;4;Ducos;97207;;SOC EAUX ET ASSAINISSEMENT;Non déterminé;14.5876578;-60.976226;2015-01-01;;export-as-telechargement(2).csv;2022;2022
080000197208;FONDS-SAINT-DENIS - LACROIX;Urbain;1;Fonds-Saint-Denis;97208;Communauté d'Agglomération du Pays Nord Martinique;SOCIETE MARTINIQUAISE DES EAUX;CAP Nord;14.7396739;-61.1368853;1990-01-01;;export-as-telechargement(2).csv;2022;2022
080003297209;FORT-DE-FRANCE - CHARMILLES;Urbain;1;Fort-de-France;97209;ODYSSI;ODYSSI;CACEM;14.6448803;-61.050651;2018-01-01;;export-as-telechargement(2).csv;2022;2022
080000797209;FORT-DE-FRANCE - CHP COLSON;Privé;4;Fort-de-France;97209;CENTRE HOSPITALIER SPECIALISE MAURICE DESPINOY;SOGEA MARTINIQUE;Non déterminé;14.6849176;-61.088053;1980-04-05;;export-as-telechargement(2).csv;2022;2022
080001097209;FORT-DE-FRANCE - AMEP;Privé;4;Fort-de-France;97209;ASS MARTINIQUAISE EDUCATION POPULAIRE;SOC EAUX ET ASSAINISSEMENT;Non déterminé;14.6292668;-61.057425;1990-06-04;;export-as-telechargement(2).csv;2022;2022
080007897209;FORT-DE-FRANCE - CROSSMA;Privé;4;Fort-de-France;97209;SPECIAL OLYMPICS MARTINIQUE;SOC EAUX ET ASSAINISSEMENT;Non déterminé;14.5998654;-61.0842428;2000-01-01;;export-as-telechargement(2).csv;2022;2022
080000197209;FORT-DE-FRANCE - DILLON 1;Urbain;1;Fort-de-France;97209;COMMUNAUTE D AGGLOMERATION DU CENTRE DE LA MARTINIQUE;ODYSSI;CACEM;14.5993116;-61.0490394;1990-12-31;;export-as-telechargement(2).csv;2022;2022
080000297209;FORT-DE-FRANCE - DILLON 2;Urbain;1;Fort-de-France;97209;COMMUNAUTE D AGGLOMERATION DU CENTRE DE LA MARTINIQUE;ODYSSI;CACEM;14.5989987;-61.0494411;1999-12-31;;export-as-telechargement(2).csv;2022;2022
080000497209;FORT-DE-FRANCE - GODISSARD;Urbain;1;Fort-de-France;97209;COMMUNAUTE D AGGLOMERATION DU CENTRE DE LA MARTINIQUE;ODYSSI;CACEM;14.6327003;-61.0660357;1981-12-31;;export-as-telechargement(2).csv;2022;2022
080006197209;FORT-DE-FRANCE - LES TERRASSES DE BALATA;Urbain;1;Fort-de-France;97209;COMMUNAUTE D AGGLOMERATION DU CENTRE DE LA MARTINIQUE;ODYSSI;CACEM;14.6552526;-61.0852103;2021-01-01;;export-as-telechargement(2).csv;2022;2022
080000497213;FORT-DE-FRANCE - LONG PRE;Urbain;1;Le Lamentin;97213;COMMUNAUTE D AGGLOMERATION DU CENTRE DE LA MARTINIQUE;ODYSSI;CACEM;14.6296031;-61.0052624;1975-01-01;;export-as-telechargement(2).csv;2022;2022
080002897209;FORT-DE-FRANCE - LOTISSEMENT LES EVERGLADES;Privé;4;Fort-de-France;97209;;SOC EAUX ET ASSAINISSEMENT;Non déterminé;14.6410928;-61.0451434;1990-06-04;;export-as-telechargement(2).csv;2022;2022
080008397209;FORT-DE-FRANCE - LOTISSEMENT MODESTE;Urbain;1;Fort-de-France;97209;COMMUNAUTE D AGGLOMERATION DU CENTRE DE LA MARTINIQUE;ODYSSI;CACEM;14.6208053;-61.0755785;2018-01-01;;export-as-telechargement(2).csv;2022;2022
080000597209;FORT-DE-FRANCE - LUNETTE BOUILLEE;Urbain;1;Fort-de-France;97209;ODYSSI;ODYSSI;CACEM;14.624453;-61.0588502;1990-06-04;;export-as-telechargement(2).csv;2022;2022
080003597209;FORT-DE-FRANCE - PLATEAU TIBERGE;Privé;4;Fort-de-France;97209;ODYSSI;SOC EAUX ET ASSAINISSEMENT;CACEM;14.6398698;-61.058826;2007-01-01;;export-as-telechargement(2).csv;2022;2022
080000197229;FORT-DE-FRANCE - POINTE DES NEGRES;Urbain;1;Schœlcher;97229;COMMUNAUTE D AGGLOMERATION DU CENTRE DE LA MARTINIQUE;ODYSSI;CACEM;14.6012112;-61.08966;2001-12-31;;export-as-telechargement(2).csv;2022;2022
080004097209;FORT-DE-FRANCE - RESIDENCE DES ILES;Privé;4;Fort-de-France;97209;MAGPLUS IMMOBILIER;SOC EAUX ET ASSAINISSEMENT;Non déterminé;14.6351004;-61.0579955;1990-06-04;;export-as-telechargement(2).csv;2022;2022
080004297209;FORT-DE-FRANCE - RESIDENCE LAETITIA;Privé;4;Fort-de-France;97209;;;Non déterminé;14.6297267;-61.0779975;2000-01-01;;export-as-telechargement(2).csv;2022;2022
080003997209;FORT-DE-FRANCE - RESIDENCE LES CYCLADES;Privé;4;Fort-de-France;97209;MAGPLUS IMMOBILIER;SOC EAUX ET ASSAINISSEMENT;Non déterminé;14.6198926;-61.0755865;2022-12-20;;export-as-telechargement(2).csv;2022;2022
080004397209;FORT-DE-FRANCE - RESIDENCE LES GOYAVES;Privé;4;Fort-de-France;97209;;SOC EAUX ET ASSAINISSEMENT;Non déterminé;14.6133695;-61.077982;2015-01-01;;export-as-telechargement(2).csv;2022;2022
080008597209;FORT-DE-FRANCE - RESIDENCE MIMOSA;Privé;4;Fort-de-France;97209;SIMAR;SOC EAUX ET ASSAINISSEMENT;Non déterminé;14.6387922;-61.0705118;2011-01-01;;export-as-telechargement(2).csv;2022;2022
080005597209;FORT-DE-FRANCE - RESIDENCE ZAMANA;Privé;4;Fort-de-France;97209;SIMAR;SOC EAUX ET ASSAINISSEMENT;Non déterminé;14.6412337;-61.0695994;2010-12-31;;export-as-telechargement(2).csv;2022;2022
080001597213;LE LAMENTIN - BLANDIN;Privé;4;Le Lamentin;97213;ASSOC SYND DE COPROP LOT LES MANGLES;SOC EAUX ET ASSAINISSEMENT;Non déterminé;14.6158114;-61.0177855;2000-01-28;;export-as-telechargement(2).csv;2022;2022
080001797213;LE LAMENTIN - CONNEXION ZI LES MANGLES;Privé;4;Le Lamentin;97213;ASSOC SYND DE COPROP LOT LES MANGLES;SOC EAUX ET ASSAINISSEMENT;Non déterminé;14.616997;-61.0211808;2000-01-01;;export-as-telechargement(2).csv;2022;2022
080001997213;LE LAMENTIN - MULTIGROS;Privé;4;Le Lamentin;97213;;;Non déterminé;14.6185121;-61.0336311;2015-01-01;;export-as-telechargement(2).csv;2022;2022
080000897209;FORT-DE-FRANCE - LES MEYNARD;Urbain;1;Fort-de-France;97209;COMMUNAUTE D AGGLOMERATION DU CENTRE DE LA MARTINIQUE;ODYSSI;CACEM;14.6334651;-61.0407745;2022-01-01;;export-as-telechargement(2).csv;2022;2022
080000697209;FORT-DE-FRANCE - TIVOLI LA FONTANE;Urbain;1;Fort-de-France;97209;;;Non déterminé;14.6408602;-61.0725171;2022-01-01;;export-as-telechargement(2).csv;2022;2022
080000197210;LE FRANCOIS - POINTE COURCHET;Urbain;1;Le François;97210;Communauté d'Agglomération de l'Espace Sud de Martinique;SOCIETE MARTINIQUAISE DES EAUX;CAESM;14.6212821;-60.9045716;1998-01-01;;export-as-telechargement(2).csv;2022;2022
080000497210;LE FRANCOIS - CAP-EST;Privé;4;Le François;97210;;SOC EAUX ET ASSAINISSEMENT;Non déterminé;14.5878109;-60.851769;2000-01-28;;export-as-telechargement(2).csv;2022;2022
080000697210;LE FRANCOIS - MANSARDE RANCÉE;Urbain;1;Le François;97210;Communauté d'Agglomération de l'Espace Sud de Martinique;SOCIETE MARTINIQUAISE DES EAUX;CAESM;14.6476325;-60.9066695;2015-01-01;;export-as-telechargement(2).csv;2022;2022
080000197211;GRAND'RIVIERE - SAINTE CATHERINE;Urbain;1;Grand'Rivière;97211;Communauté d'Agglomération du Pays Nord Martinique;SOCIETE MARTINIQUAISE DES EAUX;CAP Nord;14.8729041;-61.1778765;2006-12-31;;export-as-telechargement(2).csv;2022;2022
080000297211;GRAND'RIVIERE - STADE GRAND RIVIÈRE;Urbain;1;Grand'Rivière;97211;Communauté d'Agglomération du Pays Nord Martinique;SOC EAUX ET ASSAINISSEMENT;CAP Nord;14.868485;-61.1756185;2009-01-01;;export-as-telechargement(2).csv;2022;2022
080000497212;GROS-MORNE - DENEL;Urbain;1;Gros-Morne;97212;Communauté d'Agglomération du Pays Nord Martinique;SOC EAUX ET ASSAINISSEMENT;CAP Nord;14.7205092;-60.9903069;2010-03-26;;export-as-telechargement(2).csv;2022;2022
080000297212;GROS-MORNE - COLLEGE LA FRAICHEUR;Privé;4;Gros-Morne;97212;;;Non déterminé;14.7132086;-60.9956287;2018-01-01;;export-as-telechargement(2).csv;2022;2022
080000297201;AJOUPA-BOUILLON - DESCHAMPS CITÉ GRENADE;Urbain;1;L'Ajoupa-Bouillon;97201;Communauté d'Agglomération du Pays Nord Martinique;SOC EAUX ET ASSAINISSEMENT;CAP Nord;14.8181331;-61.108942;2006-12-31;;export-as-telechargement(2).csv;2022;2022
080000497230;TRINITE - BELLEVUE;Urbain;1;La Trinité;97230;Communauté d'Agglomération du Pays Nord Martinique;SOC EAUX ET ASSAINISSEMENT;CAP Nord;14.7379605;-61.0103614;2000-03-08;;export-as-telechargement(2).csv;2022;2022
080000297230;TRINITE - TARTANE;Urbain;1;La Trinité;97230;Communauté d'Agglomération du Pays Nord Martinique;SOCIETE MARTINIQUAISE DES EAUX;CAP Nord;14.7599837;-60.9252011;2006-01-01;;export-as-telechargement(2).csv;2022;2022
080000297210;LE FRANCOIS - BONNY CHOPOTTE;Urbain;1;Le François;97210;Communauté d'Agglomération de l'Espace Sud de Martinique;SOCIETE MARTINIQUAISE DES EAUX;CAESM;14.6382146;-60.9205502;2012-12-31;;export-as-telechargement(2).csv;2022;2022
080000397210;LE FRANCOIS - CHOPOTTE;Privé;4;Le François;97210;Communauté d'Agglomération de l'Espace Sud de Martinique;ODYSSI;CAESM;14.6304491;-60.9222011;2012-12-31;;export-as-telechargement(2).csv;2022;2022
080000697213;LE LAMENTIN - CLUB NAUTIQUE;Urbain;1;Le Lamentin;97213;COMMUNAUTE D AGGLOMERATION DU CENTRE DE LA MARTINIQUE;ODYSSI;CACEM;14.6057197;-61.0201867;2022-01-01;;export-as-telechargement(2).csv;2022;2022
080000197213;LE LAMENTIN - GAIGNERON;Urbain;1;Le Lamentin;97213;COMMUNAUTE D AGGLOMERATION DU CENTRE DE LA MARTINIQUE;ODYSSI;CACEM;14.6090726;-60.9874909;2002-01-01;;export-as-telechargement(2).csv;2022;2022
080001297213;LE LAMENTIN - LYCEE CROIX RIVAIL;Privé;4;Le Lamentin;97213;REGION DE MARTINIQUE;SOCIETE MARTINIQUAISE DES EAUX;Non déterminé;14.609099;-60.9624348;1990-01-01;;export-as-telechargement(2).csv;2022;2022
089721300001HS;LE LAMENTIN - ZI JAMBETTE 2;Privé;4;Le Lamentin;97213;;;Non déterminé;14.6141766;-61.0360362;2022-01-01;;export-as-telechargement(2).csv;2022;2022
080000397213;LE LAMENTIN - PELLETIER DESIRADE;Urbain;1;Le Lamentin;97213;COMMUNAUTE D AGGLOMERATION DU CENTRE DE LA MARTINIQUE;ODYSSI;CACEM;14.6680579;-60.987881;2006-01-01;;export-as-telechargement(2).csv;2022;2022
080002297213;LE LAMENTIN - RESIDENCE SOROCA;Privé;4;Le Lamentin;97213;SIMAR;CAIALI;Non déterminé;14.6328941;-60.9637003;2018-01-01;;export-as-telechargement(2).csv;2022;2022
080000797213;LE LAMENTIN - ROCHES CARREES;Urbain;1;Le Lamentin;97213;ODYSSI;ODYSSI;CACEM;14.630831;-60.9644154;2017-01-01;;export-as-telechargement(2).csv;2022;2022
080000597213;LE LAMENTIN - SARRAULT;Urbain;1;Le Lamentin;97213;ODYSSI;ODYSSI;CACEM;14.6432248;-60.9670297;2018-01-01;;export-as-telechargement(2).csv;2022;2022
080002797213;LE LAMENTIN - ZI JAMBETTE;Urbain;1;Le Lamentin;97213;ODYSSI;ODYSSI;CACEM;14.6137463;-61.0364483;2022-01-01;;export-as-telechargement(2).csv;2022;2022
080000197216;MARIGOT - BOURG DU MARIGOT;Urbain;1;Le Marigot;97216;Communauté d'Agglomération du Pays Nord Martinique;SOC EAUX ET ASSAINISSEMENT;CAP Nord;14.8217825;-61.0322262;2006-01-01;;export-as-telechargement(2).csv;2022;2022
080000297217;LE MARIN - DUPREY;Urbain;1;Le Marin;97217;Communauté d'Agglomération de l'Espace Sud de Martinique;SOCIETE MARTINIQUAISE DES EAUX;CAESM;14.4602729;-60.8892955;1996-01-01;;export-as-telechargement(2).csv;2022;2022
080000397217;LE MARIN - SAINTE-ANNE;Urbain;1;Le Marin;97217;Communauté d'Agglomération de l'Espace Sud de Martinique;SOCIETE MARTINIQUAISE DES EAUX;CAESM;14.4698435;-60.8534833;2009-01-01;;export-as-telechargement(2).csv;2022;2022
080000997218;LE MORNE-ROUGE - CAT PETITE SAVANE;Urbain;1;Le Morne-Rouge;97218;Communauté d'Agglomération de l'Espace Sud de Martinique;SOCIETE MARTINIQUAISE DES EAUX;CAESM;14.7764687;-61.1273584;2020-01-01;;export-as-telechargement(2).csv;2022;2022
080000197218;LE MORNE-ROUGE - CHAZEAU-O-MULLANE;Urbain;1;Le Morne-Rouge;97218;Communauté d'Agglomération du Pays Nord Martinique;SOCIETE MARTINIQUAISE DES EAUX;CAP Nord;14.7860525;-61.1368338;1987-12-31;;export-as-telechargement(2).csv;2022;2022
080001597218;LE MORNE-ROUGE - RESIDENCE CHADEC;Privé;4;Le Morne-Rouge;97218;SIMAR;SOC EAUX ET ASSAINISSEMENT;Non déterminé;14.7779123;-61.1337639;2011-01-01;;export-as-telechargement(2).csv;2022;2022
080001097218;LE MORNE-ROUGE - HAUT BOURG;Urbain;1;Le Morne-Rouge;97218;Communauté d'Agglomération du Pays Nord Martinique;SOCIETE MARTINIQUAISE DES EAUX;CAP Nord;14.7798327;-61.1376856;2022-01-01;;export-as-telechargement(2).csv;2022;2022
080000497218;LE MORNE-ROUGE - PARNASSE;Urbain;1;Le Morne-Rouge;97218;Communauté d'Agglomération du Pays Nord Martinique;SOCIETE MARTINIQUAISE DES EAUX;CAP Nord;14.7560478;-61.14568;1996-12-31;;export-as-telechargement(2).csv;2022;2022
080000997219;PRECHEUR - ANSE BELLEVILLE;Urbain;1;Le Prêcheur;97219;Communauté d'Agglomération du Pays Nord Martinique;SOCIETE MARTINIQUAISE DES EAUX;CAP Nord;14.8167453;-61.2275737;1099-01-01;;export-as-telechargement(2).csv;2022;2022
080000697219;PRECHEUR - CITÉ COQUETTE;Urbain;1;Le Prêcheur;97219;Communauté d'Agglomération du Pays Nord Martinique;SOCIETE MARTINIQUAISE DES EAUX;CAP Nord;14.8023605;-61.2232689;1990-01-01;;export-as-telechargement(2).csv;2022;2022
080000397219;PRECHEUR - CITE LENNY SOLIDARITE;Urbain;1;Le Prêcheur;97219;Communauté d'Agglomération du Pays Nord Martinique;SOCIETE MARTINIQUAISE DES EAUX;CAP Nord;14.797065;-61.2209898;2001-01-01;;export-as-telechargement(2).csv;2022;2022
080000597219;PRECHEUR - LA PERLE;Urbain;1;Le Prêcheur;97219;Communauté d'Agglomération du Pays Nord Martinique;SOCIETE MARTINIQUAISE DES EAUX;CAP Nord;14.7999066;-61.2226573;2009-12-31;;export-as-telechargement(2).csv;2022;2022
080000897219;PRECHEUR - L'ECOLE;Urbain;1;Le Prêcheur;97219;Communauté d'Agglomération du Pays Nord Martinique;SOCIETE MARTINIQUAISE DES EAUX;CAP Nord;14.8012678;-61.2257209;1990-01-01;;export-as-telechargement(2).csv;2022;2022
080001197219;PRECHEUR - MORNE FOLIE;Urbain;1;Le Prêcheur;97219;Communauté d'Agglomération du Pays Nord Martinique;SOCIETE MARTINIQUAISE DES EAUX;CAP Nord;14.7887137;-61.2174074;2016-06-01;;export-as-telechargement(2).csv;2022;2022
080000197222;LE ROBERT - COURBARIL;Urbain;1;Le Robert;97222;Communauté d'Agglomération du Pays Nord Martinique;SOCIETE MARTINIQUAISE DES EAUX;CAP Nord;14.6737365;-60.9408684;1980-12-31;;export-as-telechargement(2).csv;2022;2022
080000397222;LE ROBERT - MOULIN A VENT;Urbain;1;Le Robert;97222;Communauté d'Agglomération du Pays Nord Martinique;SOCIETE MARTINIQUAISE DES EAUX;CAP Nord;14.6817775;-60.9478481;1991-12-31;;export-as-telechargement(2).csv;2022;2022
080000597222;LE ROBERT - POINTE LYNCH;Urbain;1;Le Robert;97222;Communauté d'Agglomération du Pays Nord Martinique;SOCIETE MARTINIQUAISE DES EAUX;CAP Nord;14.6825052;-60.9310858;1988-12-31;;export-as-telechargement(2).csv;2022;2022
080000297222;LE ROBERT - FOUR A CHAUX;Urbain;1;Le Robert;97222;Communauté d'Agglomération du Pays Nord Martinique;SOCIETE MARTINIQUAISE DES EAUX;CAP Nord;14.6544116;-60.9321387;2006-01-01;;export-as-telechargement(2).csv;2022;2022
080001397222;LE ROBERT - SARL CATALOGNE;Privé;4;Le Robert;97222;;;Non déterminé;14.6800734;-60.9523755;2018-01-01;;export-as-telechargement(2).csv;2022;2022
080001297222;LE ROBERT - RESIDENCE HELIA;Privé;4;Le Robert;97222;;;Non déterminé;14.6768517;-60.9477456;2015-01-01;;export-as-telechargement(2).csv;2022;2022
080000197214;LE LORRAIN - SOUS-BOIS (BOURG);Urbain;1;Le Lorrain;97214;Communauté d'Agglomération du Pays Nord Martinique;SOC EAUX ET ASSAINISSEMENT;CAP Nord;14.835728;-61.0622459;2006-01-01;;export-as-telechargement(2).csv;2022;2022
080000697214;LE LORRAIN - RESIDENCE CANNE A SUCRE;Privé;4;Le Lorrain;97214;SIMAR;COTRAM Assainissement;Non déterminé;14.8291648;-61.048054;2016-12-31;;export-as-telechargement(2).csv;2022;2022
080000497214;LE LORRAIN - RESIDENCE MACEDOINE;Privé;4;Le Lorrain;97214;SOCIETE OZANAM S.A HABIT LOYER MODERE;COTRAM Assainissement;Non déterminé;14.8142082;-61.0715593;2018-01-01;;export-as-telechargement(2).csv;2022;2022
080000297215;MACOUBA - CASE PAUL;Urbain;1;Macouba;97215;Communauté d'Agglomération du Pays Nord Martinique;SOC EAUX ET ASSAINISSEMENT;CAP Nord;14.8759488;-61.1439531;2015-01-01;;export-as-telechargement(2).csv;2022;2022
080000197215;MACOUBA - GUERIN;Urbain;1;Macouba;97215;Communauté d'Agglomération du Pays Nord Martinique;SOC EAUX ET ASSAINISSEMENT;CAP Nord;14.8767157;-61.1382133;2000-01-01;;export-as-telechargement(2).csv;2022;2022
080000597218;LE MORNE-ROUGE - ADAPEI CHAMPFLORE;Urbain;1;Le Morne-Rouge;97218;Communauté d'Agglomération du Pays Nord Martinique;SOCIETE MARTINIQUAISE DES EAUX;CAP Nord;14.7892797;-61.1369456;1990-01-01;;export-as-telechargement(2).csv;2022;2022
080000297218;LE MORNE-ROUGE - FOND ROSE;Urbain;1;Le Morne-Rouge;97218;Communauté d'Agglomération du Pays Nord Martinique;SOCIETE MARTINIQUAISE DES EAUX;CAP Nord;14.7729073;-61.1272682;1996-12-31;;export-as-telechargement(2).csv;2022;2022
080000397218;LE MORNE-ROUGE - GALETTE;Urbain;1;Le Morne-Rouge;97218;Communauté d'Agglomération du Pays Nord Martinique;SOCIETE MARTINIQUAISE DES EAUX;CAP Nord;14.7701054;-61.135038;1996-12-31;;export-as-telechargement(2).csv;2022;2022
080001197218;LE MORNE-ROUGE - CAMP CHAZEAU (CAP21);Urbain;1;Le Morne-Rouge;97218;Communauté d'Agglomération du Pays Nord Martinique;SOCIETE MARTINIQUAISE DES EAUX;CAP Nord;14.7887138;-61.1340246;2016-12-31;;export-as-telechargement(2).csv;2022;2022
080000197233;LE MORNE-VERT - LA VIGIE;Urbain;1;Le Morne-Vert;97233;Communauté d'Agglomération du Pays Nord Martinique;SOCIETE MARTINIQUAISE DES EAUX;CAP Nord;14.7024747;-61.1456781;2009-01-01;;export-as-telechargement(2).csv;2022;2022
080000897220;RIVIERE-PILOTE - RESIDENCE MALVINA ET LUMINA;Privé;4;Rivière-Pilote;97220;SIMAR;SO.TR.A.G. SOCIETE DE TRAVAUX ANTILLES;Non déterminé;14.5246181;-60.8830929;2018-01-01;;export-as-telechargement(2).csv;2022;2022
080000197220;RIVIERE-PILOTE - MANIKOU;Urbain;1;Rivière-Pilote;97220;Communauté d'Agglomération de l'Espace Sud de Martinique;SOCIETE MARTINIQUAISE DES EAUX;CAESM;14.480957;-60.9034471;2006-01-01;;export-as-telechargement(2).csv;2022;2022
080000397220;RIVIERE-PILOTE - MANIKOU 1;Privé;4;Rivière-Pilote;97220;SIMAR;SOC EAUX ET ASSAINISSEMENT;Non déterminé;14.4808859;-60.9035869;2000-05-24;;export-as-telechargement(2).csv;2022;2022
080000497220;RIVIERE-PILOTE - MANIKOU 2;Privé;4;Rivière-Pilote;97220;SIMAR;SOC EAUX ET ASSAINISSEMENT;Non déterminé;14.4797698;-60.9061014;2000-05-24;;export-as-telechargement(2).csv;2022;2022
080000597220;RIVIERE-PILOTE - MANIKOU_1;Urbain;1;Rivière-Pilote;97220;SIMAR;SOC EAUX ET ASSAINISSEMENT;Non déterminé;14.4808677;-60.9035685;2015-01-01;;export-as-telechargement(2).csv;2022;2022
080000197221;RIVIERE-SALEE - BOURG GRAND CASE;Urbain;1;Rivière-Salée;97221;Communauté d'Agglomération de l'Espace Sud de Martinique;SOCIETE MARTINIQUAISE DES EAUX;CAESM;14.5426635;-60.977156;1999-01-01;;export-as-telechargement(2).csv;2022;2022
080001697221;RIVIERE-SALEE - BOIS TI-BAUME;Privé;4;Rivière-Salée;97221;;SOC EAUX ET ASSAINISSEMENT;Non déterminé;14.5122343;-60.9590944;2010-01-28;;export-as-telechargement(2).csv;2022;2022
080000497221;RIVIERE-SALEE - RESIDENCE DESMARINIERES;Privé;4;Rivière-Salée;97221;SOCIETE OZANAM S.A HABIT LOYER MODERE;SOC EAUX ET ASSAINISSEMENT;Non déterminé;14.5093739;-60.9419885;2015-01-01;;export-as-telechargement(2).csv;2022;2022
080000297221;RIVIERE-SALEE - FOND MASSON;Urbain;1;Rivière-Salée;97221;Communauté d'Agglomération de l'Espace Sud de Martinique;SOCIETE MARTINIQUAISE DES EAUX;CAESM;14.5410514;-60.9373816;1990-01-01;;export-as-telechargement(2).csv;2022;2022
080000397221;RIVIERE-SALEE - KANEL;Urbain;1;Rivière-Salée;97221;Communauté d'Agglomération de l'Espace Sud de Martinique;SOCIETE MARTINIQUAISE DES EAUX;CAESM;14.5042606;-60.9638979;1990-01-01;;export-as-telechargement(2).csv;2022;2022
080001597221;RIVIERE-SALEE - RESIDENCE LES DIGUES;Privé;4;Rivière-Salée;97221;SIMAR;CAIALI;Non déterminé;14.5549641;-60.9524211;2018-01-01;;export-as-telechargement(2).csv;2022;2022
080000497222;LE ROBERT - VERT PRE;Urbain;1;Le Robert;97222;Communauté d'Agglomération du Pays Nord Martinique;SOCIETE MARTINIQUAISE DES EAUX;CAP Nord;14.687856;-60.9835875;2006-01-01;;export-as-telechargement(2).csv;2022;2022
080000197226;SAINTE-ANNE - BELFOND;Urbain;1;Sainte-Anne;97226;Communauté d'Agglomération de l'Espace Sud de Martinique;SOCIETE MARTINIQUAISE DES EAUX;CAESM;14.4456794;-60.8772305;2001-01-01;;export-as-telechargement(2).csv;2022;2022
080000397226;SAINTE ANNE - MAHOGANY;Privé;4;Sainte-Anne;97226;;SOCIETE MARTINIQUAISE DES EAUX;Non déterminé;14.4456974;-60.8384713;2000-01-01;;export-as-telechargement(2).csv;2022;2022
080000697226;SAINTE-ANNE - RESIDENCE SOLEIL LEVANT;Privé;4;Sainte-Anne;97226;;SOC EAUX ET ASSAINISSEMENT;Non déterminé;14.4471567;-60.8360092;2000-01-21;;export-as-telechargement(2).csv;2022;2022
080000197227;SAINTE-LUCE - GROS RAISIN;Urbain;1;Sainte-Luce;97227;Communauté d'Agglomération de l'Espace Sud de Martinique;SOCIETE MARTINIQUAISE DES EAUX;CAESM;14.4676544;-60.9349914;2001-01-01;;export-as-telechargement(2).csv;2022;2022
080000597227;SAINTE-LUCE - BELLEVUE LADOUR;Urbain;1;Sainte-Luce;97227;Communauté d'Agglomération de l'Espace Sud de Martinique;SOCIETE MARTINIQUAISE DES EAUX;CAESM;14.4770514;-60.9390037;1990-01-01;;export-as-telechargement(2).csv;2022;2022
080000397227;SAINTE-LUCE - LES COTEAUX;Urbain;1;Sainte-Luce;97227;Communauté d'Agglomération de l'Espace Sud de Martinique;SOCIETE MARTINIQUAISE DES EAUX;CAESM;14.4967561;-60.9770167;1992-12-31;;export-as-telechargement(2).csv;2022;2022
080000697227;SAINTE-LUCE - COLLEGE RAMA;Privé;4;Sainte-Luce;97227;FEDERAT EGLISE ADVENT 7E JOUR MARTINIQUE;SOC EAUX ET ASSAINISSEMENT;Non déterminé;14.4924141;-60.9556308;2000-01-01;;export-as-telechargement(2).csv;2022;2022
080000297228;SAINTE-MARIE - POINTE BENIE;Urbain;1;Sainte-Marie;97228;Communauté d'Agglomération du Pays Nord Martinique;SOC EAUX ET ASSAINISSEMENT;CAP Nord;14.7939653;-61.0004617;2007-12-31;;export-as-telechargement(2).csv;2022;2022
080001497228;SAINTE-MARIE - BON AIR;Urbain;1;Sainte-Marie;97228;Communauté d'Agglomération du Pays Nord Martinique;SOC EAUX ET ASSAINISSEMENT;CAP Nord;14.7443605;-61.0032554;2018-01-01;;export-as-telechargement(2).csv;2022;2022
080000797228;SAINTE-MARIE - CUISINE SCOLAIRE;Privé;4;Sainte-Marie;97228;DATEX MARTINIQUE;;Non déterminé;14.8048025;-61.0069942;2000-01-01;;export-as-telechargement(2).csv;2022;2022
080000397228;SAINTE-MARIE - RECULEE;Urbain;1;Sainte-Marie;97228;Communauté d'Agglomération du Pays Nord Martinique;SOC EAUX ET ASSAINISSEMENT;CAP Nord;14.7759561;-61.0320916;1992-01-01;;export-as-telechargement(2).csv;2022;2022
080000897228;SAINTE-MARIE - ROSE DES VENTS;Privé;4;Sainte-Marie;97228;;SOC EAUX ET ASSAINISSEMENT;Non déterminé;14.7601646;-60.9864978;2015-01-01;;export-as-telechargement(2).csv;2022;2022
080001097228;SAINTE-MARIE - SAINT PAUL;Privé;4;Sainte-Marie;97228;LA MARTINIQ HLM SA HABIT LOYER MODERE;SOC EAUX ET ASSAINISSEMENT;Non déterminé;14.7475419;-61.0117044;2015-01-21;;export-as-telechargement(2).csv;2022;2022
080000197223;SAINT-ESPRIT - PETIT FOND;Urbain;1;Saint-Esprit;97223;Communauté d'Agglomération de l'Espace Sud de Martinique;SOCIETE MARTINIQUAISE DES EAUX;CAESM;14.5562581;-60.9423245;2006-01-01;;export-as-telechargement(2).csv;2022;2022
080000497223;SAINT-ESPRIT - ZAC AVENIR;Privé;4;Saint-Esprit;97223;MSMG SYNDIC;SO.TR.A.G. SOCIETE DE TRAVAUX ANTILLES;Non déterminé;14.5581635;-60.9380762;2009-01-01;;export-as-telechargement(2).csv;2022;2022
080000297223;SAINT-ESPRIT - PETER MAILLET;Urbain;1;Saint-Esprit;97223;Communauté d'Agglomération de l'Espace Sud de Martinique;SOCIETE MARTINIQUAISE DES EAUX;CAESM;14.5565136;-60.917078;1990-01-01;;export-as-telechargement(2).csv;2022;2022
080000397223;SAINT-ESPRIT - REGALE;Urbain;1;Saint-Esprit;97223;Communauté d'Agglomération de l'Espace Sud de Martinique;SOCIETE MARTINIQUAISE DES EAUX;CAESM;14.5441511;-60.9149583;1990-01-01;;export-as-telechargement(2).csv;2022;2022
080000897223;SAINT-ESPRIT - RESIDENCE LES COULISSES;Privé;4;Saint-Esprit;97223;SIMAR;SOC EAUX ET ASSAINISSEMENT;Non déterminé;14.5620302;-60.908463;2012-01-01;;export-as-telechargement(2).csv;2022;2022
080000797224;SAINT-JOSEPH - BAMBOU-DUCHAMP;Urbain;1;Saint-Joseph;97224;ODYSSI;ODYSSI;CACEM;14.6547927;-61.0526797;2012-12-31;;export-as-telechargement(2).csv;2022;2022
080000897224;SAINT-JOSEPH - BELLE ETOILE;Urbain;1;Saint-Joseph;97224;ODYSSI;ODYSSI;CACEM;14.6699782;-61.0284566;2012-12-31;;export-as-telechargement(2).csv;2022;2022
080002497224;SAINT-JOSEPH - CHOCO CHOISY;Urbain;1;Saint-Joseph;97224;ODYSSI;ODYSSI;CACEM;14.6691951;-61.0203226;2016-06-12;;export-as-telechargement(2).csv;2022;2022
080000297224;SAINT-JOSEPH - CHOISY;Urbain;1;Saint-Joseph;97224;ODYSSI;ODYSSI;CACEM;14.6622841;-61.0120956;2013-01-01;;export-as-telechargement(2).csv;2022;2022
080001397224;SAINT-JOSEPH - GONDEAU MONTROSE;Urbain;1;Saint-Joseph;97224;ODYSSI;ODYSSI;CACEM;14.6494693;-61.0311369;2000-04-23;;export-as-telechargement(2).csv;2022;2022
080002197224;SAINT-JOSEPH - DOMINANTE OUEST;Privé;4;Saint-Joseph;97224;;;Non déterminé;14.6494512;-61.0322045;2014-01-01;;export-as-telechargement(2).csv;2022;2022
080001197224;SAINT-JOSEPH - LA CHAPPELLE;Privé;4;Saint-Joseph;97224;SOCIETE OZANAM S.A HABIT LOYER MODERE;;Non déterminé;14.6766809;-61.0185937;2023-01-18;;export-as-telechargement(2).csv;2022;2022
080000397224;SAINT-JOSEPH - LES HAMEAUX;Urbain;1;Saint-Joseph;97224;ODYSSI;ODYSSI;CACEM;14.6721871;-61.0225329;2000-01-01;;export-as-telechargement(2).csv;2022;2022
080000197224;SAINT-JOSEPH - ROSIERES;Urbain;1;Saint-Joseph;97224;COMMUNAUTE D AGGLOMERATION DU CENTRE DE LA MARTINIQUE;ODYSSI;CACEM;14.6684198;-61.0386444;2007-01-01;;export-as-telechargement(2).csv;2022;2022
080001597224;SAINT-JOSEPH - MORNE BASSET;Urbain;1;Saint-Joseph;97224;COMMUNAUTE D AGGLOMERATION DU CENTRE DE LA MARTINIQUE;ODYSSI;CACEM;14.6558251;-61.0486328;2022-01-01;;export-as-telechargement(2).csv;2022;2022
080002797224;SAINT-JOSEPH - MORNE BASSET 2;Urbain;1;Saint-Joseph;97224;COMMUNAUTE D AGGLOMERATION DU CENTRE DE LA MARTINIQUE;ODYSSI;CACEM;14.6603063;-61.0474236;2022-01-01;;export-as-telechargement(2).csv;2022;2022
080002097224;SAINT-JOSEPH - POW'ROSE - BELLE ETOILE 2;Privé;4;Saint-Joseph;97224;SIMAR;CAIALI;Non déterminé;14.6716527;-61.0309015;2018-01-01;;export-as-telechargement(2).csv;2022;2022
080000697224;SAINT-JOSEPH - PRESQU'ILE;Urbain;1;Saint-Joseph;97224;ODYSSI;ODYSSI;CACEM;14.6795548;-61.0101666;2012-12-31;;export-as-telechargement(2).csv;2022;2022
080002297224;SAINT-JOSPEH - RAMEDACE NORD;Urbain;1;Saint-Joseph;97224;COMMUNAUTE D AGGLOMERATION DU CENTRE DE LA MARTINIQUE;ODYSSI;CACEM;14.6494326;-61.0385535;2021-01-01;;export-as-telechargement(2).csv;2022;2022
080000597224;SAINT-JOSEPH - RAVINE BLANCHE NORD;Urbain;1;Saint-Joseph;97224;ODYSSI;ODYSSI;CACEM;14.6754544;-61.021009;2012-01-31;;export-as-telechargement(2).csv;2022;2022
080000497224;SAINT-JOSEPH - RAVINE BLANCHE SUD;Urbain;1;Saint-Joseph;97224;ODYSSI;ODYSSI;CACEM;14.6731651;-61.0196;2013-01-01;;export-as-telechargement(2).csv;2022;2022
08003097224;SAINT-JOSEPH - RAVINE CHARMEUSE;Privé;4;Saint-Joseph;97224;;COTRAM Assainissement;Non déterminé;14.6541393;-61.0415933;2021-01-01;;export-as-telechargement(2).csv;2022;2022
080000397225;SAINT-PIERRE - CDST;Privé;4;Saint-Pierre;97225;COLLECTIVITE TERRITORIALE DE MARTINIQUE;SOC EAUX ET ASSAINISSEMENT;Non déterminé;14.7558013;-61.1794683;2002-01-28;;export-as-telechargement(2).csv;2022;2022
080000297225;SAINT-PIERRE - LEP SAINT-JAMES;Privé;4;Saint-Pierre;97225;COLLECTIVITE TERRITORIALE DE MARTINIQUE;SOGEA MARTINIQUE;Non déterminé;14.7460897;-61.1696216;2000-04-23;;export-as-telechargement(2).csv;2022;2022
080000797225;SAINT-PIERRE - MANFENIL;Privé;4;Saint-Pierre;97225;SIMAR;COTRAM Assainissement;Non déterminé;14.7615697;-61.1820857;2015-01-01;;export-as-telechargement(2).csv;2022;2022
080000197225;SAINT-PIERRE - FOND CORRE;Urbain;1;Saint-Pierre;97225;Communauté d'Agglomération du Pays Nord Martinique;SOCIETE MARTINIQUAISE DES EAUX;CAP Nord;14.7588992;-61.1861108;2006-01-01;;export-as-telechargement(2).csv;2022;2022
080000297229;SCHOELCHER - FOND LAHAYE;Urbain;1;Schœlcher;97229;COMMUNAUTE D AGGLOMERATION DU CENTRE DE LA MARTINIQUE;ODYSSI;CACEM;14.6334045;-61.1077499;1993-01-01;;export-as-telechargement(2).csv;2022;2022
080000197230;TRINITE - DESMARINIERES;Urbain;1;La Trinité;97230;Communauté d'Agglomération du Pays Nord Martinique;SOCIETE MARTINIQUAISE DES EAUX;CAP Nord;14.7322816;-60.9539591;1998-01-01;;export-as-telechargement(2).csv;2022;2022
080001097230;TRINITE - VALERIANNE;Privé;4;La Trinité;97230;FONDATION PARTAGE ET VIE;SOC EAUX ET ASSAINISSEMENT;Non déterminé;14.7446033;-60.974031;2000-01-01;;export-as-telechargement(2).csv;2022;2022
080000397230;TRINITE - QUARTIER BAC;Urbain;1;La Trinité;97230;Communauté d'Agglomération du Pays Nord Martinique;SOCIETE MARTINIQUAISE DES EAUX;CAP Nord;14.7266525;-60.9468717;1990-12-31;;export-as-telechargement(2).csv;2022;2022
080000197231;LES TROIS-ILETS - ANSE MARETTE;Urbain;1;Les Trois-Îlets;97231;Communauté d'Agglomération de l'Espace Sud de Martinique;SOCIETE MARTINIQUAISE DES EAUX;CAESM;14.5482526;-61.0609745;1992-01-01;;export-as-telechargement(2).csv;2022;2022
080000297231;LES TROIS-ILETS - LA FERME;Urbain;1;Les Trois-Îlets;97231;Communauté d'Agglomération de l'Espace Sud de Martinique;SOCIETE MARTINIQUAISE DES EAUX;CAESM;14.5252922;-61.0395692;2000-01-01;;export-as-telechargement(2).csv;2022;2022
080000197232;LE VAUCLIN - BOURG;Urbain;1;Le Vauclin;97232;Communauté d'Agglomération de l'Espace Sud de Martinique;SOCIETE MARTINIQUAISE DES EAUX;CAESM;14.5477713;-60.84083;1979-01-01;;export-as-telechargement(2).csv;2022;2022
080000297232;LE VAUCLIN - GRAND CASE;Urbain;1;Le Vauclin;97232;Communauté d'Agglomération de l'Espace Sud de Martinique;SOCIETE MARTINIQUAISE DES EAUX;CAESM;14.5682935;-60.8665983;2006-01-01;;export-as-telechargement(2).csv;2022;2022
