year_reference;code_steu;code_agglo;nom_agglo;nature_steu;epci_normalise;etat_steu;capacite_nominale_eh;capacite_nominale_kg_dbo5;percentile95_m3_j;charge_max_entree_eh;debit_entrant_m3_j;filiere_eau_principale;filiere_boues_principale;conformite_equipement_agglo;conformite_performance_agglo;conformite_collecte_agglo;conformite_globale_agglo;conformite_equipement_steu;conformite_performance_steu;conformite_station_reconstituee;cause_non_conformite;production_boues_tms;code_systeme_collecte;nom_systeme_collecte;code_masse_eau;nom_masse_eau;nom_milieu_rejet;type_milieu_rejet;latitude_rejet_wgs84;longitude_rejet_wgs84;date_derniere_modification_source;date_mise_a_jour_agglo;source_file
2022;080000197202;080000197202;ANSES-D'ARLET;Urbain;CAESM;En service;5000.0;300.0;390.0;2717.0;309.0;Boue activée aération prolongée (très faible charge);Filtration à bande;Non;Non;Oui;Non;Non;Non;False;Mauvaises performances;15.17;080000197202;SC du STEU : BOURG;FRJC003;Anses d'Arlet;Rejet BOURG;Eau côtière;14.4875689;-61.0863332;2024-12-17;2024-12-17;export-as-telechargement(2).csv
2022;080000297202;080000297202;ANSES-D'ARLET-ANSE-DUFOUR;Urbain;CAESM;En service;450.0;27.0;35.0;131.0;11.0;Bioréacteur à membrane;Epaississement statique gravitaire;Oui;Oui;N/A;Oui;Oui;Oui;;;0.0;S080000297202;Systeme de collecte - ANSES-D'ARLET-Anse-Dufour;;;REJET PRINCIPAL DE ANSES-D'ARLET-Anse-Dufour;Eau côtière;;;2024-12-17;2024-12-17;export-as-telechargement(2).csv
2022;080000197203;080000197203;BASSE-POINTE;Urbain;CAP Nord;En service;4000.0;240.0;353.0;1675.0;245.0;Boue activée aération prolongée (très faible charge);Filtration à bande;Non;Non;Oui;Non;Non;Non;False;Non transmission complète ou incomplète de l'autosurveillance (STEU);7.8;080000197203;SC du STEU : HACKAERT;FRJC004;Nord-Atlantique, plateau insulaire;Rejet HACKAERT;Estuaire (dont étang salé);14.8684057;-61.1254063;2024-12-05;2024-12-06;export-as-telechargement(2).csv
2022;080000297203;080000297203;Basse-PointeMADELONNETTE;Urbain;CAP Nord;En service;200.0;12.0;20.0;147.0;20.0;Boue activée faible charge;Epaississement statique gravitaire;Oui;Oui;N/A;Oui;Oui;Oui;;;0.0;S080000297203;Systeme de collecte - BASSE-POINTE-Madelonnette;;;REJET PRINCIPAL DE BASSE-POINTE-Madelonnette;Eau douce de surface;14.8362255;-61.1211038;2024-12-05;2024-12-06;export-as-telechargement(2).csv
2022;080000197234;080000197234;BELLEFONTAINE- MARTINIQUE;Urbain;CAP Nord;En service;1900.0;114.0;428.0;3667.0;213.0;Boue activée aération prolongée (très faible charge);Table d'égouttage;Non;Oui;Oui;Non;Non;Oui;False;;24.35;080000197234;SC du STEU : Fond Laillet/Cheval Blanc/bourgFond Laillet/Che;FRJC002;Nord-Caraibe;Rejet Fond Laillet/Cheval Blanc/bourgFond Laillet/;Eau côtière;14.6666874;-61.1605266;2024-12-17;2024-12-17;export-as-telechargement(2).csv
2022;080000197204;080000197204;CARBET-BOURG;Urbain;CAP Nord;En service;4000.0;240.0;738.0;2354.0;524.0;Boue activée faible charge;Filtration à bande;Non;Oui;Oui;Non;Non;Oui;False;;28.15;080000197204;SC du STEU : bourg;FRJR119;Carbet;Rejet bourg;Eau douce de surface;14.7092998;-61.1789724;2024-12-17;2024-12-17;export-as-telechargement(2).csv
2022;080000297204;080000297204;CARBET-BOUT-BOIS;Urbain;CAP Nord;En service;80.0;5.0;0.0;0.0;0.0;Décantation physique;Epaississement statique gravitaire;Oui;Non;N/A;Non;Oui;Non;;Non transmission de l'autosurveillance (STEU);0.0;S080000297204;Systeme de collecte - CARBET;FRJC002;Nord-Caraibe;REJET PRINCIPAL DE CARBET;Eau douce de surface;14.7247415;-61.1614056;2024-12-19;2024-12-19;export-as-telechargement(2).csv
2022;080000197205;080000197205;CASE-PILOTE;Urbain;CAP Nord;En service;7000.0;420.0;463.0;7000.0;386.0;Boue activée aération prolongée (très faible charge);Filtration à bande;Non;Non;Oui;Non;Non;Non;False;Point de mesure A2 absent;34.51;080000197205;SC du STEU : MANIBA;FRJC002;Nord-Caraibe;Rejet MANIBA;Eau côtière;14.6382014;-61.1457088;2024-12-17;2024-12-17;export-as-telechargement(2).csv
2022;080000297205;080000297205;CASE-PILOTE-BATISOLEIL;Urbain;CAP Nord;En service;80.0;5.0;10.0;13.0;10.0;Boue activée faible charge;Epaississement statique gravitaire;Oui;Oui;N/A;Oui;Oui;Oui;;;0.0;S080000297205;Systeme de collecte - CASE-PILOTE;FRJC002;Nord-Caraibe;REJET PRINCIPAL DE CASE-PILOTE;Eau douce de surface;14.6574534;-61.1494179;2024-12-19;2024-12-19;export-as-telechargement(2).csv
2022;080000697205;080000497205;CASE-PILOTE-CGOSH;Privé;Non déterminé;En service;40.0;2.0;0.0;0.0;0.0;Boue activée forte charge;;Non;Non;N/A;Non;Non;Non;;Non transmission de l'autosurveillance (STEU);0.0;S080000697205;Systeme de collecte - CASE-PILOTE;FRJC002;Nord-Caraibe;REJET PRINCIPAL DE CASE-PILOTE;Eau douce de surface;14.6357496;-61.1306743;2024-12-19;2024-12-19;export-as-telechargement(2).csv
2022;080000397205;080000397205;CASE-PILOTE-VÉTIVER;Privé;Non déterminé;En service;400.0;24.0;0.0;125.0;60.0;Boue activée moyenne charge;Epaississement statique gravitaire;Oui;Non;N/A;Non;Oui;Non;;;0.0;S080000397205;Systeme de collecte - CASE-PILOTE-Vétiver;FRJC002;Nord-Caraibe;REJET PRINCIPAL DE CASE-PILOTE-Vétiver;Eau douce de surface;14.6343593;-61.1319855;2024-12-05;2024-12-06;export-as-telechargement(2).csv
2022;080000297206;080000197206;DIAMANT;Urbain;CAESM;En service;8300.0;498.0;743.0;6192.0;657.0;Boue activée faible charge;Centrifugation;Non;Oui;Oui;Non;Non;Oui;False;;0.0;080000297206;SC du STEU : DIZAC;FRJC018;Baie du Diamant;Rejet DIZAC;Eau douce de surface;14.476847;-61.0376303;2024-12-17;2024-12-17;export-as-telechargement(2).csv
2022;080000497206;080000497206;DIAMANT-O'MULLANE;Urbain;CAESM;En service;450.0;27.0;42.0;68.0;45.0;Boue activée faible charge;Epaississement statique gravitaire;Oui;Non;N/A;Non;Oui;Non;;;0.0;S080000497206;Systeme de collecte - DIAMANT-O'Mullane;;;REJET PRINCIPAL DE DIAMANT-O'Mullane;Eau douce de surface;14.4822027;-61.0029231;2024-12-17;2024-12-17;export-as-telechargement(2).csv
2022;080000797206;080000397206;DIAMANT-TAUPINIÈRE;Urbain;CAESM;En service;800.0;48.0;80.0;152.0;14.0;Filtres Plantés;;Oui;Oui;N/A;Oui;Oui;Oui;;;0.0;S080000797206;Systeme de collecte - DIAMANT;;;REJET Diamant-Taupinière;Eau douce de surface;14.4853851;-60.9924789;2024-12-17;2024-12-17;export-as-telechargement(2).csv
2022;080000397207;080000197207;DUCOS;Urbain;CAESM;En service;300.0;18.0;34.0;567.0;20.0;Boue activée faible charge;Epaississement statique gravitaire;Non;Non;Oui;Non;Oui;Oui;True;;0.38;S080000397207;Systeme de collecte - DUCOS-Canal Cocote;FRJT004;Mangrove de la Baie de Genipa;REJET PRINCIPAL DE DUCOS-Canal Cocote;Eau côtière;14.5639719;-60.99395;2024-12-17;2024-12-06;export-as-telechargement(2).csv
2022;080000197207;080000197207;DUCOS;Urbain;CAESM;En service;11000.0;660.0;1524.0;18367.0;1294.0;Boue activée aération prolongée (très faible charge);Filtration à bande;Non;Non;Oui;Non;Non;Non;False;Point de mesure A2 absent;37.5;080000197207;SC du STEU : PAYS NOYE;FRJR028;-;Rejet PAYS NOYE;Eau douce de surface;14.580579;-60.9831755;2024-12-17;2024-12-06;export-as-telechargement(2).csv
2022;080000297207;080000397207;DUCOS-GRANDE-SAVANE;Urbain;CAESM;En service;250.0;15.0;30.0;417.0;28.0;Boue activée faible charge;Epaississement statique gravitaire;Non;Non;N/A;Non;Non;Non;;Mauvaises performances;0.0;S080000297207;Systeme de collecte - DUCOS-Grande Savane;FRJC001;Baie de Genipa;REJET PRINCIPAL DE DUCOS-Grande Savane;Eau douce de surface;14.5763677;-60.9571504;2024-12-17;2024-12-17;export-as-telechargement(2).csv
2022;080002097207;080000497207;DUCOS-VALLON DU BAC;Privé;Non déterminé;En service;150.0;9.0;0.0;0.0;0.0;Biofiltre;;Non;Non;N/A;Non;Non;Non;;Non transmission de l'autosurveillance (STEU);0.0;S080002097207;Systeme de collecte - DUCOS;;;REJET PRINCIPAL DE DUCOS;Eau douce de surface;;;2024-12-19;2024-12-19;export-as-telechargement(2).csv
2022;080000197208;080000197208;FONDS-SAINT-DENIS-LACROIX;Urbain;CAP Nord;En service;100.0;6.0;15.0;36.0;12.0;Boue activée faible charge;Epaississement statique gravitaire;Oui;Non;N/A;Non;Oui;Non;;;0.0;S080000197208;Systeme de collecte - FONDS-ST-DENIS-Lacroix;FRJR120;Roxelane;REJET PRINCIPAL DE FONDS-ST-DENIS-Lacroix;Eau douce de surface;14.7395061;-61.1373789;2024-12-19;2024-12-19;export-as-telechargement(2).csv
2022;080003297209;080000497209;Fort-de-France - CHARMILLES;Urbain;CACEM;En service;200.0;12.0;0.0;200.0;0.0;;;Oui;Non;N/A;Non;Oui;Non;;Mauvaises performances;0.0;S0897209XXXXX;Systeme de collecte - FORT-DE-FRANCE-CHARMILLES;;;REJET PRINCIPAL DE FORT-DE-FRANCE-CHARMILLES;Eau douce de surface;;;2024-12-19;2024-12-19;export-as-telechargement(2).csv
2022;080000797209;080000297209;Fort-de-France - CHP COLSON;Privé;Non déterminé;En service;3000.0;180.0;0.0;0.0;0.0;Boue activée moyenne charge;;Oui;Non;N/A;Non;Oui;Non;;;0.0;S080000797209;Systeme de collecte - FORT-DE-FRANCE-CHP Colson;FRJR117;Case Navire Amont;REJET PRINCIPAL DE FORT-DE-FRANCE-CHP Colson;Eau douce de surface;14.6843925;-61.0890416;2024-12-05;2024-12-06;export-as-telechargement(2).csv
2022;080001097209;080000197209;Fort-de-France - DILLON 1 ET 2;Privé;Non déterminé;En service;250.0;15.0;0.0;6.0;109.0;Boue activée aération prolongée (très faible charge);Epaississement statique gravitaire;Non;Non;Oui;Non;Oui;Non;False;Non transmission complète ou incomplète de l'autosurveillance (STEU);0.09;S080001097209;SYSTEME DE COLLECTE - AMEP;FRJR116;Madame;REJET PRINCIPAL DE AMEP;Eau douce de surface;14.6284067;-61.0572284;2024-12-05;2024-12-06;export-as-telechargement(2).csv
2022;080007897209;080000197209;Fort-de-France - DILLON 1 ET 2;Privé;Non déterminé;En service;50.0;3.0;0.0;50.0;0.0;Boue activée moyenne charge;Epaississement statique gravitaire;Non;Non;Oui;Non;Oui;Non;False;Non transmission de l'autosurveillance (STEU);0.75;S080007897209;Systeme de collecte - FORT-DE-FRANCE-Crossma;FRJC015;Nord Baie de Fort-de-France;REJET PRINCIPAL DE FORT-DE-FRANCE-Crossma;Eau douce de surface;14.5998654;-61.0842428;2024-12-19;2024-12-06;export-as-telechargement(2).csv
2022;080000197209;080000197209;Fort-de-France - DILLON 1 ET 2;Urbain;CACEM;En service;25000.0;1500.0;4341.0;17160.0;3530.0;Boue activée aération prolongée (très faible charge);Centrifugation;Non;Non;Oui;Non;Oui;Oui;True;;133.87;080000197209;SC du STEU : DILLON 1;FRJC015;Nord Baie de Fort-de-France;Rejet DILLON 1;Eau côtière;14.5984976;-61.0522017;2024-12-05;2024-12-06;export-as-telechargement(2).csv
2022;080000297209;080000197209;Fort-de-France - DILLON 1 ET 2;Urbain;CACEM;En service;60000.0;3600.0;10130.0;57423.0;7619.0;Boue activée aération prolongée (très faible charge);Centrifugation;Non;Non;Oui;Non;Oui;Oui;True;;171.74;080000297209;SC du STEU : DILLON 2;FRJC015;Nord Baie de Fort-de-France;Rejet DILLON 2;Eau côtière;14.5984976;-61.0522017;2024-12-05;2024-12-06;export-as-telechargement(2).csv
2022;080000497209;080000197209;Fort-de-France - DILLON 1 ET 2;Urbain;CACEM;En service;13000.0;780.0;1709.0;8125.0;1210.0;Boue activée aération prolongée (très faible charge);Epaississement statique gravitaire;Non;Non;Oui;Non;Oui;Oui;True;;53.58;080000497209;SC du STEU : GODISSARD;FRJR116;Madame;Rejet GODISSARD;Eau douce de surface;14.6308562;-61.0692354;2024-12-05;2024-12-06;export-as-telechargement(2).csv
2022;080006197209;080000197209;Fort-de-France - DILLON 1 ET 2;Urbain;CACEM;En service;300.0;18.0;0.0;300.0;0.0;Boue activée faible charge;Lits de séchage;Non;Non;Oui;Non;Non;Non;False;Non transmission complète ou incomplète de l'autosurveillance (STEU);0.0;S080002397224;Systeme de collecte - FORT-DE-FRANCE;FRJR116;Madame;REJET PRINCIPAL DE FORT-DE-FRANCE;Eau douce de surface;14.6552436;-61.0852103;2024-12-05;2024-12-06;export-as-telechargement(2).csv
2022;080000497213;080000197209;Fort-de-France - DILLON 1 ET 2;Urbain;CACEM;En service;1200.0;72.0;0.0;250.0;0.0;Boue activée aération prolongée (très faible charge);Lits de séchage;Non;Non;Oui;Non;Oui;Non;False;Non transmission complète ou incomplète de l'autosurveillance (STEU);0.0;080000497213;SC du STEU : LONG PRE;FRJC015;Nord Baie de Fort-de-France;Rejet LONG PRE;Eau douce de surface;14.6280635;-61.0091;2024-12-05;2024-12-06;export-as-telechargement(2).csv
2022;080002897209;080000197209;Fort-de-France - DILLON 1 ET 2;Privé;Non déterminé;En service;500.0;30.0;0.0;450.0;0.0;Boue activée faible charge;Epaississement statique gravitaire;Non;Non;Oui;Non;Non;Non;False;Non transmission complète ou incomplète de l'autosurveillance (STEU);6.75;S080002897209;SYSTEME DE COLLECTE - Lot Les Everglades;FRJR115;Monsieur;REJET PRINCIPAL DE Lot Les Everglades;Eau douce de surface;14.6411013;-61.0450783;2024-12-05;2024-12-06;export-as-telechargement(2).csv
2022;080008397209;080000197209;Fort-de-France - DILLON 1 ET 2;Urbain;CACEM;En service;150.0;9.0;0.0;13.0;22.0;Boue activée faible charge;Epaississement statique gravitaire;Non;Non;Oui;Non;Oui;Non;False;Non transmission de l'autosurveillance (STEU);0.11;S080008397209;Systeme de collecte - FORT-DE-FRANCE;FRJR116;Madame;REJET PRINCIPAL DE FORT-DE-FRANCE;Eau douce de surface;14.6207869;-61.0755416;2024-12-19;2024-12-06;export-as-telechargement(2).csv
2022;080000597209;080000197209;Fort-de-France - DILLON 1 ET 2;Urbain;CACEM;En service;500.0;30.0;0.0;1250.0;0.0;Boue activée faible charge;Lits de séchage;Non;Non;Oui;Non;Oui;Non;False;Non transmission complète ou incomplète de l'autosurveillance (STEU);0.0;S080000597209;SYSTEME DE COLLECTE - FORT-DE-FRANCE;FRJC015;Nord Baie de Fort-de-France;REJET PRINCIPAL DE FORT-DE-FRANCE;Eau douce de surface;14.624491;-61.0590726;2024-12-05;2024-12-06;export-as-telechargement(2).csv
2022;080003597209;080000197209;Fort-de-France - DILLON 1 ET 2;Privé;CACEM;En service;600.0;36.0;0.0;157.0;0.0;Boue activée forte charge;Epaississement statique gravitaire;Non;Non;Oui;Non;Oui;Non;False;Non transmission complète ou incomplète de l'autosurveillance (STEU);2.36;S080003597209;SYSTEME DE COLLECTE - Plateau Tiberge;FRJR116;Madame;REJET PRINCIPAL DE Plateau Tiberge;Eau douce de surface;14.6397823;-61.0580842;2024-12-05;2024-12-06;export-as-telechargement(2).csv
2022;080000197229;080000197209;Fort-de-France - DILLON 1 ET 2;Urbain;CACEM;En service;30000.0;1800.0;5925.0;25164.0;4023.0;Biofiltre;Centrifugation;Non;Non;Oui;Non;Non;Oui;False;;309.26;080000197229;SC du STEU : POINTE DES NEGRES;FRJC015;Nord Baie de Fort-de-France;Rejet POINTE DES NEGRES;Eau côtière;14.5928293;-61.1024086;2024-12-05;2024-12-06;export-as-telechargement(2).csv
2022;080004097209;080000197209;Fort-de-France - DILLON 1 ET 2;Privé;Non déterminé;En service;500.0;30.0;0.0;44.0;0.0;Boue activée faible charge;Epaississement statique gravitaire;Non;Non;Oui;Non;Oui;Non;False;Non transmission complète ou incomplète de l'autosurveillance (STEU);0.66;S080004097209;SYSTEME DE COLLECTE - FORT-DE-FRANCE;FRJR116;Madame;REJET PRINCIPAL DE FORT-DE-FRANCE;Eau douce de surface;14.6351455;-61.0579858;2024-12-05;2024-12-06;export-as-telechargement(2).csv
2022;080004297209;080000197209;Fort-de-France - DILLON 1 ET 2;Privé;Non déterminé;En service;50.0;3.0;0.0;26.0;0.0;Boue activée moyenne charge;Epaississement statique gravitaire;Non;Non;Oui;Non;Oui;Non;False;Non transmission de l'autosurveillance (STEU);0.39;S080004297209;Systeme de collecte - FORT-DE-FRANCE-Résidence Laetitia;FRJR116;Madame;REJET PRINCIPAL DE FORT-DE-FRANCE-Résidence Laetit;Eau douce de surface;14.6297267;-61.0779975;2024-12-19;2024-12-06;export-as-telechargement(2).csv
2022;080003997209;080000197209;Fort-de-France - DILLON 1 ET 2;Privé;Non déterminé;En service;204.0;12.0;0.0;200.0;0.0;Boue activée aération prolongée (très faible charge);;Non;Non;Oui;Non;Non;Non;False;Non transmission complète ou incomplète de l'autosurveillance (STEU);0.0;S080003997209;Systeme de collecte - Les Cyclades-résidence;FRJG204;Domaine Centre;REJET PRINCIPAL DE Les Cyclades-résidence;Eau douce de surface;14.6199361;-61.0753819;2024-12-05;2024-12-06;export-as-telechargement(2).csv
2022;080004397209;080000197209;Fort-de-France - DILLON 1 ET 2;Privé;Non déterminé;En service;80.0;5.0;0.0;40.0;10.0;Boue activée forte charge;Epaississement statique gravitaire;Non;Non;Oui;Non;Oui;Non;False;Non transmission de l'autosurveillance (STEU);0.6;S080004397209;Systeme de collecte - FORT-DE-FRANCE-Residence les Goyaves;FRJR116;Madame;REJET PRINCIPAL DE FORT-DE-FRANCE-Residence les Go;Eau douce de surface;14.6133695;-61.077982;2024-12-19;2024-12-06;export-as-telechargement(2).csv
2022;080008597209;080000197209;Fort-de-France - DILLON 1 ET 2;Privé;Non déterminé;En service;120.0;7.0;0.0;30.0;8.0;Biofiltre;Epaississement statique gravitaire;Non;Non;Oui;Non;Oui;Non;False;Non transmission de l'autosurveillance (STEU);0.45;S080008597209;Systeme de collecte - FORT-DE-FRANCE-Résidence Mimosa;FRJR116;Madame;REJET PRINCIPAL DE FORT-DE-FRANCE-Résidence Mimosa;Eau douce de surface;14.6387922;-61.0705118;2024-12-19;2024-12-06;export-as-telechargement(2).csv
2022;080005597209;080000197209;Fort-de-France - DILLON 1 ET 2;Privé;Non déterminé;En service;100.0;6.0;0.0;7.0;1.0;Biofiltre;Epaississement statique gravitaire;Non;Non;Oui;Non;Oui;Non;False;Non transmission de l'autosurveillance (STEU);0.1;S080005597209;Systeme de collecte - FORT-DE-FRANCE - RESIDENCE ZAMANAS;FRJR116;Madame;REJET PRINCIPAL DE FORT-DE-FRANCE - RESIDENCE ZAMA;Eau douce de surface;14.6407665;-61.0688424;2024-12-19;2024-12-06;export-as-telechargement(2).csv
2022;080001597213;080000197209;Fort-de-France - DILLON 1 ET 2;Privé;Non déterminé;En service;350.0;21.0;0.0;12.0;0.0;Boue activée faible charge;Epaississement statique gravitaire;Non;Non;Oui;Non;Oui;Non;False;Non transmission complète ou incomplète de l'autosurveillance (STEU);0.18;S080001597213;Systeme de collecte - LAMENTIN;FRJC015;Nord Baie de Fort-de-France;REJET PRINCIPAL DE LAMENTIN;Eau douce de surface;14.6156547;-61.0163578;2024-12-05;2024-12-06;export-as-telechargement(2).csv
2022;080001797213;080000197209;Fort-de-France - DILLON 1 ET 2;Privé;Non déterminé;En service;150.0;9.0;0.0;5.0;0.0;Boue activée moyenne charge;Epaississement statique gravitaire;Non;Non;Oui;Non;Oui;Non;False;Non transmission de l'autosurveillance (STEU);0.08;S080001797213;Systeme de collecte - LAMENTIN-Connexion;FRJC015;Nord Baie de Fort-de-France;REJET PRINCIPAL DE LAMENTIN-Connexion;Eau douce de surface;14.6169609;-61.0211812;2024-12-19;2024-12-06;export-as-telechargement(2).csv
2022;080001997213;080000197209;Fort-de-France - DILLON 1 ET 2;Privé;Non déterminé;En service;60.0;4.0;0.0;60.0;0.0;Boue activée moyenne charge;Epaississement statique gravitaire;Non;Non;Oui;Non;Oui;Non;False;Non transmission de l'autosurveillance (STEU);0.0;S080001997213;Systeme de collecte - LAMENTIN-Multigros;FRJC015;Nord Baie de Fort-de-France;REJET PRINCIPAL DE LAMENTIN-Multigros;Eau douce de surface;14.6185121;-61.0336311;2024-12-19;2024-12-06;export-as-telechargement(2).csv
2022;080000897209;080000797209;Fort-de-France- LES MEYNARD;Urbain;CACEM;En service;30.0;2.0;0.0;0.0;0.0;;;Non;Non;N/A;Non;Non;Non;;Non transmission de l'autosurveillance (STEU);0.0;S080000897209;Systeme de collecte - Fort-de-France LES MEYNARD;;;REJET PRINCIPAL DE Fort-de-France LES MEYNARD;Eau douce de surface;;;2024-12-19;2024-12-19;export-as-telechargement(2).csv
2022;080000697209;080000697209;Fort-de-France TIVOLI LA FONTANE;Urbain;Non déterminé;En service;150.0;9.0;0.0;0.0;0.0;;;Non;Non;N/A;Non;Non;Non;;Non transmission de l'autosurveillance (STEU);0.0;S080000697209;Systeme de collecte - Fort-de-France;;;REJET PRINCIPAL DE Fort-de-France;Eau douce de surface;;;2024-12-19;2024-12-19;export-as-telechargement(2).csv
2022;080000197210;080000197210;FRANCOIS;Urbain;CAESM;En service;6666.0;400.0;1125.0;4964.0;979.0;Boue activée aération prolongée (très faible charge);Filtration à bande;Non;Non;Oui;Non;Non;Non;False;Point de mesure A2 absent;0.0;080000197210;SC du STEU : POINTE COURCHET;FRJR107;François;Rejet POINTE COURCHET;Estuaire (dont étang salé);14.6197829;-60.8986466;2024-12-17;2024-12-17;export-as-telechargement(2).csv
2022;080000497210;080001097210;FRANCOIS-CAP-EST;Privé;Non déterminé;En service;500.0;30.0;0.0;0.0;0.0;Boue activée forte charge;Epaississement statique gravitaire;Oui;Non;N/A;Non;Oui;Non;;Non transmission complète ou incomplète de l'autosurveillance (STEU);0.0;S080000497210;Systeme de collecte - FRANCOIS;;;REJET PRINCIPAL DE FRANCOIS;Eau douce de surface;;;2024-12-05;2024-12-06;export-as-telechargement(2).csv
2022;080000697210;080001197210;FRANCOIS- MANSARDE RANCÉE;Urbain;CAESM;En service;1000.0;60.0;58.0;328.0;13.0;Filtres Plantés;;Oui;Oui;N/A;Oui;Oui;Oui;;;0.0;S080000697210;Systeme de collecte - FRANCOIS- Mansarde Rancée;;;REJET PRINCIPAL DE FRANCOIS- Mansarde Rancée;Eau douce de surface;14.6477739;-60.9063155;2024-12-17;2024-12-17;export-as-telechargement(2).csv
2022;080000197211;080000197211;Grand'Rivière - STADE GRAND RIVIERE;Urbain;CAP Nord;En service;190.0;11.0;0.0;0.0;0.0;Disques biologiques;Epaississement statique gravitaire;Oui;Non;N/A;Non;Oui;Non;;Non transmission de l'autosurveillance (STEU);0.0;080000197211;SC du STEU : Sainte Catherine;FRJR003;-;Rejet Sainte Catherine;Eau douce de surface;14.8729041;-61.1778765;2024-12-19;2024-12-19;export-as-telechargement(2).csv
2022;080000297211;080000197211;Grand'Rivière - STADE GRAND RIVIERE;Urbain;CAP Nord;En service;25.0;2.0;0.0;190.0;30.0;Boue activée faible charge;Epaississement statique gravitaire;Oui;Non;N/A;Non;Oui;Non;;Non transmission de l'autosurveillance (STEU);0.0;080000297211;SC du STEU : Stade;FRJR003;-;Rejet Stade;Eau douce de surface;14.868485;-61.1756185;2024-12-19;2024-12-19;export-as-telechargement(2).csv
2022;080000497212;080000197212;GROS-MORNEBOURG;Urbain;CAP Nord;En service;1500.0;90.0;140.0;527.0;136.0;Biofiltre;Centrifugation;Non;Non;N/A;Non;Non;Non;;;0.0;080000497212;SYSTEME DE COLLECTE - DENEL;FRJR106;Galion;REJET PRINCIPAL DE DENEL;Eau douce de surface;14.7195686;-60.9902134;2024-12-05;2024-12-06;export-as-telechargement(2).csv
2022;080000297212;080000397212;GROS-MORNE-COLLEGE;Privé;Non déterminé;En service;260.0;16.0;0.0;200.0;8.0;;;Non;Non;N/A;Non;Non;Non;;Non transmission de l'autosurveillance;0.0;S080000297212;Systeme de collecte - GROS-MORNE;;;REJET PRINCIPAL DE GROS-MORNE;Eau douce de surface;;;2024-12-05;2024-12-06;export-as-telechargement(2).csv
2022;080000297201;080000297201;L'Ajoupa-Bouillon;Urbain;CAP Nord;En service;850.0;51.0;330.0;2640.0;235.0;Boue activée aération prolongée (très faible charge);Epaississement statique gravitaire;Oui;Oui;Oui;Oui;Oui;Oui;True;;0.0;080000297201;SC du STEU : Deschamps/Cité Grenade;FRJR005;-;Rejet Deschamps/Cité Grenade;Eau douce de surface;14.8181331;-61.108942;2024-12-05;2024-12-06;export-as-telechargement(2).csv
2022;080000497230;080000597230;LATRINITE-BELLEVUE;Urbain;CAP Nord;En service;700.0;42.0;41.0;160.0;42.0;Disques biologiques;Epaississement statique gravitaire;Oui;Oui;N/A;Oui;Oui;Oui;;;1.25;S080000497230;Systeme de collecte - TRINITE-Bellevue;FRJR106;Galion;REJET PRINCIPAL DE TRINITE-Bellevue;Eau douce de surface;14.7380265;-61.0106765;2024-12-05;2024-12-06;export-as-telechargement(2).csv
2022;080000297230;080000297230;La TrinitéTARTANE;Urbain;CAP Nord;En service;2100.0;126.0;682.0;2699.0;460.0;Boue activée faible charge;Lits de séchage;Non;Non;Oui;Non;Non;Non;False;Point de mesure A2 absent;19.74;080000297230;SC du STEU : TARTANE;FRJC012;Baie de La Trinite;Rejet TARTANE;Eau côtière;14.7642463;-60.9259314;2024-12-17;2024-12-17;export-as-telechargement(2).csv
2022;080000297210;080000297210;Le François - BONNY CHOPOTTE;Urbain;CAESM;En service;250.0;15.0;30.0;6.0;12.0;Boue activée moyenne charge;Epaississement statique gravitaire;Oui;Non;N/A;Non;Oui;Non;;Autosurveillance jugée incorrecte par AE /ODE (STEU);0.0;S080000297210;Systeme de collecte - FRANCOIS;;;REJET PRINCIPAL DE FRANCOIS;Eau douce de surface;;;2024-12-17;2024-12-17;export-as-telechargement(2).csv
2022;080000397210;080000397210;Le François- CHOPOTTE;Privé;CAESM;En service;150.0;9.0;0.0;150.0;0.0;Boue activée faible charge;;Oui;Non;N/A;Non;Oui;Non;;Non transmission de l'autosurveillance (STEU);0.0;S080000397210;Systeme de collecte - FRANCOIS - CHOPOTTE;FRJC008;Littoral du Francois au Vauclin;REJET PRINCIPAL DE FRANCOIS - CHOPOTTE;Eau douce de surface;14.6381872;-60.9205134;2024-12-19;2024-12-19;export-as-telechargement(2).csv
2022;080000697213;080000997213;Le Lamentin - CLUB NAUTIQUE;Urbain;CACEM;En service;120.0;7.0;0.0;0.0;0.0;;;Non;Non;N/A;Non;Non;Non;;Non transmission de l'autosurveillance (STEU);0.0;S080000697213;Systeme de collecte - Le Lamentin Club Nautique;;;REJET PRINCIPAL DE Le Lamentin Club Nautique;Eau douce de surface;;;2024-12-19;2024-12-19;export-as-telechargement(2).csv
2022;080000197213;080000197213;Le Lamentin - GAIGNERON;Urbain;CACEM;En service;35000.0;2100.0;4284.0;30333.0;3733.0;Boue activée aération prolongée (très faible charge);Centrifugation;Oui;N/A;Oui;Non;Oui;Oui;True;;195.44;080000197213;SC du STEU : GAIGNERON;FRJR111;Lézarde Aval;Rejet GAIGNERON;Eau douce de surface;14.6087948;-60.9930057;2024-12-05;2024-12-06;export-as-telechargement(2).csv
2022;080001297213;080000497213;Le Lamentin - LYCEE CROIX-RIVAIL;Privé;Non déterminé;En service;400.0;24.0;0.0;200.0;40.0;Boue activée faible charge;Lits de séchage;Non;Non;N/A;Non;Oui;Non;;;0.0;S080001297213;Systeme de collecte - LAMENTIN;FRJR112;Lézarde Moyenne;REJET PRINCIPAL DE LAMENTIN;Eau douce de surface;14.6122572;-60.9629439;2024-12-05;2024-12-06;export-as-telechargement(2).csv
2022;089721300001HS;080000497213;Le Lamentin - LYCEE CROIX-RIVAIL;Privé;Non déterminé;En service;0.0;0.0;0.0;0.0;0.0;;;Non;Non;N/A;Non;Non;Non;;Non transmission de l'autosurveillance (STEU);0.0;S089721300001HS;Systeme de collecte - ZI_JAMBETTE;;;REJET PRINCIPAL DE ZI_JAMBETTE;Eau douce de surface;;;2024-12-05;2024-12-06;export-as-telechargement(2).csv
2022;080000397213;080000397213;Le Lamentin - PELLETIER DESIRADE;Urbain;CACEM;En service;3500.0;210.0;226.0;1350.0;117.0;Boue activée aération prolongée (très faible charge);Filtration à bande;Non;Non;Oui;Non;Non;Non;False;Point de mesure A2 absent;7.75;080000397213;SC du STEU : PELLETIER DESIRADE;FRJR112;Lézarde Moyenne;Rejet PELLETIER DESIRADE;Eau douce de surface;14.6675192;-60.9955997;2024-12-05;2024-12-06;export-as-telechargement(2).csv
2022;080002297213;080000697213;Le Lamentin- RESIDENCE SOROCA;Privé;Non déterminé;En service;250.0;15.0;0.0;0.0;0.0;;;Non;Non;N/A;Non;Non;Non;;;0.0;S080002297213;Systeme de collecte - Résidence Soroca;FRJR112;Lézarde Moyenne;REJET PRINCIPAL DE RESIDENCE SOROCA;Eau douce de surface;;;2024-12-05;2024-12-06;export-as-telechargement(2).csv
2022;080000797213;080000597213;Le Lamentin - ROCHES CARREES CACEM;Urbain;CACEM;En service;500.0;30.0;0.0;0.0;0.0;Boue activée faible charge;;Oui;Non;N/A;Non;Oui;Non;;Non transmission de l'autosurveillance (STEU);0.0;S080000797213;Systeme de collecte - LAMENTIN-Roches carrées (CACEM);;;REJET PRINCIPAL DE LAMENTIN-Roches carrées (CACEM);Eau douce de surface;;;2024-12-05;2024-12-06;export-as-telechargement(2).csv
2022;080000597213;080000797213;LELAMENTIN-SARRAULT;Urbain;CACEM;En service;150.0;9.0;0.0;6.0;22.0;Boue activée faible charge;;Oui;Non;N/A;Non;Oui;Non;;Non transmission de l'autosurveillance (STEU);0.0;S080000597213;Systeme de collecte - LELAMENTIN-SARRAULT;FRJR112;Lézarde Moyenne;REJET PRINCIPAL DE LELAMENTIN-SARRAULT;Eau douce de surface;;;2024-12-19;2024-12-19;export-as-telechargement(2).csv
2022;080002797213;080000897213;Le Lamentin ZI JAMBETTE;Urbain;CACEM;En service;500.0;30.0;0.0;0.0;0.0;;;Non;Non;N/A;Non;Non;Non;;Non transmission de l'autosurveillance (STEU);0.0;080002797213;Systeme de collecte - ZI JAMBETTE;;;REJET PRINCIPAL DE ZI JAMBETTE;Eau douce de surface;14.6140821;-61.0366124;2024-12-05;2024-12-06;export-as-telechargement(2).csv
2022;080000197216;080000197216;Le Marigot;Urbain;CAP Nord;En service;1800.0;108.0;484.0;1899.0;220.0;Boue activée forte charge;Lits de séchage;Oui;Non;Oui;Non;Oui;Non;False;Mauvaises performances;0.0;080000197216;SC du STEU : BOURG;FRJC004;Nord-Atlantique, plateau insulaire;Rejet BOURG;Eau côtière;14.8216816;-61.0320507;2024-12-05;2024-12-06;export-as-telechargement(2).csv
2022;080000297217;080000197217;Le Marin - DUPREY;Urbain;CAESM;En service;250.0;15.0;15.0;45.0;15.0;Boue activée faible charge;Lits de séchage;Oui;Non;Oui;Non;Oui;Oui;True;;0.0;S080000297217;Systeme de collecte - MARIN-Duprey;FRJC010;Baie du Marin;REJET PRINCIPAL DE MARIN-Duprey;Eau douce de surface;14.4602537;-60.8891751;2024-12-17;2024-12-17;export-as-telechargement(2).csv
2022;080000397217;080000197217;Le Marin - DUPREY;Urbain;CAESM;En service;12500.0;750.0;0.0;12000.0;0.0;Bioréacteur à membrane;Centrifugation;Oui;Non;Oui;Non;Oui;Non;False;Point de mesure A2 absent;26.2;080000397217;SC du STEU : Bourg Nvelle Step;FRJC010;Baie du Marin;Rejet Bourg Nvelle Step;Eau douce de surface;14.4683514;-60.8583198;2024-12-17;2024-12-17;export-as-telechargement(2).csv
2022;080000997218;080000797218;LEMORNE-ROUGECAT SAVANE PETIT;Urbain;CAESM;En service;0.0;0.0;0.0;0.0;0.0;;;Non;Non;N/A;Non;Non;Non;;Non transmission de l'autosurveillance (STEU);0.0;S080000997218;Systeme de collecte - LELE MORNE ROUGE CAT PETITE SAVANE;;;REJET PRINCIPAL DE LELE MORNE ROUGE CAT PETITE SAV;Eau douce de surface;;;2024-12-19;2024-12-19;export-as-telechargement(2).csv
2022;080000197218;080000197218;Le Morne-RougeCHAZEAU;Urbain;CAP Nord;En service;1000.0;60.0;120.0;1283.0;104.0;Boue activée aération prolongée (très faible charge);Lits de séchage;Non;Non;Oui;Non;Non;Oui;False;;0.0;080000197218;SC du STEU : CHAZEAU;FRJR102;Capot;Rejet CHAZEAU;Eau douce de surface;14.7862769;-61.1366461;2024-12-17;2024-12-17;export-as-telechargement(2).csv
2022;080001597218;080000197218;Le Morne-RougeCHAZEAU;Privé;Non déterminé;En service;50.0;3.0;0.0;33.0;0.0;Lit bactérien;Epaississement statique gravitaire;Non;Non;Oui;Non;Oui;Non;False;Non transmission de l'autosurveillance;0.0;S080001597218;Systeme de collecte - MORNE-ROUGE;FRJR102;Capot;REJET PRINCIPAL DE MORNE-ROUGE;Eau douce de surface;14.7779393;-61.1337544;2024-12-19;2024-12-17;export-as-telechargement(2).csv
2022;080001097218;080000897218;Le Morne-Rouge HAUT BOURG;Urbain;CAP Nord;En service;120.0;7.0;0.0;0.0;0.0;;;Non;Non;N/A;Non;Non;Non;;Non transmission de l'autosurveillance (STEU);0.0;S080001097218;Systeme de collecte - Le Morne-Rouge HAUT BOURG;;;REJET PRINCIPAL DE Le Morne-Rouge HAUT BOURG;Eau douce de surface;;;2024-12-19;2024-12-19;export-as-telechargement(2).csv
2022;080000497218;080000497218;Le Morne-RougePARNASSE;Urbain;CAP Nord;En service;100.0;6.0;7.0;6.0;9.0;Boue activée aération prolongée (très faible charge);Epaississement statique gravitaire;Oui;Non;N/A;Non;Oui;Non;;Mauvaises performances;0.0;080000497218;SC du STEU : PARNASSE;FRJR004;-;Rejet PARNASSE;Eau douce de surface;14.7546579;-61.1492951;2024-12-19;2024-12-19;export-as-telechargement(2).csv
2022;080000997219;080000197219;Le Prêcheur - ANSE BELLEVILLE;Urbain;CAP Nord;En service;150.0;9.0;25.0;68.0;25.0;Boue activée faible charge;Lits de séchage;Oui;N/A;N/A;Non;Oui;Oui;;;0.0;S080000997219;Systeme de collecte - PRECHEUR;FRJC002;Nord-Caraibe;REJET PRINCIPAL DE PRECHEUR;Eau douce de surface;;;2024-12-17;2024-12-17;export-as-telechargement(2).csv
2022;080000697219;080000297219;Le Prêcheur - LA PERLE;Urbain;CAP Nord;En service;200.0;12.0;25.0;60.0;35.0;Boue activée faible charge;Epaississement statique gravitaire;Oui;Non;N/A;Non;Oui;Oui;;;0.0;S080000697219;Systeme de collecte - PRECHEUR-Cité Coquette;FRJC002;Nord-Caraibe;REJET PRINCIPAL DE PRECHEUR-Cité Coquette;Eau douce de surface;;;2024-12-17;2024-12-17;export-as-telechargement(2).csv
2022;080000397219;080000297219;Le Prêcheur - LA PERLE;Urbain;CAP Nord;En service;100.0;6.0;0.0;0.0;0.0;Décantation physique;Epaississement statique gravitaire;Oui;Non;N/A;Non;Oui;Non;;Non transmission de l'autosurveillance;0.0;S080000397219;Systeme de collecte - PRECHEUR-Cité Lenny/solidarité;FRJC002;Nord-Caraibe;REJET PRINCIPAL DE PRECHEUR-Cité Lenny/solidarité;Eau douce de surface;;;2024-12-19;2024-12-17;export-as-telechargement(2).csv
2022;080000597219;080000297219;Le Prêcheur - LA PERLE;Urbain;CAP Nord;En service;400.0;24.0;20.0;368.0;45.0;Disques biologiques;Epaississement statique gravitaire;Oui;Non;N/A;Non;Oui;Oui;;;0.0;S080000597219;Systeme de collecte - PRECHEUR-La Perle;FRJC002;Nord-Caraibe;REJET PRINCIPAL DE PRECHEUR-La Perle;Eau douce de surface;;;2024-12-17;2024-12-17;export-as-telechargement(2).csv
2022;080000897219;080000297219;Le Prêcheur - LA PERLE;Urbain;CAP Nord;En service;80.0;5.0;0.0;80.0;0.0;Boue activée faible charge;Epaississement statique gravitaire;Oui;Non;N/A;Non;Oui;Non;;Non transmission de l'autosurveillance;0.0;S080000897219;Systeme de collecte - PRECHEUR-L'Ecole;FRJC002;Nord-Caraibe;REJET PRINCIPAL DE PRECHEUR-L'Ecole;Eau douce de surface;;;2024-12-19;2024-12-17;export-as-telechargement(2).csv
2022;080001197219;080000297219;Le Prêcheur - LA PERLE;Urbain;CAP Nord;En service;600.0;36.0;0.0;233.0;55.0;Disques biologiques;;Oui;Non;N/A;Non;Oui;Oui;;;0.0;S080001197219;Systeme de collecte - PRECHEUR-Morne Folie;FRJC002;Nord-Caraibe;REJET PRINCIPAL DE PRECHEUR-Morne Folie;Eau côtière;14.7871415;-61.2174481;2024-12-17;2024-12-17;export-as-telechargement(2).csv
2022;080000197222;080000197222;Le Robert - COURBARIL;Urbain;CAP Nord;En service;2000.0;120.0;814.0;3012.0;490.0;Boue activée aération prolongée (très faible charge);Lits de séchage;Non;Non;Oui;Non;Non;Non;False;Mauvaises performances;4.34;080000197222;SC du STEU : COURBARIL;FRJC005;Fond Ouest de la Baie du Robert;Rejet COURBARIL;Eau côtière;14.6732855;-60.9409562;2024-12-05;2024-12-06;export-as-telechargement(2).csv
2022;080000397222;080000197222;Le Robert - COURBARIL;Urbain;CAP Nord;En service;3000.0;180.0;570.0;4554.0;336.0;Boue activée aération prolongée (très faible charge);Filtration à bande;Non;Non;Oui;Non;Non;Non;False;Mauvaises performances;0.0;080000397222;SC du STEU : MOULIN A VENT;FRJC005;Fond Ouest de la Baie du Robert;Rejet MOULIN A VENT;Eau douce de surface;14.6818067;-60.9480892;2024-12-05;2024-12-06;export-as-telechargement(2).csv
2022;080000597222;080000197222;Le Robert - COURBARIL;Urbain;CAP Nord;En service;1000.0;60.0;80.0;540.0;60.0;Boue activée aération prolongée (très faible charge);Lits de séchage;Non;Non;Oui;Non;Non;Oui;False;;3.46;080000597222;SC du STEU : POINTE LYNCH;FRJC005;Fond Ouest de la Baie du Robert;Rejet POINTE LYNCH;Eau douce de surface;14.6826179;-60.9315675;2024-12-17;2024-12-06;export-as-telechargement(2).csv
2022;080000297222;080000497222;Le Robert- FOUR A CHAUX;Urbain;CAP Nord;En service;2000.0;120.0;359.0;567.0;97.0;Boue activée faible charge;Lits de séchage;Non;Oui;N/A;Non;Non;Oui;;;0.0;080000297222;SC du STEU : FOUR A CHAUX;FRJC005;Fond Ouest de la Baie du Robert;Rejet FOUR A CHAUX;Eau douce de surface;14.6552284;-60.9305068;2024-12-17;2024-12-17;export-as-telechargement(2).csv
2022;080001397222;080000697222;Le Robert- MANSARDE CATALOGNE;Privé;Non déterminé;En service;400.0;24.0;0.0;400.0;0.0;Disques biologiques;;Oui;Non;N/A;Non;Oui;Non;;;0.0;S080001397222;Systeme de collecte - ROBERT-Sarl Catalogne;;;REJET PRINCIPAL DE ROBERT-Sarl Catalogne;Eau douce de surface;;;2024-12-05;2024-12-06;export-as-telechargement(2).csv
2022;080001297222;080000597222;Le Robert - RESIDENCE HELIA;Privé;Non déterminé;En service;50.0;3.0;0.0;0.0;0.0;Biofiltre;;Non;Non;N/A;Non;Non;Non;;Non transmission de l'autosurveillance (STEU);0.0;S080001297222;Systeme de collecte - ROBERT-Résidence Hélia;;;REJET PRINCIPAL DE ROBERT-Résidence Hélia;Eau douce de surface;;;2024-12-19;2024-12-19;export-as-telechargement(2).csv
2022;080000197214;080000197214;LORRAIN;Urbain;CAP Nord;En service;1800.0;108.0;335.0;1500.0;0.0;Boue activée aération prolongée (très faible charge);Lits de séchage;Non;Non;Oui;Non;Non;Non;False;Mauvaises performances;0.0;080000197214;SC du STEU : BOURG;FRJC004;Nord-Atlantique, plateau insulaire;Rejet BOURG;Estuaire (dont étang salé);14.8361343;-61.0622051;2024-12-05;2024-12-06;export-as-telechargement(2).csv
2022;080000697214;080000297214;LORRAIN-RÉSIDENCE CANNE À SUCRE;Privé;Non déterminé;En service;400.0;24.0;0.0;551.0;0.0;;;Oui;Non;N/A;Non;Oui;Non;;Non transmission de l'autosurveillance (STEU);0.0;S080000697214;Systeme de collecte - LORRAIN;FRJC004;Nord-Atlantique, plateau insulaire;REJET PRINCIPAL DE LORRAIN;Eau douce de surface;14.8294103;-61.0482376;2024-12-05;2024-12-06;export-as-telechargement(2).csv
2022;080000497214;080000397214;LORRAIN-RESIDENCE MACEDOINE;Privé;Non déterminé;En service;300.0;18.0;0.0;0.0;0.0;;;Oui;Non;N/A;Non;Oui;Non;;;0.0;S080000497214;Systeme de collecte - LERESIDENCE-MACEDOINE;FRJC004;Nord-Atlantique, plateau insulaire;REJET PRINCIPAL DE LERESIDENCE-MACEDOINE;Eau douce de surface;14.8139499;-61.0709299;2024-12-05;2024-12-06;export-as-telechargement(2).csv
2022;080000297215;080000197215;MACOUBA-CASE-PAUL;Urbain;CAP Nord;En service;500.0;30.0;64.0;0.0;0.0;Boue activée faible charge;Epaississement statique gravitaire;Oui;Non;N/A;Non;Oui;Non;;Nombre de bilans d'autosurveillance insuffisant sur au moins un des paramètres DBO5-DCO-NGL-Pt;0.0;080000297215;Systeme de collecte - MACOUBA;FRJC004;Nord-Atlantique, plateau insulaire;REJET PRINCIPAL DE MACOUBA;Eau douce de surface;14.8760313;-61.1440918;2024-12-05;2024-12-06;export-as-telechargement(2).csv
2022;080000197215;080000297215;Macouba - GUERIN;Urbain;CAP Nord;En service;200.0;12.0;0.0;0.0;0.0;Boue activée faible charge;Epaississement statique gravitaire;Oui;Oui;N/A;Oui;Oui;Oui;;;0.0;S080000197215;Systeme de collecte - MACOUBA-Guérin;FRJC004;Nord-Atlantique, plateau insulaire;REJET PRINCIPAL DE MACOUBA-Guérin;Eau douce de surface;14.8767977;-61.1382963;2024-12-19;2024-12-19;export-as-telechargement(2).csv
2022;080000597218;080000597218;MORNE-ROUGE-ADAPEI CHAMPFLORE;Urbain;CAP Nord;En service;200.0;12.0;0.0;7.0;10.0;Boue activée faible charge;Epaississement statique gravitaire;Oui;Non;N/A;Non;Oui;Non;;;0.0;S080000597218;Systeme de collecte - MORNE-ROUGE-Adapei Champflore;FRJR102;Capot;REJET PRINCIPAL DE MORNE-ROUGE-Adapei Champflore;Eau douce de surface;;;2024-12-17;2024-12-17;export-as-telechargement(2).csv
2022;080000297218;080000297218;MORNE-ROUGE-FOND ROSE;Urbain;CAP Nord;En service;175.0;11.0;25.0;171.0;25.0;Boue activée aération prolongée (très faible charge);Epaississement statique gravitaire;Oui;Oui;N/A;Oui;Oui;Oui;;;0.0;080000297218;SC du STEU : FOND ROSE;FRJR005;-;Rejet FOND ROSE;Eau douce de surface;14.7703661;-61.1326303;2024-12-17;2024-12-17;export-as-telechargement(2).csv
2022;080000397218;080000397218;MORNE-ROUGE-GALETTE;Urbain;CAP Nord;En service;200.0;12.0;35.0;363.0;35.0;Boue activée faible charge;Lits de séchage;Oui;Oui;N/A;Oui;Oui;Oui;;;0.0;080000397218;SC du STEU : GALETTE;FRJR004;-;Rejet GALETTE;Eau douce de surface;14.7665293;-61.1331274;2024-12-17;2024-12-17;export-as-telechargement(2).csv
2022;080001197218;080000697218;MORNE-ROUGE-GRAND CHAZEAU (CAP21);Urbain;CAP Nord;En service;500.0;30.0;60.0;25.0;60.0;Boue activée faible charge;;Oui;Oui;N/A;Oui;Oui;Oui;;;0.0;S080001197218;Systeme de collecte - MORNE-ROUGE;FRJR102;Capot;REJET PRINCIPAL DE MORNE-ROUGE;Eau douce de surface;;;2024-12-17;2024-12-17;export-as-telechargement(2).csv
2022;080000197233;080000197233;MORNE-VERT-LA VIGIE;Urbain;CAP Nord;En service;300.0;18.0;30.0;375.0;40.0;Disques biologiques;Epaississement statique gravitaire;Oui;Non;N/A;Non;Oui;Non;;Mauvaises performances;0.0;S080000197233;Systeme de collecte - MORNE-VERT-La Vigie;FRJC002;Nord-Caraibe;REJET PRINCIPAL DE MORNE-VERT-La Vigie;Eau douce de surface;;;2024-12-17;2024-12-17;export-as-telechargement(2).csv
2022;080000897220;080000497220;RIVIERE-PILOTE-JOSSEAU;Privé;Non déterminé;En service;225.0;14.0;0.0;0.0;0.0;;;Oui;Non;N/A;Non;Oui;Non;;;0.0;S080000897220;Systeme de collecte - RIVIERE-PILOTE-Résidence Malvina et Lu;FRJR108;Grande Rivière Pilote;REJET PRINCIPAL DE RIVIERE-PILOTE-Résidence Malvin;Eau douce de surface;;;2024-12-05;2024-12-06;export-as-telechargement(2).csv
2022;080000197220;080000197220;RIVIERE-PILOTE-MANIKOU;Urbain;CAESM;En service;650.0;39.0;70.0;385.0;58.0;Disques biologiques;Epaississement statique gravitaire;Non;Non;N/A;Non;Oui;Non;;Mauvaises performances;0.0;080000197220;SC du STEU : MANIKOU;FRJR108;Grande Rivière Pilote;Rejet MANIKOU;Eau douce de surface;14.4807122;-60.9033567;2024-12-17;2024-12-17;export-as-telechargement(2).csv
2022;080000397220;080000197220;RIVIERE-PILOTE-MANIKOU;Privé;Non déterminé;En service;800.0;48.0;0.0;0.0;0.0;Boue activée faible charge;Epaississement statique gravitaire;Non;Non;N/A;Non;Non;Non;;;0.0;S080000397220;Systeme de collecte - RIVIERE-PILOTE;FRJR108;Grande Rivière Pilote;REJET PRINCIPAL DE RIVIERE-PILOTE;Eau douce de surface;14.4806624;-60.9028378;2024-12-05;2024-12-17;export-as-telechargement(2).csv
2022;080000497220;080000197220;RIVIERE-PILOTE-MANIKOU;Privé;Non déterminé;En service;800.0;48.0;0.0;0.0;0.0;Boue activée faible charge;Epaississement statique gravitaire;Non;Non;N/A;Non;Oui;Non;;;0.0;S080000497220;Systeme de collecte - Manikou 2;FRJR108;Grande Rivière Pilote;REJET PRINCIPAL DE Manikou 2;Eau douce de surface;14.4797256;-60.9062131;2024-12-05;2024-12-17;export-as-telechargement(2).csv
2022;080000597220;080000397220;RIVIERE-PILOTE-MANIKOU_1;Urbain;Non déterminé;En service;200.0;12.0;0.0;114.0;42.0;Boue activée moyenne charge;;Oui;Non;N/A;Non;Oui;Non;;Nombre de bilans d'autosurveillance insuffisant;0.0;S080000597220HS;Systeme de collecte - RIVIERE-PILOTE-Préfontaine;FRJR108;Grande Rivière Pilote;REJET PRINCIPAL DE RIVIERE-PILOTE-Préfontaine;Eau douce de surface;14.4807122;-60.9033567;2024-12-05;2024-12-06;export-as-telechargement(2).csv
2022;080000197221;080000197221;Rivière-Salée;Urbain;CAESM;En service;7000.0;420.0;1558.0;14124.0;1134.0;Boue activée aération prolongée (très faible charge);Filtration à bande;Non;Non;Oui;Non;Non;Non;False;Autosurveillance jugée incorrecte par AE /ODE (STEU);0.0;080000197221;SC du STEU : BOURG Grd Case;FRJR110;Salée;Rejet BOURG Grd Case;Eau douce de surface;14.5429332;-60.9769958;2024-12-17;2024-12-17;export-as-telechargement(2).csv
2022;080001697221;080000597221;Rivière-Salée - BOIS TI-BAUME;Privé;Non déterminé;En service;58.0;3.0;0.0;0.0;0.0;Boue activée forte charge;;Non;Non;N/A;Non;Non;Non;;Non transmission de l'autosurveillance (STEU);0.0;S080001697221;Systeme de collecte - RIVIERE-SALEE - BOIS TI-BAUME;;;REJET PRINCIPAL DE RIVIERE-SALEE - BOIS TI-BAUME;Eau douce de surface;;;2024-12-19;2024-12-19;export-as-telechargement(2).csv
2022;080000497221;080000497221;RIVIERE-SALEE-DESMARINIÈRE;Privé;Non déterminé;En service;100.0;6.0;0.0;26.0;13.0;Boue activée forte charge;;Oui;Non;N/A;Non;Oui;Non;;Non transmission de l'autosurveillance (STEU);0.0;S080000497221;Systeme de collecte - RIVIERE-SALEE- 	  Résidence Desmariniè;;;REJET PRINCIPAL DE RIVIERE-SALEE- 	  Résidence Des;Eau douce de surface;;;2024-12-19;2024-12-19;export-as-telechargement(2).csv
2022;080000297221;080000297221;RIVIERE-SALEE-FOND-MASSON;Urbain;CAESM;En service;450.0;27.0;0.0;0.0;0.0;Boue activée faible charge;Epaississement statique gravitaire;Oui;Non;N/A;Non;Oui;Non;;Non transmission complète ou incomplète de l'autosurveillance (STEU);0.0;S080000297221;Systeme de collecte - RIVIERE-SALEE-Fond-Masson;FRJR110;Salée;REJET PRINCIPAL DE RIVIERE-SALEE-Fond-Masson;Eau douce de surface;;;2024-12-17;2024-12-17;export-as-telechargement(2).csv
2022;080000397221;080000397221;RIVIERE-SALEE-KANEL;Urbain;CAESM;En service;200.0;12.0;30.0;145.0;40.0;Boue activée faible charge;Epaississement statique gravitaire;Oui;Oui;N/A;Oui;Oui;Oui;;;0.0;S080000397221;Systeme de collecte - RIVIERE-SALEE-Kanel;FRJR108;Grande Rivière Pilote;REJET PRINCIPAL DE RIVIERE-SALEE-Kanel;Eau douce de surface;;;2024-12-17;2024-12-17;export-as-telechargement(2).csv
2022;080001597221;080000697221;RIVIERE-SALEE-LES-DIGUES;Privé;Non déterminé;En service;320.0;19.0;0.0;0.0;0.0;;;Oui;Non;N/A;Non;Oui;Non;;;0.0;S080001597221;Systeme de collecte - RIVIERE-SALEE-RESIDENCE LES-DIGUES;FRJR108;Grande Rivière Pilote;REJET PRINCIPAL DE RIVIERE-SALEE-RESIDENCE LES-DIG;Eau douce de surface;;;2024-12-05;2024-12-06;export-as-telechargement(2).csv
2022;080000497222;080000297222;ROBERT-VERT-PRE;Urbain;CAP Nord;En service;3000.0;180.0;407.0;1158.0;94.0;Boue activée forte charge;Filtration à bande;Oui;Oui;Oui;Oui;Oui;Oui;True;;1.02;080000497222;SC du STEU : VERT PRE;FRJR113;Lézarde Amont;Rejet VERT PRE;Eau douce de surface;14.6876549;-60.9833201;2024-12-17;2024-12-17;export-as-telechargement(2).csv
2022;080000197226;080000197226;Sainte-Anne - BELFOND;Urbain;CAESM;En service;8000.0;480.0;969.0;4745.0;740.0;Boue activée aération prolongée (très faible charge);Filtration à bande;Oui;Non;Oui;Non;Oui;Non;False;Point de mesure A2 absent;0.0;080000197226;SC du STEU : BELFOND;FRJC010;Baie du Marin;Rejet BELFOND;Eau côtière;14.4458576;-60.8769506;2024-12-17;2024-12-17;export-as-telechargement(2).csv
2022;080000397226;080000297226;Sainte-Anne - RESIDENCE SOLEIL LEVANT;Privé;Non déterminé;En service;250.0;15.0;30.0;83.0;25.0;Boue activée faible charge;Epaississement statique gravitaire;Oui;Non;N/A;Non;Oui;Oui;;;0.0;S080000397226;Systeme de collecte - SAINTE-ANNE-Mahogany;FRJC006;Littoral du Vauclin a Sainte-Anne;REJET PRINCIPAL DE SAINTE-ANNE-Mahogany;Eau douce de surface;;;2024-12-17;2024-12-19;export-as-telechargement(2).csv
2022;080000697226;080000297226;Sainte-Anne - RESIDENCE SOLEIL LEVANT;Privé;Non déterminé;En service;110.0;7.0;0.0;110.0;0.0;Boue activée moyenne charge;Epaississement statique gravitaire;Oui;Non;N/A;Non;Oui;Non;;Non transmission de l'autosurveillance;0.0;S080000697226;Systeme de collecte - SAINTE-ANNE-Résidence Soleil Levant;;;REJET PRINCIPAL DE SAINTE-ANNE-Résidence Soleil Le;Eau douce de surface;;;2024-12-19;2024-12-19;export-as-telechargement(2).csv
2022;080000197227;080000197227;SAINTE-LUCE;Urbain;CAESM;En service;16755.0;1005.0;1402.0;11340.0;1041.0;Bioréacteur à membrane;Centrifugation;Oui;Oui;Oui;Oui;Oui;Oui;True;;68.24;080000197227;SC du STEU : GROS RAISIN;FRJC017;Baie de Sainte-Luce;Rejet GROS RAISIN;Eau côtière;14.4538673;-60.9445776;2024-12-17;2024-12-17;export-as-telechargement(2).csv
2022;080000597227;080000497227;SAINTE-LUCE-BELLEVUE-LADOUR;Urbain;CAESM;En service;450.0;27.0;60.0;113.0;48.0;Boue activée faible charge;Epaississement statique gravitaire;Oui;Oui;N/A;Oui;Oui;Oui;;;0.0;S080000597227;Systeme de collecte - SAINTE-LUCE-Bellevue Ladour;FRJC017;Baie de Sainte-Luce;REJET PRINCIPAL DE SAINTE-LUCE-Bellevue Ladour;Eau douce de surface;14.4769789;-60.9389859;2024-12-17;2024-12-17;export-as-telechargement(2).csv
2022;080000397227;080000397227;SAINTE-LUCE-LES COTEAUX;Urbain;CAESM;En service;1050.0;63.0;249.0;1400.0;173.0;Boue activée faible charge;Lits de séchage;Oui;Oui;N/A;Oui;Oui;Oui;;;0.0;080000397227;SC du STEU : Les Coteaux;FRJR109;Oman;Rejet Les Coteaux;Eau douce de surface;14.4967561;-60.9770167;2024-12-17;2024-12-17;export-as-telechargement(2).csv
2022;080000697227;080000597227;SAINTE-LUCE-RAMA;Privé;Non déterminé;En service;350.0;21.0;0.0;22.0;14.0;Boue activée forte charge;Lits de séchage;Oui;Non;N/A;Non;Oui;Non;;;0.0;S080000697227;Systeme de collecte - SAINTE-LUCE-Collège RAMA;FRJR109;Oman;REJET PRINCIPAL DE SAINTE-LUCE-Collège RAMA;Eau douce de surface;;;2024-12-05;2024-12-06;export-as-telechargement(2).csv
2022;080000297228;080000197228;SAINTE-MARIE;Urbain;CAP Nord;En service;9990.0;599.0;1120.0;1683.0;411.0;Boue activée aération prolongée (très faible charge);Filtration à bande;Oui;Oui;Oui;Oui;Oui;Oui;True;;8.42;080000297228;SC du STEU : POINTE BENIE;FRJC004;Nord-Atlantique, plateau insulaire;Rejet POINTE BENIE;Eau côtière;14.7928877;-61.0033322;2024-12-05;2024-12-06;export-as-telechargement(2).csv
2022;080001497228;080000897228;SAINTE-MARIE-BONAIR;Urbain;CAP Nord;En service;240.0;14.0;34.0;347.0;22.0;;;Non;Non;N/A;Non;Non;Non;;Mauvaises performances;0.0;S080001497228;Systeme de collecte - SAINTE-MARIE-Bonair-EX-SIMAR;FRJR106;Galion;REJET PRINCIPAL DE SAINTE-MARIE-Bonair-EX-SIMAR;Eau douce de surface;;;2024-12-05;2024-12-06;export-as-telechargement(2).csv
2022;080000797228;080000697228;SAINTE-MARIE-CUISINE SCOLAIRE;Privé;Non déterminé;En service;500.0;30.0;0.0;0.0;0.0;Boue activée faible charge;Lits de séchage;Oui;Non;N/A;Non;Oui;Non;;Non transmission de l'autosurveillance (STEU);0.0;S080000797228;Systeme de collecte - SAINTE-MARIE-Cuisine scolaire;;;REJET PRINCIPAL DE SAINTE-MARIE-Cuisine scolaire;Eau douce de surface;;;2024-12-05;2024-12-06;export-as-telechargement(2).csv
2022;080000397228;080000497228;SAINTE-MARIE-RECULÉE;Urbain;CAP Nord;En service;800.0;48.0;95.0;0.0;0.0;Boue activée faible charge;Lits de séchage;Non;Non;N/A;Non;Non;Non;;Non transmission complète ou incomplète de l'autosurveillance (STEU);0.0;S080000397228;Systeme de collecte - Reculée;FRJR106;Galion;REJET PRINCIPAL DE Reculée;Eau douce de surface;14.7770263;-61.032537;2024-12-05;2024-12-06;export-as-telechargement(2).csv
2022;080000897228;080000797228;SAINTE-MARIE-ROSE-DES-VENTS;Privé;Non déterminé;En service;350.0;21.0;0.0;53.0;32.0;Boue activée faible charge;;Oui;Non;N/A;Non;Oui;Non;;;0.0;S080000897228;Systeme de collecte - SAINTE-MARIE-Rose des Vents;;;REJET PRINCIPAL DE SAINTE-MARIE-Rose des Vents;Eau douce de surface;;;2024-12-05;2024-12-06;export-as-telechargement(2).csv
2022;080001097228;080000597228;SAINTE-MARIE-SAINT PAUL;Privé;Non déterminé;En service;54.0;3.0;0.0;0.0;0.0;Biofiltre;;Non;Non;N/A;Non;Non;Non;;Non transmission de l'autosurveillance;0.0;S080001097228;Systeme de collecte - SAINTE-MARIE-St Paul;FRJR105;Sainte-Marie;REJET PRINCIPAL DE SAINTE-MARIE-St Paul;Eau douce de surface;14.7475419;-61.0117044;2024-12-19;2024-12-19;export-as-telechargement(2).csv
2022;080000197223;080000197223;SAINT-ESPRIT;Urbain;CAESM;En service;1250.0;75.0;440.0;1755.0;145.0;Boue activée aération prolongée (très faible charge);Lits de séchage;Non;Non;Oui;Non;Non;Non;False;Autosurveillance jugée incorrecte par AE /ODE (STEU);0.0;080000197223;SC du STEU : PETIT FOND;FRJR110;Salée;Rejet PETIT FOND;Eau douce de surface;14.5560529;-60.9426233;2024-12-05;2024-05-15;export-as-telechargement(2).csv
2022;080000497223;080000197223;SAINT-ESPRIT;Privé;Non déterminé;En service;1800.0;108.0;0.0;1800.0;0.0;Boue activée faible charge;Filtration à plateaux;Non;Non;Oui;Non;Non;Non;False;Non transmission complète ou incomplète de l'autosurveillance (STEU);2.04;S080000497223;SC du STEU : ZAC Avenir;FRJR110;Salée;Rejet ZAC Avenir;Rejet diffus;14.5586776;-60.9379694;2024-12-05;2024-05-15;export-as-telechargement(2).csv
2022;080000297223;080000297223;SAINT-ESPRIT-PETER-MAILLET;Urbain;CAESM;En service;200.0;12.0;30.0;217.0;20.0;Boue activée faible charge;Lits de séchage;Oui;Oui;N/A;Oui;Oui;Oui;;;0.0;S080000297223;Systeme de collecte - SAINT-ESPRIT-Peter maillet;FRJR110;Salée;REJET PRINCIPAL DE SAINT-ESPRIT-Peter maillet;Eau douce de surface;;;2024-12-17;2024-12-17;export-as-telechargement(2).csv
2022;080000397223;080000397223;Saint-Esprit - REGALE;Urbain;CAESM;En service;250.0;15.0;30.0;162.0;18.0;Boue activée faible charge;Lits de séchage;Oui;Oui;N/A;Oui;Oui;Oui;;;0.0;S080000397223;Systeme de collecte - SAINT-ESPRIT-Régale;FRJR110;Salée;REJET PRINCIPAL DE SAINT-ESPRIT-Régale;Eau douce de surface;14.544151;-60.914949;2024-12-17;2024-12-17;export-as-telechargement(2).csv
2022;080000897223;080000497223;Saint-Esprit - RESIDENCE LES COULISSES;Privé;Non déterminé;En service;225.0;14.0;0.0;128.0;32.0;Boue activée faible charge;Filtres plantés (autres);Oui;Non;N/A;Non;Oui;Non;;Non transmission de l'autosurveillance (STEU);0.0;S080000897223;Systeme de collecte - SAINT-ESPRIT-Grand-Bassin;;;REJET PRINCIPAL DE SAINT-ESPRIT-Grand-Bassin;Eau douce de surface;;;2024-12-05;2024-12-06;export-as-telechargement(2).csv
2022;080000797224;080000797224;SAINT-JOSEPH-BAMBOU-DUCHAMP;Urbain;CACEM;En service;100.0;6.0;0.0;4.0;14.0;Boue activée moyenne charge;;Oui;Non;N/A;Non;Oui;Non;;Non transmission de l'autosurveillance (STEU);0.0;S080000797224;Systeme de collecte - SAINT-JOSEPH-Bambou-Duchamp;;;REJET PRINCIPAL DE SAINT-JOSEPH-Bambou-Duchamp;Eau douce de surface;;;2024-12-19;2024-12-19;export-as-telechargement(2).csv
2022;080000897224;080000897224;SAINT-JOSEPH-BELLE-ETOILE;Urbain;CACEM;En service;500.0;30.0;0.0;0.0;0.0;Boue activée moyenne charge;Epaississement statique gravitaire;Oui;Non;N/A;Non;Oui;Non;;Non transmission complète ou incomplète de l'autosurveillance (STEU);0.0;S080000897224;Systeme de collecte - SAINT-JOSEPH-Belle-Etoile;FRJT003;Mangrove de la riviere Lezarde;REJET PRINCIPAL DE SAINT-JOSEPH-Belle-Etoile;Eau douce de surface;14.6702394;-61.0283521;2024-12-05;2024-12-06;export-as-telechargement(2).csv
2022;080002497224;080001197224;SAINT-JOSEPH-CHOCO-CHOISY;Urbain;CACEM;En service;1060.0;64.0;0.0;0.0;0.0;Disques biologiques;;Oui;Non;N/A;Non;Oui;Non;;Non transmission complète ou incomplète de l'autosurveillance (STEU);0.0;S080002497224;Systeme de collecte - SAINT-JOSEPH;;;REJET PRINCIPAL DE SAINT-JOSEPH;Eau douce de surface;;;2024-12-05;2024-12-06;export-as-telechargement(2).csv
2022;080000297224;080000297224;SAINT-JOSEPH-CHOISY;Urbain;CACEM;En service;200.0;12.0;0.0;0.0;0.0;Boue activée forte charge;Epaississement statique gravitaire;Oui;Non;N/A;Non;Oui;Non;;Non transmission de l'autosurveillance (STEU);0.0;S080000297224;Systeme de collecte - SAINT-JOSEPH;;;REJET PRINCIPAL DE SAINT-JOSEPH;Eau douce de surface;;;2024-12-05;2024-12-06;export-as-telechargement(2).csv
2022;080001397224;080001297224;SAINT-JOSEPHGONDEAU MONTROSE;Urbain;CACEM;En service;150.0;9.0;0.0;150.0;22.0;;;Oui;Non;N/A;Non;Oui;Non;;Non transmission de l'autosurveillance (STEU);0.0;S080001397224;Systeme de collecte - SAINT-JOSEPH-Gondeau Montrose;;;REJET PRINCIPAL DE SAINT-JOSEPH-Gondeau Montrose;Eau douce de surface;;;2024-12-19;2024-12-19;export-as-telechargement(2).csv
2022;080002197224;080001097224;SAINT-JOSEPH-GONDEAU MONTROSE SILM;Privé;Non déterminé;En service;700.0;42.0;0.0;0.0;0.0;Boue activée faible charge;;Non;Non;N/A;Non;Non;Non;;Non transmission complète ou incomplète de l'autosurveillance (STEU);0.0;S080002197224;Systeme de collecte - SAINT-JOSEPH-Gondeau Montrose SILM;;;REJET PRINCIPAL DE SAINT-JOSEPH-Gondeau Montrose S;Eau douce de surface;;;2024-12-05;2024-12-06;export-as-telechargement(2).csv
2022;080001197224;080000997224;SAINT-JOSEPH-LA CHAPPELLE;Privé;Non déterminé;En service;800.0;48.0;0.0;0.0;0.0;Filtres Plantés;;Oui;Non;N/A;Non;Oui;Non;;Mauvaises performances;0.0;S080001197224;Systeme de collecte - SAINT-JOSEPH-La Chappelle;;;REJET PRINCIPAL DE SAINT-JOSEPH-La Chappelle;Eau douce de surface;;;2024-12-05;2024-12-06;export-as-telechargement(2).csv
2022;080000397224;080000397224;Saint-JosephLES HAMEAUX;Urbain;CACEM;En service;200.0;12.0;0.0;44.0;30.0;Boue activée faible charge;Epaississement statique gravitaire;Oui;Non;N/A;Non;Oui;Non;;Non transmission de l'autosurveillance (STEU);0.0;S080000397224;Systeme de collecte - SAINT-JOSEPH-Les Hammeaux;FRJR112;Lézarde Moyenne;REJET PRINCIPAL DE SAINT-JOSEPH-Les Hammeaux;Eau douce de surface;14.6719964;-61.0224325;2024-12-19;2024-12-19;export-as-telechargement(2).csv
2022;080000197224;080000197224;SAINT-JOSEPH-MARTINIQUE;Urbain;CACEM;En service;2500.0;150.0;333.0;3896.0;299.0;Boue activée forte charge;Centrifugation;Non;Non;Oui;Non;Non;Non;False;Mauvaises performances;12.94;080000197224;SC du STEU : ROSIERES;FRJT003;Mangrove de la riviere Lezarde;Rejet ROSIERES;Eau douce de surface;14.6679289;-61.0383053;2024-12-05;2024-12-06;export-as-telechargement(2).csv
2022;080001597224;080001697224;Saint-Joseph MORNE BASSET;Urbain;CACEM;En service;75.0;5.0;0.0;0.0;0.0;Boue activée faible charge;;Non;Non;N/A;Non;Non;Non;;Non transmission de l'autosurveillance (STEU);0.0;080001597224;Systeme de collecte - MORNE BASSET;;;REJET PRINCIPAL DE MORNE BASSET;Eau douce de surface;;;2024-12-19;2024-12-19;export-as-telechargement(2).csv
2022;080002797224;080001797224;Saint-Joseph - MORNE BASSET 2;Urbain;CACEM;En service;75.0;5.0;0.0;0.0;0.0;;;Non;Non;N/A;Non;Non;Non;;Non transmission de l'autosurveillance (STEU);0.0;S080002797224;Systeme de collecte - SAINT-JOSEPH MORNE BASSET 2;;;REJET PRINCIPAL DE SAINT-JOSEPH MORNE BASSET 2;Eau douce de surface;;;2024-12-19;2024-12-19;export-as-telechargement(2).csv
2022;080002097224;080001397224;Saint-Joseph- POW'ROSE - BELLE ETOILE 2;Privé;Non déterminé;En service;280.0;17.0;0.0;385.0;41.0;;;Oui;Non;N/A;Non;Oui;Non;;;0.0;S0897224XXXXX;Systeme de collecte - SAINT-JOSEPH;;;REJET PRINCIPAL DE SAINT-JOSEPH;Eau douce de surface;;;2024-12-05;2024-12-06;export-as-telechargement(2).csv
2022;080000697224;080000697224;SAINT-JOSEPH-PRESQU'ÎLE;Urbain;CACEM;En service;50.0;3.0;0.0;10.0;7.0;Boue activée moyenne charge;;Oui;Non;N/A;Non;Oui;Non;;Non transmission de l'autosurveillance (STEU);0.0;S080000697224;Systeme de collecte - SAINT-JOSEPH;FRJR113;Lézarde Amont;REJET PRINCIPAL DE SAINT-JOSEPH;Eau douce de surface;;;2024-12-19;2024-12-19;export-as-telechargement(2).csv
2022;080002297224;080001597224;Saint-Joseph-RAMEDACE NORD;Urbain;CACEM;En service;400.0;24.0;0.0;0.0;0.0;;;Non;Non;N/A;Non;Non;Non;;Absence de bilan annuel de fonctionnement;0.0;S080002297224;Systeme de collecte - Ramedace Nord;;;REJET PRINCIPAL DE RAMEDACE NORD;Eau douce de surface;;;2024-12-05;2024-12-06;export-as-telechargement(2).csv
2022;080000597224;080000597224;SAINT-JOSEPH-RAVINE BANCHE NORD;Urbain;CACEM;En service;125.0;8.0;0.0;12.0;10.0;Boue activée faible charge;Epaississement statique gravitaire;Oui;Non;N/A;Non;Oui;Non;;Mauvaises performances;0.0;S080000597224;Systeme de collecte - SAINT-JOSEPH;FRJR114;Blanche;REJET PRINCIPAL DE SAINT-JOSEPH;Eau douce de surface;14.6755442;-61.0209432;2024-12-05;2024-12-06;export-as-telechargement(2).csv
2022;080000497224;080000497224;SAINT-JOSEPH-RAVINE BLANCHE SUD;Urbain;CACEM;En service;250.0;15.0;0.0;0.0;0.0;Boue activée forte charge;Epaississement statique gravitaire;Oui;Non;N/A;Non;Oui;Non;;Absence de bilan annuel de fonctionnement;0.0;S080000497224;Systeme de collecte - SAINT-JOSEPH-Ravine Blanche Sud;FRJR114;Blanche;REJET PRINCIPAL DE SAINT-JOSEPH-Ravine Blanche Sud;Eau douce de surface;14.6717565;-61.0229081;2024-12-05;2024-12-06;export-as-telechargement(2).csv
2022;08003097224;080001497224;SAINT-JOSEPH-RAVINE-CHARMEUSE;Privé;Non déterminé;En service;470.0;28.0;0.0;0.0;0.0;Prétraitements;Filtres plantés (autres);Oui;Oui;N/A;Oui;Oui;Oui;;;0.0;S 08003097224;Systeme de collecte - SAINT-JOSEPH;;;REJET PRINCIPAL DE SAINT-JOSEPH;Eau douce de surface;;;2024-12-05;2024-12-06;export-as-telechargement(2).csv
2022;080000397225;080000297225;SAINT-PIERRE-CDST;Privé;Non déterminé;En service;150.0;9.0;0.0;0.0;0.0;Boue activée forte charge;;Non;Non;N/A;Non;Non;Non;;Non transmission de l'autosurveillance (STEU);0.0;S080000397225;Systeme de collecte - SAINT-PIERRE-CDST;FRJC002;Nord-Caraibe;REJET PRINCIPAL DE SAINT-PIERRE-CDST;Eau douce de surface;14.7558013;-61.1794683;2024-12-19;2024-12-19;export-as-telechargement(2).csv
2022;080000297225;080000497225;SAINT-PIERRE-LEP ST JAMES;Privé;Non déterminé;En service;500.0;30.0;0.0;0.0;0.0;Boue activée faible charge;;Oui;Non;N/A;Non;Oui;Non;;;0.0;S080000297225;Systeme de collecte - SAINT-PIERRE-LEP St James;FRJC002;Nord-Caraibe;REJET PRINCIPAL DE SAINT-PIERRE-LEP St James;Eau douce de surface;14.7459726;-61.169669;2024-12-05;2024-12-06;export-as-telechargement(2).csv
2022;080000797225;080000397225;SAINT-PIERRE-MANFÉNIL LLS HABITATION BEA;Privé;Non déterminé;En service;650.0;39.0;0.0;0.0;0.0;Boue activée faible charge;Epaississement statique gravitaire;Oui;Non;N/A;Non;Oui;Non;;;0.0;S080000797225;Systeme de collecte - SAINT-PIERRE-Manfénil;FRJG203;Domaine Nord Caraïbe;REJET PRINCIPAL DE SAINT-PIERRE-Manfénil;Eau douce de surface;14.7618971;-61.1834947;2024-12-05;2024-12-06;export-as-telechargement(2).csv
2022;080000197225;080000197225;SAINT-PIERRE-MARTINIQUE;Urbain;CAP Nord;En service;4000.0;240.0;493.0;3370.0;355.0;Boue activée faible charge;Centrifugation;Non;Oui;Oui;Non;Non;Oui;False;;6.05;080000197225;SC du STEU : FOND CORRE;FRJC004;Nord-Atlantique, plateau insulaire;Rejet FOND CORRE;Eau côtière;14.7585693;-61.1866893;2024-12-17;2024-12-17;export-as-telechargement(2).csv
2022;080000297229;080000297229;SCHOELCHERFOND LAHAYE;Urbain;CACEM;En service;4000.0;240.0;934.0;2750.0;386.0;Boue activée aération prolongée (très faible charge);Filtration à bande;Non;Non;Oui;Non;Non;Non;False;Point de mesure A2 absent;3.85;080000297229;SC du STEU : FOND LAYAHE;FRJC002;Nord-Caraibe;Rejet FOND LAHAYE;Eau douce de surface;14.633484;-61.1075265;2024-12-05;2024-12-06;export-as-telechargement(2).csv
2022;080000197230;080000197230;TRINITE-DESMARINIERES;Urbain;CAP Nord;En service;10000.0;600.0;851.0;4076.0;675.0;Boue activée aération prolongée (très faible charge);Filtration à bande;Non;Non;Oui;Non;Non;Non;False;Point de mesure A2 absent;54.22;080000197230;SC du STEU : DESMARINIERES;FRJC014;Baie du Galion;Rejet DESMARINIERES;Eau côtière;14.7305449;-60.9578472;2024-12-17;2024-12-17;export-as-telechargement(2).csv
2022;080001097230;080000497230;TRINITE-LA VALÉRIANNE;Privé;Non déterminé;En service;110.0;7.0;0.0;0.0;0.0;Boue activée moyenne charge;;Non;Non;N/A;Non;Non;Non;;Non transmission de l'autosurveillance (STEU);0.0;S080001097230;Systeme de collecte - TRINITE;FRJC012;Baie de La Trinite;REJET PRINCIPAL DE TRINITE;Eau douce de surface;14.7448676;-60.9742885;2024-12-19;2024-12-19;export-as-telechargement(2).csv
2022;080000397230;080000397230;TRINITE-QUARTIER BAC;Urbain;CAP Nord;En service;1000.0;60.0;90.0;127.0;80.0;Boue activée faible charge;Lits de séchage;Non;Oui;N/A;Non;Non;Oui;;;0.0;080000397230;SC du STEU : Quartier Bac;;;Rejet Quartier Bac;Eau douce de surface;14.7266525;-60.9468717;2024-12-17;2024-12-17;export-as-telechargement(2).csv
2022;080000197231;080000197231;TROIS-ILETS;Urbain;CAESM;En service;12500.0;750.0;1879.0;9248.0;1469.0;Boue activée aération prolongée (très faible charge);Filtration à bande;Non;N/A;Oui;Non;Non;Non;False;Mauvaises performances;0.0;080000197231;SC du STEU : ANSE MARETTE;FRJC001;Baie de Genipa;Rejet ANSE MARETTE;Eau côtière;14.5340544;-61.038054;2024-12-17;2024-12-17;export-as-telechargement(2).csv
2022;080000297231;080000297231;TROIS-ILETS-LA FERME;Urbain;CAESM;En service;200.0;12.0;30.0;200.0;30.0;Boue activée faible charge;Epaississement statique gravitaire;Oui;Non;N/A;Non;Oui;Non;;;0.0;S080000297231;Systeme de collecte - TROIS-ILETS-La Ferme;FRJC001;Baie de Genipa;REJET PRINCIPAL DE TROIS-ILETS-La Ferme;Eau douce de surface;;;2024-12-17;2024-12-17;export-as-telechargement(2).csv
2022;080000197232;080000197232;VAUCLIN-BOURG;Urbain;CAESM;En service;5000.0;300.0;1104.0;3720.0;661.0;Boue activée forte charge;Filtration à bande;Non;Non;Oui;Non;Non;Non;False;Autosurveillance jugée incorrecte par AE /ODE (STEU);26.54;080000197232;SC du STEU : BOURG;FRJC008;Littoral du Francois au Vauclin;Rejet BOURG;Eau côtière;14.5493998;-60.8410554;2024-12-17;2024-12-17;export-as-telechargement(2).csv
2022;080000297232;080000297232;VAUCLIN-GRANDE CASE;Urbain;CAESM;En service;600.0;36.0;40.0;173.0;20.0;Boue activée faible charge;Epaississement statique gravitaire;Non;Non;N/A;Non;Non;Non;;;0.0;080000297232;SC du STEU : GRANDE CASE;FRJR017;-;Rejet GRANDE CASE;Eau douce de surface;14.5696454;-60.8711685;2024-12-17;2024-12-17;export-as-telechargement(2).csv
